{
  "type": "FeatureCollection",
  "generator": "overpass-turbo",
  "copyright": "The data included in this document is from www.openstreetmap.org. The data is made available under ODbL.",
  "timestamp": "2026-07-10T08:02:44Z",
  "features": [
    {
      "type": "Feature",
      "properties": {
        "@id": "relation/445498",
        "amenity": "place_of_worship",
        "building": "mosque",
        "historic": "heritage",
        "name": "جامع الحاكم بأمر الله",
        "name:ar": "جامع الحاكم بأمر الله",
        "name:en": "Mosque Al HakIm Bi Amr Allah",
        "name:ko": "알-하킴 비 암릴라 모스크",
        "religion": "muslim",
        "type": "multipolygon",
        "wikidata": "Q775838",
        "@geometry": "center"
      },
      "geometry": {
        "type": "Point",
        "coordinates": [
          31.2637637,
          30.0545133
        ]
      },
      "id": "relation/445498"
    },
    {
      "type": "Feature",
      "properties": {
        "@id": "relation/446128",
        "addr:city": "Cairo",
        "addr:street": "شارع صلاح الدين",
        "alt_name": "مسجد محمد علي",
        "alt_name:en": "Alabaster Mosque",
        "alt_name:es": "Mezquita de Alabastro",
        "alt_name:pt": "Mesquita de Alabastro",
        "amenity": "place_of_worship",
        "building": "mosque",
        "building:architecture": "ottoman",
        "building:material": "stone",
        "denomination": "sunni",
        "height": "8",
        "historic": "mosque",
        "historic:civilization": "ottoman",
        "name": "مسجد محمد علي",
        "name:ar": "مسجد محمد علي",
        "name:cs": "Mešita Muhammada Alího",
        "name:en": "Mosque of Muhammad Ali",
        "name:fa": "مسجد محمد علی",
        "name:pt": "Mesquita de Muhammad Ali",
        "religion": "muslim",
        "start_date": "1848",
        "type": "multipolygon",
        "wikidata": "Q652046",
        "wikipedia": "en:Mosque of Muhammad Ali",
        "@geometry": "center"
      },
      "geometry": {
        "type": "Point",
        "coordinates": [
          31.2596163,
          30.0290726
        ]
      },
      "id": "relation/446128"
    },
    {
      "type": "Feature",
      "properties": {
        "@id": "relation/446129",
        "addr:city": "Cairo",
        "alt_name": "مسجد قلاون",
        "amenity": "place_of_worship",
        "building": "mosque",
        "building:architecture": "mamluk",
        "denomination": "sunni",
        "historic": "mosque",
        "historic:civilization": "medieval",
        "historic:period": "mamluk_sultanate",
        "name": "جامع الناصر محمد بن قلاوون",
        "name:ar": "جامع الناصر محمد بن قلاوون",
        "name:en": "Mosque Of Al Nasser Mohammad Ibn Qalaun",
        "name:fa": "مسجد النصیر محمد بن قلاوون",
        "religion": "muslim",
        "start_date": "1318",
        "type": "multipolygon",
        "wikidata": "Q1707580",
        "wikipedia": "en:Al-Nasir Muhammad Mosque",
        "@geometry": "center"
      },
      "geometry": {
        "type": "Point",
        "coordinates": [
          31.2607281,
          30.029306
        ]
      },
      "id": "relation/446129"
    },
    {
      "type": "Feature",
      "properties": {
        "@id": "relation/2061990",
        "community": "monks",
        "denomination": "orthodox",
        "heritage": "1",
        "heritage:operator": "whc",
        "name": "دير القديسة كاترينا",
        "name:ar": "دير القديسة كاترينا",
        "name:ar1": "دير القديسة كاترينا",
        "name:de": "Katharinenkloster",
        "name:en": "Saint Catherine's Monastery of Mount Sinai",
        "name:es": "Monasterio de Santa Catalina del Monte Sinaí",
        "name:fr": "Monastère Sainte-Catherine du Sinaï",
        "name:grc": "Μονὴ τῆς Ἁγίας Αἰκατερίνης",
        "name:it": "Monastero di Santa Caterina",
        "name:la": "Monasterium Sanctae Catharinae",
        "name:pnb": "خانقاہ مقدسہ کیتھرین",
        "name:pt": "Mosteiro Ortodoxo de Santa Catarina",
        "name:ru": "Монастырь Святой Екатерины",
        "name:sr": "Манастир Свете Катарине на Синају",
        "name:uk": "Монастир святої Катерини",
        "name:ur": "خانقاہ مقدسہ کیتھرین",
        "ref:whc": "954",
        "religion": "christian",
        "site": "monastery",
        "type": "site",
        "whc:inscription_date": "2002",
        "wikidata": "Q185362",
        "wikipedia": "ar:دير سانت كاترين",
        "@geometry": "center"
      },
      "geometry": {
        "type": "Point",
        "coordinates": [
          33.9760416,
          28.5559367
        ]
      },
      "id": "relation/2061990"
    },
    {
      "type": "Feature",
      "properties": {
        "@id": "way/4420396",
        "addr:city": "Giza",
        "addr:country": "EG",
        "building": "yes",
        "charge": "1.1$",
        "fee": "yes",
        "height": "136",
        "historic": "tomb",
        "historic:civilization": "ancient_egyptian",
        "image": "https://photos.app.goo.gl/TrzoLH4G6qyi7Gq1A",
        "int_name": "Pyramid of Khafre",
        "landmark": "2",
        "mapillary": "381050649968350",
        "material": "stone",
        "name": "هرم خفرع",
        "name:ar": "هرم خفرع",
        "name:cs": "Rachefova pyramida",
        "name:de": "Chephren-Pyramide",
        "name:el": "Πυραμίδα του Χεφρήνου",
        "name:en": "Pyramid of Khafre",
        "name:eo": "piramido de Ĥafra",
        "name:es": "Pirámide de Kefrén",
        "name:fa": "هرم خفرع",
        "name:fr": "Pyramide de Khéphren",
        "name:hi": "खाफ्रे का पिरामिड",
        "name:hu": "Kefrén piramis, Hafré piramis",
        "name:it": "Piramide di Chefren",
        "name:ja": "カフラー王のピラミッド",
        "name:ko": "카프레의 피라미드",
        "name:ml": "ഖഫ്രെ പിരമിഡ്",
        "name:nl": "Piramide van Chefren",
        "name:pl": "Piramida Chefrena",
        "name:pt": "Pirâmide de Quéfren",
        "name:ru": "пирамида Хефрена",
        "name:sk": "Rachefova pyramída",
        "name:sv": "Chefrens pyramid",
        "name:tt": "Хәфрә пирамидасы",
        "name:uk": "Піраміда Хефрена",
        "name:zh": "卡夫拉金字塔",
        "roof:colour": "#F69B3C",
        "roof:height": "136",
        "roof:material": "brick",
        "roof:shape": "pyramidal",
        "tomb": "pyramid",
        "tourism": "attraction",
        "wikidata": "Q208358",
        "wikimedia_commons": "Category:Pyramid of Khafra",
        "wikipedia": "en:Pyramid of Khafre",
        "@geometry": "center"
      },
      "geometry": {
        "type": "Point",
        "coordinates": [
          31.1307366,
          29.9759896
        ]
      },
      "id": "way/4420396"
    },
    {
      "type": "Feature",
      "properties": {
        "@id": "way/4420397",
        "access": "permissive",
        "addr:city": "Giza",
        "addr:country": "EG",
        "alt_name": "الهرم الأكبر",
        "alt_name:cs": "Velká pyramida",
        "alt_name:de": "Große Pyramide",
        "alt_name:en": "Pyramid of Cheops",
        "alt_name:eo": "granda piramido de Gizo",
        "alt_name:es": "Gran Pirámide de Guiza",
        "alt_name:ja": "ギザの大ピラミッド",
        "alt_name:pl": "Wielka Piramida w Gizie",
        "alt_name:tt": "Хеопс пирамидасы",
        "alt_name:zh": "大金字塔",
        "building": "yes",
        "building:architecture": "Ancient Egyptian",
        "building:levels": "40",
        "charge": "Foreigner 1500 EGP and students 750 EGP, nationals 150 EGP and students 70 EGP",
        "fee": "yes",
        "height": "138.8",
        "historic": "tomb",
        "historic:civilization": "ancient_egyptian",
        "image": "https://photos.app.goo.gl/QsB8gaiFxXEsKHU4A",
        "int_name": "Pyramid of Khufu",
        "landmark": "2",
        "mapillary": "479377339829019",
        "material": "limestone;tora-limestone;granite",
        "name": "هرم خوفو",
        "name:ar": "هرم خوفو",
        "name:cs": "Chufuova pyramida",
        "name:da": "Den store pyramide i Giza",
        "name:de": "Cheops-Pyramide",
        "name:el": "Πυραμίδα του Χέοπα",
        "name:en": "Great Pyramid of Giza",
        "name:eo": "piramido de Keopso",
        "name:es": "Pirámide de Keops",
        "name:et": "Cheopsi püramiid",
        "name:fa": "هرم بزرگ جیزه",
        "name:fi": "Kheopsin pyramidi",
        "name:fr": "Pyramide de Khéops",
        "name:he": "הפירמידה הגדולה של גיזה",
        "name:hi": "गीज़ा के महान पिरामिड",
        "name:hu": "Gízai Nagy Piramis, Khufu - Keops piramis",
        "name:it": "Piramide di Cheope",
        "name:ja": "クフ王のピラミッド",
        "name:ko": "기자의 대피라미드",
        "name:ku": "Pîramîda Keops",
        "name:ml": "ഗിസയിലെ ബൃഹത് പിരമിഡ്",
        "name:nl": "Pyramide van Cheops",
        "name:pl": "Piramida Cheopsa",
        "name:pt": "Pirâmide de Quéops",
        "name:ro": "Piramida lui Keops",
        "name:ru": "Пирамида Хеопса",
        "name:sk": "Chufuova pyramída",
        "name:sv": "Cheopspyramiden",
        "name:th": "พีระมิดคูฟู",
        "name:tt": "Гизаның Бөек пирамидасы",
        "name:uk": "піраміда Хеопса",
        "name:vi": "Kim tự tháp Kheops",
        "name:yue": "胡夫金字塔",
        "name:zh": "胡夫金字塔",
        "old_name": "Pyramid of Cheops",
        "old_name:cs": "Cheopsova pyramida",
        "old_name:de": "Horizont des Cheops",
        "old_name:egy": "3ḫt ḫwfw",
        "roof:colour": "#F69B3C",
        "roof:height": "138",
        "roof:material": "brick",
        "roof:shape": "pyramidal",
        "tomb": "pyramid",
        "tourism": "attraction",
        "wikidata": "Q37200",
        "wikimedia_commons": "Category:Great Pyramid of Giza",
        "wikipedia": "en:Great Pyramid of Giza",
        "wikipedia:de": "Cheops-Pyramide",
        "wikipedia:en": "Great Pyramid of Giza",
        "@geometry": "center"
      },
      "geometry": {
        "type": "Point",
        "coordinates": [
          31.1342122,
          29.97917
        ]
      },
      "id": "way/4420397"
    },
    {
      "type": "Feature",
      "properties": {
        "@id": "way/4420398",
        "addr:city": "Giza",
        "addr:country": "EG",
        "building": "yes",
        "height": "66",
        "historic": "tomb",
        "historic:civilization": "ancient_egyptian",
        "image": "https://photos.app.goo.gl/Di3WrTWcYykQpUKHA",
        "int_name": "Pyramid of Menkaure",
        "mapillary": "161964609138810",
        "material": "stone",
        "name": "هرم منقرع",
        "name:ar": "هرم منقرع",
        "name:cs": "Menkaureova pyramida",
        "name:de": "Mykerinos-Pyramide",
        "name:el": "Πυραμίδα του Μυκερίνου",
        "name:en": "Pyramid of Menkaure",
        "name:eo": "piramido de Menkaure",
        "name:es": "Pirámide de Micerinos",
        "name:fa": "هرم منکورع",
        "name:fr": "Pyramide de Mykérinos",
        "name:hi": "मेंकौरे का पिरामिड",
        "name:hu": "Menkauré-piramis",
        "name:it": "Piramide di Micerino",
        "name:ko": "멘카우레의 피라미드",
        "name:ml": "മെൻങ്കൗരെ പിരമിഡ്",
        "name:pl": "Piramida Mykerinosa",
        "name:pt": "Pirâmide de Miquerinos",
        "name:ru": "пирамида Микерина",
        "name:sk": "Menkaureova pyramída",
        "name:sv": "Menkauras pyramid",
        "name:tt": "Менкаур пирамидасы",
        "name:uk": "піраміда Мікерина",
        "name:zh-Hans": "孟卡拉金字塔",
        "name:zh-Hant": "門卡拉金字塔",
        "roof:colour": "#F69B3C",
        "roof:height": "66",
        "roof:material": "brick",
        "roof:shape": "pyramidal",
        "tomb": "pyramid",
        "tourism": "attraction",
        "wikidata": "Q238623",
        "wikimedia_commons": "Category:Pyramid of Menkaure",
        "wikipedia": "en:Giza East Field",
        "@geometry": "center"
      },
      "geometry": {
        "type": "Point",
        "coordinates": [
          31.1282609,
          29.9725095
        ]
      },
      "id": "way/4420398"
    },
    {
      "type": "Feature",
      "properties": {
        "@id": "way/5772319",
        "alt_name": "جزيرة كيتشنر",
        "alt_name:en": "Kitchener's Island",
        "garden:type": "botanical",
        "leisure": "garden",
        "name": "الحديقة النباتية بأسوان",
        "name:ar": "الحديقة النباتية بأسوان",
        "name:en": "Aswan Botanical Garden",
        "place": "islet",
        "tourism": "attraction",
        "wikidata": "Q1743861",
        "wikimedia_commons": "Category:Kitchener's Island",
        "wikipedia": "en:Kitchener's Island",
        "@geometry": "center"
      },
      "geometry": {
        "type": "Point",
        "coordinates": [
          32.8870308,
          24.0937666
        ]
      },
      "id": "way/5772319"
    },
    {
      "type": "Feature",
      "properties": {
        "@id": "relation/7374359",
        "boundary": "protected_area",
        "heritage": "1",
        "heritage:operator": "whc",
        "historic:civilization": "ancient_egyptian",
        "name": "مدينة طيبة القديمة ومقبرتها",
        "name:de": "Antikes Theben mit seiner Nekropole",
        "name:en": "Ancient Thebes with its Necropolis",
        "name:es": "Antigua Tebas y su necrópolis",
        "name:fa": "شهر باستانی تبس و قبرستان آن",
        "name:fr": "Thèbes antique et sa nécropole",
        "name:ja": "古代都市テーベとその墓地遺跡",
        "name:nl": "Oude stad Thebe met haar necropolis",
        "name:ru": "Древние Фивы с их некрополями",
        "name:zh": "底比斯古城及其墓地",
        "protect_class": "98",
        "ref:whc": "87",
        "type": "multipolygon",
        "whc:criteria": "(i),(iii),(vi)",
        "whc:inscription_date": "1979",
        "wikidata": "Q65821410",
        "@geometry": "center"
      },
      "geometry": {
        "type": "Point",
        "coordinates": [
          32.6117131,
          25.7057129
        ]
      },
      "id": "relation/7374359"
    },
    {
      "type": "Feature",
      "properties": {
        "@id": "relation/7374444",
        "boundary": "protected_area",
        "heritage": "1",
        "heritage:operator": "whc",
        "heritage:website": "https://whc.unesco.org/en/list/89/",
        "historic": "district",
        "name": "Historic Cairo",
        "name:ar": "القاهرة الإسلاميّة",
        "name:de": "Historisches Kairo",
        "name:es": "El Cairo histórico",
        "name:fa": "قاهره تاریخی",
        "name:fr": "Le Caire historique",
        "name:ja": "カイロ歴史地区",
        "name:nl": "Historisch Caïro",
        "name:ru": "Исламский Каир",
        "name:zh": "开罗古城",
        "protect_class": "98",
        "ref:whc": "89",
        "type": "site",
        "whc:criteria": "(i),(v),(vi)",
        "whc:inscription_date": "1979",
        "@geometry": "center"
      },
      "geometry": {
        "type": "Point",
        "coordinates": [
          31.2488279,
          30.030492
        ]
      },
      "id": "relation/7374444"
    },
    {
      "type": "Feature",
      "properties": {
        "@id": "relation/7393266",
        "building": "temple",
        "historic": "temple",
        "historic:civilization": "ancient_egyptian",
        "material": "stone",
        "ruins": "yes",
        "source": "DuMont Reise-Taschenbuch Ägypten - Die klassische Nilreise",
        "type": "multipolygon",
        "wikidata": "Q1585619",
        "@geometry": "center"
      },
      "geometry": {
        "type": "Point",
        "coordinates": [
          31.1382939,
          29.974737
        ]
      },
      "id": "relation/7393266"
    },
    {
      "type": "Feature",
      "properties": {
        "@id": "relation/8354309",
        "boundary": "protected_area",
        "heritage": "1",
        "heritage:operator": "whc",
        "heritage:website": "https://whc.unesco.org/en/list/88/",
        "name": "معالم النوبة من أبو سمبل إلى فيلة",
        "name:ar": "معالم النوبة من أبو سمبل إلى فيلة",
        "name:de": "Nubische Denkmäler von Abu Simbel bis Philae",
        "name:en": "Nubian Monuments from Abu Simbel to Philae",
        "name:es": "Monumentos de Nubia, desde Abu Simbel hasta Philae",
        "name:fr": "Monuments de Nubie d'Abou Simbel à Philae",
        "name:ja": "アブ・シンベルからフィラエまでのヌビア遺跡群",
        "name:nl": "Nubische monumenten van Abu Simbel tot Philae",
        "name:ru": "Памятники Нубии от Абу-Симбел до Филэ",
        "name:zh": "阿布辛拜勒至菲莱的努比亚遗址",
        "protect_class": "98",
        "ref:whc": "88",
        "type": "site",
        "whc:criteria": "(i),(iii),(vi)",
        "whc:inscription_date": "1979",
        "@geometry": "center"
      },
      "geometry": {
        "type": "Point",
        "coordinates": [
          32.2582084,
          23.2201729
        ]
      },
      "id": "relation/8354309"
    },
    {
      "type": "Feature",
      "properties": {
        "@id": "relation/8986381",
        "historic": "archaeological_site",
        "name:en": "Marina el-Alamein",
        "natural": "sand",
        "tourism": "attraction",
        "type": "multipolygon",
        "wikipedia": "de:Marina el-Alamein",
        "@geometry": "center"
      },
      "geometry": {
        "type": "Point",
        "coordinates": [
          29.0081198,
          30.8244419
        ]
      },
      "id": "relation/8986381"
    },
    {
      "type": "Feature",
      "properties": {
        "@id": "relation/9136648",
        "name:en": "Tombs of the Nobles",
        "tourism": "attraction",
        "type": "multipolygon",
        "wikipedia": "en:Tombs of the Nobles",
        "@geometry": "center"
      },
      "geometry": {
        "type": "Point",
        "coordinates": [
          30.9229953,
          27.638372
        ]
      },
      "id": "relation/9136648"
    },
    {
      "type": "Feature",
      "properties": {
        "@id": "relation/10046265",
        "alt_name:en": "Agilika island",
        "alt_name:pt": "Ilha de Agilica",
        "boundary": "protected_area",
        "heritage": "1",
        "heritage:name": "Philae (Island of Agilkia)",
        "heritage:operator": "whc",
        "name": "جزيرة أجيليكا",
        "name:ar": "جزيرة أجيليكا",
        "name:de": "Agilkia",
        "name:en": "Agilkia Island",
        "name:es": "Isla Agilkia",
        "name:ml": "അഗിൽകിയ ദ്വീപ്",
        "name:pt": "Ilha de Agilquia",
        "place": "islet",
        "protect_class": "98",
        "ref:whc": "88-005",
        "source": "https://whc.unesco.org/en/list/88/multiple=1&unique_number=94",
        "type": "multipolygon",
        "whc:criteria": "(i),(iii),(vi)",
        "whc:inscription_date": "1979",
        "wikidata": "Q2152707",
        "wikipedia": "en:Agilkia Island",
        "@geometry": "center"
      },
      "geometry": {
        "type": "Point",
        "coordinates": [
          32.8842399,
          24.0253944
        ]
      },
      "id": "relation/10046265"
    },
    {
      "type": "Feature",
      "properties": {
        "@id": "way/10873198",
        "addr:city:en": "Cairo",
        "addr:city:fr": "Le Caire",
        "alt_name:en": "Egyptian Museum of Antiquities;Museum of Cairo",
        "alt_name:fr": "Musée égyptien du Caire",
        "building": "museum",
        "building:colour": "#ff7e70",
        "fee": "yes",
        "height": "16",
        "image": "https://photos.app.goo.gl/QAaQ5bzibEfjomnQA",
        "name": "المتحف المصري",
        "name:ar": "المتحف المصري",
        "name:cs": "Egyptské muzeum",
        "name:de": "Ägyptisches Museum",
        "name:en": "Egyptian Museum",
        "name:es": "Museo Egipcio",
        "name:fa": "موزه مصر",
        "name:fr": "Musée égyptien",
        "name:hi": "मिस्र का संग्रहालय",
        "name:hu": "Egyiptomi Múzeum",
        "name:it": "Museo di antichità egiziane",
        "name:ko": "이집트 박물관",
        "name:ml": "ഈജിപ്ഷ്യൻ മ്യൂസിയം",
        "name:pa": "ਮਿਸਰ ਅਜਾਇਬਘਰ",
        "name:pl": "Muzeum Egipskie",
        "name:pt": "Museu Egípcio",
        "name:ro": "Muzeul Egiptean",
        "name:ru": "Египетский музей",
        "name:sr": "Египатски музеј",
        "name:tr": "Mısır Müzesi",
        "name:ur": "مصری عجائب گھر",
        "opening_hours": "Mo-Sa 09:00-21:00; Su 09:00-16:00",
        "roof:colour": "#ff7e70",
        "tourism": "museum",
        "website": "https://egyptianmuseumcairo.eg/emc/ar/",
        "wikidata": "Q201219",
        "wikimedia_commons": "Category:Egyptian Museum (Cairo)",
        "wikipedia": "ar:المتحف المصري",
        "@geometry": "center"
      },
      "geometry": {
        "type": "Point",
        "coordinates": [
          31.2336017,
          30.0478467
        ]
      },
      "id": "way/10873198"
    },
    {
      "type": "Feature",
      "properties": {
        "@id": "relation/14110436",
        "alt_name": "معبد هورس",
        "archaeological_site": "temple",
        "historic": "archaeological_site",
        "historic:civilization": "ancient_egyptian",
        "int_name": "Temple of Horus",
        "name": "معبد هورس",
        "name:ar": "معبد هورس",
        "name:ca": "Temple d'Horus",
        "name:de": "Temple of Horus",
        "name:en": "Temple of Horus",
        "name:fr": "Temple of Horus",
        "name:hu": "Hórusz-templom",
        "tourism": "attraction",
        "type": "multipolygon",
        "wikidata": "Q613037",
        "wikipedia": "en:Temple of Edfu",
        "@geometry": "center"
      },
      "geometry": {
        "type": "Point",
        "coordinates": [
          32.8734942,
          24.9782265
        ]
      },
      "id": "relation/14110436"
    },
    {
      "type": "Feature",
      "properties": {
        "@id": "relation/14358790",
        "archaeological_site": "temple",
        "heritage": "1",
        "heritage:name": "Temple of Karnak",
        "heritage:operator": "whc",
        "historic": "archaeological_site",
        "historic:civilization": "ancient_egyptian",
        "name": "معبد الكرنك",
        "name:ar": "معبد الكرنك",
        "name:cs": "Chrámový komplex Karnak",
        "name:de": "Karnak-Tempel",
        "name:en": "Karnak Temple Complex",
        "name:fa": "معبد کرنک",
        "name:fr": "Temple de Karnak",
        "name:ml": "കർണാക് ക്ഷേത്രം",
        "name:pl": "Świątynia Amona",
        "name:pt": "Templo de Carnaque",
        "ref:whc": "087-001",
        "source": "https://whc.unesco.org/document/100844",
        "tourism": "attraction",
        "type": "multipolygon",
        "whc:criteria": "(i),(iii),(vi)",
        "whc:inscription_date": "1979",
        "wikidata": "Q522862",
        "wikipedia": "en:Karnak",
        "@geometry": "center"
      },
      "geometry": {
        "type": "Point",
        "coordinates": [
          32.6579,
          25.7159312
        ]
      },
      "id": "relation/14358790"
    },
    {
      "type": "Feature",
      "properties": {
        "@id": "relation/14369417",
        "alt_name": "معبد السبوع",
        "alt_name:ar": "معبد السبوع",
        "alt_name:en": "El Seboua Temple",
        "archaeological_site": "temple",
        "heritage": "1",
        "historic": "archaeological_site",
        "historic:civilization": "ancient_egyptian",
        "historic:era": "dynasty_XIX",
        "historic:period": "new_kingdom",
        "name": "معبد وادي السبوع",
        "name:ar": "معبد وادي السبوع",
        "name:de": "Tempel von Wadi es-Sebua",
        "name:en": "Wadi es-Sebua Temple",
        "name:fr": "Ouadi-es-Seboua",
        "name:hu": "Vádi esz-Szebua templom",
        "start_date": "1236 BC",
        "tourism": "attraction",
        "type": "site",
        "wikidata": "Q1728322",
        "wikipedia": "ar:وادي السبوع",
        "@geometry": "center"
      },
      "geometry": {
        "type": "Point",
        "coordinates": [
          32.5454296,
          22.7931139
        ]
      },
      "id": "relation/14369417"
    },
    {
      "type": "Feature",
      "properties": {
        "@id": "relation/15616353",
        "historic": "archaeological_site",
        "historic:civilization": "egyptian",
        "name": "Tell-Basta",
        "name:el": "Βούβαστις",
        "name:en": "Bubastis",
        "type": "multipolygon",
        "wikidata": "Q603841",
        "wikipedia": "en:Bubastis",
        "@geometry": "center"
      },
      "geometry": {
        "type": "Point",
        "coordinates": [
          31.5119731,
          30.5719984
        ]
      },
      "id": "relation/15616353"
    },
    {
      "type": "Feature",
      "properties": {
        "@id": "relation/16737987",
        "building": "temple",
        "historic": "ruins",
        "historic:civilization": "roman_and_byzantine_egyptian",
        "historic:period": "roman_egypt",
        "name": "كشك تراجان",
        "name:de": "Kiosk des Trajan",
        "name:en": "Trajan's Kiosk",
        "name:es": "Quiosco de Trajano",
        "name:it": "Chiosco di Traiano",
        "name:pt": "Quiosque de Trajano",
        "tourism": "attraction",
        "type": "multipolygon",
        "wikidata": "Q7833054",
        "wikipedia": "ar:كشك تراجان",
        "@geometry": "center"
      },
      "geometry": {
        "type": "Point",
        "coordinates": [
          32.8846003,
          24.0251134
        ]
      },
      "id": "relation/16737987"
    },
    {
      "type": "Feature",
      "properties": {
        "@id": "relation/16783121",
        "building": "museum",
        "building:colour": "beige",
        "check_date": "2025-11-26",
        "height": "46",
        "museum": "archaeological",
        "name": "المتحف المصري الكبير",
        "name:ar": "المتحف المصري الكبير",
        "name:de": "Großes Ägyptisches Museum",
        "name:en": "Grand Egyptian Museum",
        "name:es": "Gran Museo Egipcio",
        "name:fa": "موزه بزرگ مصر",
        "name:fr": "Grand Musée égyptien",
        "name:it": "Grande Museo Egiziano",
        "name:ko": "이집트 대박물관",
        "name:pt": "Grande Museu Egípcio",
        "opening_hours:url": "https://www.visit-gem.com/",
        "roof:colour": "beige",
        "short_name": "GEM",
        "start_date": "2025-11-01",
        "tourism": "museum",
        "type": "multipolygon",
        "website": "https://www.visit-gem.com",
        "wikidata": "Q2583681",
        "wikimedia_commons": "Category:Grand Egyptian Museum",
        "wikipedia": "en:Grand Egyptian Museum",
        "year_of_construction": "2009..2024",
        "@geometry": "center"
      },
      "geometry": {
        "type": "Point",
        "coordinates": [
          31.1192355,
          29.9945706
        ]
      },
      "id": "relation/16783121"
    },
    {
      "type": "Feature",
      "properties": {
        "@id": "relation/16821945",
        "amenity": "place_of_worship",
        "building": "mosque",
        "fee": "yes",
        "historic": "heritage",
        "name": "مدرسة وخانقاة السلطان برقوق",
        "name:ar": "مدرسة وخانقاة السلطان برقوق",
        "name:en": "Madrasa and Khanqa of Sultan Barquq",
        "religion": "muslim",
        "type": "multipolygon",
        "wikidata": "Q12241714",
        "wikipedia": "en:Mosque-Madrasa of Sultan Barquq",
        "@geometry": "center"
      },
      "geometry": {
        "type": "Point",
        "coordinates": [
          31.2610146,
          30.0501146
        ]
      },
      "id": "relation/16821945"
    },
    {
      "type": "Feature",
      "properties": {
        "@id": "relation/16842646",
        "amenity": "place_of_worship",
        "building": "mosque",
        "fee": "yes",
        "historic": "heritage",
        "name": "مجموعة السلطان المنصور قلاوون",
        "name:ar": "مجموعة السلطان المنصور قلاوون",
        "name:en": "Qalawun Complex",
        "name:ko": "술탄 칼라운 컴플렉스",
        "religion": "muslim",
        "type": "multipolygon",
        "wikidata": "Q1237010",
        "@geometry": "center"
      },
      "geometry": {
        "type": "Point",
        "coordinates": [
          31.2607724,
          30.0494172
        ]
      },
      "id": "relation/16842646"
    },
    {
      "type": "Feature",
      "properties": {
        "@id": "relation/16842647",
        "amenity": "place_of_worship",
        "building": "mosque",
        "fee": "yes",
        "historic": "heritage",
        "name": "مدرسة السلطان الناصر محمد بن قلاوون",
        "name:ar": "مدرسة السلطان الناصر محمد بن قلاوون",
        "name:en": "Madrasa of Sultan Al-Nasir Muhammad Ibn Qalawun",
        "religion": "muslim",
        "type": "multipolygon",
        "wikidata": "Q1277350",
        "wikipedia": "en:Madrasa of al-Nasir Muhammad",
        "@geometry": "center"
      },
      "geometry": {
        "type": "Point",
        "coordinates": [
          31.2608855,
          30.0498518
        ]
      },
      "id": "relation/16842647"
    },
    {
      "type": "Feature",
      "properties": {
        "@id": "relation/16868326",
        "building": "museum",
        "building:levels": "3",
        "height": "20",
        "name": "المتحف القومى للحضارة المصرية",
        "name:ar": "المتحف القومى للحضارة المصرية",
        "name:en": "National Museum of Egyptian Civilisation",
        "name:fa": "موزه ملی تمدن مصر",
        "name:zh": "埃及文明国家博物馆",
        "opening_hours": "Sa-Th 09:00-17:00",
        "roof:material": "gravel",
        "roof:shape": "flat",
        "tourism": "museum",
        "type": "multipolygon",
        "website": "https://nmec.gov.eg",
        "wikidata": "Q29017001",
        "@geometry": "center"
      },
      "geometry": {
        "type": "Point",
        "coordinates": [
          31.248226,
          30.0081842
        ]
      },
      "id": "relation/16868326"
    },
    {
      "type": "Feature",
      "properties": {
        "@id": "relation/16886994",
        "building": "yes",
        "castle_type": "palace",
        "historic": "castle",
        "name": "قصر الجوهرة",
        "name:ar": "قصر الجوهرة",
        "name:en": "Al-Gawhara Palace",
        "name:fa": "کاخ گوهره",
        "type": "multipolygon",
        "wikidata": "Q4116059",
        "wikimedia_commons": "Category:Al-Jawhara Palace museum",
        "wikipedia": "en:Al-Gawhara Palace",
        "@geometry": "center"
      },
      "geometry": {
        "type": "Point",
        "coordinates": [
          31.2602537,
          30.0276072
        ]
      },
      "id": "relation/16886994"
    },
    {
      "type": "Feature",
      "properties": {
        "@id": "relation/17326099",
        "archaeological_site": "city;theater",
        "historic": "archaeological_site",
        "historic:civilization": "ancient_roman",
        "name": "Castrum of Pelusium;Pelusium;Pelusium, Zeus-Kasios Temple;Pelusium church;Roman theater;HIppodrome of Pelusium",
        "type": "multipolygon",
        "wikidata": "Q25383052",
        "@geometry": "center"
      },
      "geometry": {
        "type": "Point",
        "coordinates": [
          32.5470767,
          31.0423144
        ]
      },
      "id": "relation/17326099"
    },
    {
      "type": "Feature",
      "properties": {
        "@id": "relation/17341492",
        "building": "yes",
        "building:condition": "reconstructed",
        "historic": "building",
        "historic:civilization": "ancient_egyptian",
        "historic:period": "new_kingdom",
        "name": "Peristyle Hall of Thutmosis IV",
        "name:de": "Peristylhof Thutmosis’ IV.",
        "name:en": "Peristyle Hall of Thutmosis IV",
        "type": "multipolygon",
        "wikidata": "Q124831228",
        "@geometry": "center"
      },
      "geometry": {
        "type": "Point",
        "coordinates": [
          32.6577038,
          25.7207561
        ]
      },
      "id": "relation/17341492"
    },
    {
      "type": "Feature",
      "properties": {
        "@id": "relation/17376160",
        "access": "customers",
        "building": "yes",
        "building:condition": "ruinous",
        "historic": "ruins",
        "historic:civilization": "ancient_egyptian",
        "name": "east exterior wall",
        "name:de": "östliche Außenwand",
        "name:en": "east exterior wall",
        "name:fr": "mur extérieur est",
        "ruins": "wall",
        "type": "multipolygon",
        "wikidata": "Q125102512",
        "@geometry": "center"
      },
      "geometry": {
        "type": "Point",
        "coordinates": [
          32.6598915,
          25.7176265
        ]
      },
      "id": "relation/17376160"
    },
    {
      "type": "Feature",
      "properties": {
        "@id": "relation/18781682",
        "alt_name:es": "Templo de Ramsés II",
        "alt_name:pt": "Templo de Ramessés II",
        "archaeological_site": "temple",
        "building": "temple",
        "historic": "archaeological_site",
        "historic:civilization": "ancient_egyptian",
        "historic:era": "dynasty_XIX",
        "historic:period": "new_kingdom",
        "image": "https://photos.app.goo.gl/C4WBpPchhYhsiYAU9",
        "name": "المعبد الكبير",
        "name:ar": "المعبد الكبير",
        "name:ca": "Temple Gran",
        "name:de": "Großer Tempel",
        "name:en": "Great Temple",
        "name:es": "Gran Templo",
        "name:fr": "Grand Temple",
        "name:it": "Grande Tempio",
        "name:pt": "Grande Templo",
        "name:ur": "مندر کبیر",
        "tourism": "attraction",
        "type": "multipolygon",
        "url": "https://egymonuments.gov.eg/archaeological-sites/abu-simbel/",
        "wikidata": "Q3114835",
        "wikipedia": "es:Templo de Ramsés II (Abu Simbel)",
        "@geometry": "center"
      },
      "geometry": {
        "type": "Point",
        "coordinates": [
          31.6252634,
          22.3368929
        ]
      },
      "id": "relation/18781682"
    },
    {
      "type": "Feature",
      "properties": {
        "@id": "relation/18781683",
        "alt_name": "المعبد الصغير",
        "alt_name:en": "Small Temple",
        "alt_name:es": "Pequeño Templo",
        "alt_name:pt": "Templo Pequeno",
        "archaeological_site": "temple",
        "building": "temple",
        "historic": "archaeological_site",
        "historic:civilization": "ancient_egyptian",
        "historic:era": "dynasty_XIX",
        "historic:period": "new_kingdom",
        "image": "https://photos.app.goo.gl/WiFngDcmsizecxDg6",
        "name": "معبد نفرتاري",
        "name:ar": "معبد نفرتاري",
        "name:de": "Kleiner Tempel",
        "name:en": "Nefertari's Temple of Hathor",
        "name:es": "Templo de Nefertari",
        "name:fr": "Temple de Nefertari",
        "name:it": "Tempio Piccolo",
        "name:pt": "Templo de Hator e Nefertari",
        "tourism": "attraction",
        "type": "multipolygon",
        "wikidata": "Q3377285",
        "wikipedia": "es:Templo de Nefertari (Abu Simbel)",
        "@geometry": "center"
      },
      "geometry": {
        "type": "Point",
        "coordinates": [
          31.6266442,
          22.3377906
        ]
      },
      "id": "relation/18781683"
    },
    {
      "type": "Feature",
      "properties": {
        "@id": "relation/20053769",
        "fee": "yes",
        "name": "القرية الفرعونية",
        "name:ar": "القرية الفرعونية",
        "name:en": "The Pharaonic Village",
        "tourism": "attraction",
        "type": "multipolygon",
        "website": "https://pharaonicvillage.com/?fbclid=IwY2xjawPIgnpleHRuA2FlbQIxMABicmlkETE5QVNpcVFuYjZvcDZFVGpac3J0YwZhcHBfaWQQMjIyMDM5MTc4ODIwMDg5MgABHtg7c3AF0zlG-lWYDSN4--vKfgt4oDX_wAwFnW_tEgDoM2qcCIJT_bq9yhCF_aem_vZvYwmXlC3Njd37BHXBfoA",
        "wikipedia": "en:Pharaonic Village",
        "@geometry": "center"
      },
      "geometry": {
        "type": "Point",
        "coordinates": [
          31.2176304,
          29.9961603
        ]
      },
      "id": "relation/20053769"
    },
    {
      "type": "Feature",
      "properties": {
        "@id": "way/24749059",
        "amenity": "place_of_worship",
        "building": "yes",
        "name": "الجامع الأزهر",
        "name:ar": "الجامع الأزهر",
        "name:azb": "الازهر جامع",
        "name:de": "Moschee Al-Azhar",
        "name:en": "El Azhar Mosque",
        "name:es": "Mezquita de El Azhar",
        "name:fa": "مسجد الازهر",
        "name:fr": "Mosquée Al-Azhar",
        "name:hi": "अल-अज़ार मस्जिद",
        "name:hy": "Ալ-Ազհարի մզկիթ",
        "name:ko": "알 아즈하르 모스크",
        "name:ml": "അൽ അസ്ഹർ പള്ളി",
        "name:pt": "Mesquita de El Azhar",
        "name:sr": "Џамија Ал-Азхар",
        "name:ur": "الازہر مسجد",
        "name:zh": "爱资哈尔清真寺",
        "religion": "muslim",
        "tourism": "attraction",
        "wikidata": "Q312342",
        "wikimedia_commons": "Category:Al-Azhar Mosque",
        "wikipedia": "ar:الجامع الأزهر",
        "@geometry": "center"
      },
      "geometry": {
        "type": "Point",
        "coordinates": [
          31.262676,
          30.0457344
        ]
      },
      "id": "way/24749059"
    },
    {
      "type": "Feature",
      "properties": {
        "@id": "way/24886453",
        "alt_name": "Le Palais Hindou",
        "alt_name:nl": "Hindoevilla",
        "architect": "Alexandre Marcel",
        "architect:wikidata": "Q723010",
        "building:architecture": "heliopolis_style",
        "castle_type": "palace",
        "historic": "castle",
        "name": "قصر بارون أمبان",
        "name:ar": "قصر بارون أمبان",
        "name:en": "Baron Empain Palace",
        "name:fr": "Palais du Baron Empain",
        "name:nl": "Paleis van Baron Empain",
        "name:ru": "дворец барона Эмпейна",
        "religion": "hindu",
        "start_date": "1907",
        "tourism": "attraction",
        "wikidata": "Q808618",
        "wikimedia_commons": "Category:Baron Empain Palace",
        "wikipedia": "en:Baron Empain Palace",
        "@geometry": "center"
      },
      "geometry": {
        "type": "Point",
        "coordinates": [
          31.3302538,
          30.0866555
        ]
      },
      "id": "way/24886453"
    },
    {
      "type": "Feature",
      "properties": {
        "@id": "way/24908286",
        "historic": "castle",
        "name": "قلعة صلاح الدين",
        "name:ar": "قلعة صلاح الدين",
        "name:bg": "Цитадела на Саладин",
        "name:en": "Salah El Din Citadel",
        "name:es": "Ciudadela",
        "name:fa": "قلعه صلاح‌الدین",
        "name:fr": "Citadelle de Saladin",
        "name:it": "Cittadella del Cairo",
        "name:ko": "살라 엘 딘 시타델(카이로 성채)",
        "name:lt": "Kairo citadelė",
        "name:ml": "സലാദ്ദീൻ കോട്ട",
        "name:pl": "Cytadela Kairska",
        "name:pt": "Cidadela do Cairo",
        "name:ru": "Каирская цитадель",
        "name:sv": "Kairo citadell",
        "name:tr": "Kahire Kalesi",
        "name:uk": "Цитадель",
        "name:zh": "開羅大城堡區",
        "tourism": "attraction",
        "wikidata": "Q1988240",
        "wikimedia_commons": "Category:Cairo Citadel",
        "wikipedia": "de:Zitadelle von Saladin",
        "@geometry": "center"
      },
      "geometry": {
        "type": "Point",
        "coordinates": [
          31.2621151,
          30.0293262
        ]
      },
      "id": "way/24908286"
    },
    {
      "type": "Feature",
      "properties": {
        "@id": "way/24942979",
        "barrier": "fence",
        "castle_type": "palace",
        "historic": "castle",
        "name": "قصر عابدين",
        "name:ar": "قصر عابدين",
        "name:en": "Abdin Palace",
        "name:es": "Palacio de Abdín",
        "name:fa": "کاخ عابدین",
        "name:ml": "അബ്ദീൻ കൊട്ടാരം",
        "tourism": "attraction",
        "wikidata": "Q307747",
        "wikipedia": "en:Abdeen_Palace",
        "@geometry": "center"
      },
      "geometry": {
        "type": "Point",
        "coordinates": [
          31.2474606,
          30.0427646
        ]
      },
      "id": "way/24942979"
    },
    {
      "type": "Feature",
      "properties": {
        "@id": "way/25049783",
        "historic": "monument",
        "name": "الجندي المجهول",
        "name:ar": "الجندي المجهول",
        "name:en": "Unknown Soldier Memorial",
        "name:he": "אנדרטת החייל האלמוני",
        "name:ru": "Мемориал Неизвестного солдата",
        "name:uk": "Меморіал Невідомому солдату",
        "tourism": "attraction",
        "wikidata": "Q2919312",
        "wikimedia_commons": "Category:Tomb of Unknown Soldier in Cairo",
        "wikipedia": "en:Unknown Soldier Memorial (Egypt)",
        "@geometry": "center"
      },
      "geometry": {
        "type": "Point",
        "coordinates": [
          31.3138006,
          30.0653741
        ]
      },
      "id": "way/25049783"
    },
    {
      "type": "Feature",
      "properties": {
        "@id": "way/25416060",
        "addr:city": "Giza",
        "addr:country": "EG",
        "building": "yes",
        "height": "21.2",
        "historic": "tomb",
        "historic:civilization": "ancient_egyptian",
        "material": "stone",
        "name": "هرم الملكة",
        "name:ar": "هرم الملكة",
        "name:en": "Queen's Pyramid, G III-A",
        "name:es": "Pirámide de la Reina",
        "name:fr": "Pyramides des reines",
        "name:hu": "Királynők piramisai",
        "name:ko": "여왕의 피라미드 (G III-A)",
        "name:ru": "пирамида царицы",
        "ref": "G3-a",
        "roof:colour": "#F69B3C",
        "roof:height": "21.2",
        "roof:material": "brick",
        "roof:shape": "pyramidal",
        "tomb": "pyramid",
        "wikidata": "Q25389687",
        "wikimedia_commons": "Category:Pyramid G IIIa",
        "wikipedia": "en:Pyramid G3-a",
        "@geometry": "center"
      },
      "geometry": {
        "type": "Point",
        "coordinates": [
          31.1283027,
          29.9716223
        ]
      },
      "id": "way/25416060"
    },
    {
      "type": "Feature",
      "properties": {
        "@id": "way/25416067",
        "building": "yes",
        "height": "21.2",
        "historic": "tomb",
        "historic:civilization": "ancient_egyptian",
        "material": "stone",
        "name": "هرم الملكة",
        "name:ar": "هرم الملكة",
        "name:en": "Queen's Pyramid, G III-B",
        "name:es": "Pirámide de la Reina",
        "name:fr": "Pyramides des reines",
        "name:hu": "Királynők piramisai",
        "name:ko": "여왕의 피라미드 (G III-B)",
        "name:ru": "пирамида царицы",
        "ref": "G3-b",
        "roof:colour": "#F69B3C",
        "roof:height": "21.2",
        "roof:material": "brick",
        "roof:shape": "pyramidal",
        "tomb": "pyramid",
        "wikidata": "Q25389690",
        "wikimedia_commons": "Category:Pyramid G IIIb",
        "wikipedia": "en:Pyramid G3-b",
        "@geometry": "center"
      },
      "geometry": {
        "type": "Point",
        "coordinates": [
          31.1278092,
          29.9716306
        ]
      },
      "id": "way/25416067"
    },
    {
      "type": "Feature",
      "properties": {
        "@id": "way/25416093",
        "addr:city": "Giza",
        "building": "yes",
        "height": "21.2",
        "historic": "tomb",
        "historic:civilization": "ancient_egyptian",
        "material": "stone",
        "name": "هرم الملكة",
        "name:ar": "هرم الملكة",
        "name:en": "Queen's Pyramid, G III-C",
        "name:es": "Pirámide de la Reina",
        "name:fr": "Pyramides des reines",
        "name:hu": "Királynők piramisai",
        "name:ko": "여왕의 피라미드 (G III-C)",
        "name:ru": "пирамида царицы",
        "ref": "G3-c",
        "roof:colour": "#F69B3C",
        "roof:height": "21.2",
        "roof:material": "brick",
        "roof:shape": "pyramidal",
        "tomb": "pyramid",
        "wikidata": "Q25389709",
        "wikimedia_commons": "Category:Pyramid G IIIc",
        "wikipedia": "en:Pyramid G3-c",
        "@geometry": "center"
      },
      "geometry": {
        "type": "Point",
        "coordinates": [
          31.1273396,
          29.9716164
        ]
      },
      "id": "way/25416093"
    },
    {
      "type": "Feature",
      "properties": {
        "@id": "node/26544677",
        "alt_name": "فنار الإسكندرية",
        "alt_name:ar": "فنار الإسكندرية",
        "historic": "ruins",
        "man_made": "lighthouse",
        "name": "منارة الإسكندرية",
        "name:ar": "منارة الإسكندرية",
        "name:azb": "ایسکندریه فانوسو",
        "name:en": "Lighthouse of Alexandria",
        "name:pnb": "سکندریہ دا لائیٹ ہاؤس",
        "name:ru": "Александрийский маяк",
        "name:uk": "Александрійський маяк",
        "name:ur": "اسکندریہ کا روشن مینار",
        "wheelchair": "no",
        "wikidata": "Q43244",
        "wikimedia_commons": "Category:Pharos of Alexandria",
        "wikipedia": "ar:فنار الإسكندرية",
        "wikipedia:ar": "فنار الإسكندرية"
      },
      "geometry": {
        "type": "Point",
        "coordinates": [
          29.8856722,
          31.2139964
        ]
      },
      "id": "node/26544677"
    },
    {
      "type": "Feature",
      "properties": {
        "@id": "way/28817044",
        "historic": "archaeological_site",
        "name": "عمود السواري والحديقة الأثرية",
        "name:ar": "عمود السواري والحديقة الأثرية",
        "name:de": "Serapeum von Alexandria",
        "name:en": "Archaeological Park & Pompey's Pillar",
        "name:fr": "Colonne de Pompée",
        "tourism": "attraction",
        "wheelchair": "no",
        "wikidata": "Q492487",
        "wikimedia_commons": "Category:Pompey's Pillar, Alexandria",
        "wikipedia": "en:Pompey's Pillar (column)",
        "@geometry": "center"
      },
      "geometry": {
        "type": "Point",
        "coordinates": [
          29.8963142,
          31.1821703
        ]
      },
      "id": "way/28817044"
    },
    {
      "type": "Feature",
      "properties": {
        "@id": "way/28817193",
        "historic": "archaeological_site",
        "historic:civilization": "ancient_roman",
        "leisure": "park",
        "name": "كوم الدكة",
        "name:ar": "كوم الدكة",
        "name:en": "Kom el Deka (Roman stairs)",
        "name:fr": "Kom el-Dikka (Amphithéâtre romain)",
        "wikidata": "Q12236559",
        "wikimedia_commons": "Category:Kom el-Dikka",
        "wikipedia": "en:Kom El Deka",
        "@geometry": "center"
      },
      "geometry": {
        "type": "Point",
        "coordinates": [
          29.9042516,
          31.1951552
        ]
      },
      "id": "way/28817193"
    },
    {
      "type": "Feature",
      "properties": {
        "@id": "way/28826432",
        "alt_name": "قلعة قيت بيك; طابية قايتباي",
        "alt_name:en": "Castle of Qaitbay; Citadel of Qait Bey",
        "historic": "castle",
        "int_name": "Ţābiyat Qā’itbāy, Tabiyat Qaitbay, Quaitbai Fort, Fort Kait Bey",
        "name": "قلعة قايتباي",
        "name:ar": "قلعة قايتباي",
        "name:de": "Qāitbāy-Zitadelle",
        "name:en": "Citadel of Qaitbay",
        "name:fr": "Tabiyat Qaitbay",
        "name:tr": "Kayıtbay Kalesi",
        "tourism": "attraction",
        "wheelchair": "no",
        "wikidata": "Q1938065",
        "wikimedia_commons": "File:QaitbeyCitadel.jpg",
        "wikipedia": "ar:قلعة قايتباي",
        "@geometry": "center"
      },
      "geometry": {
        "type": "Point",
        "coordinates": [
          29.8853977,
          31.2137497
        ]
      },
      "id": "way/28826432"
    },
    {
      "type": "Feature",
      "properties": {
        "@id": "way/28827708",
        "barrier": "wall",
        "historic": "district",
        "name": "القاهرة القبطية",
        "name:ar": "القاهرة القبطية",
        "name:de": "Koptisch-Kairo",
        "name:en": "Coptic Cairo",
        "name:fa": "قاهره قبطی",
        "name:ko": "콥틱 카이로",
        "name:ml": "കോപ്റ്റിക് കെയ്റോ",
        "name:pt": "Cairo Copta",
        "tourism": "attraction",
        "wikidata": "Q3438824",
        "wikipedia": "ar:القاهرة القبطية",
        "@geometry": "center"
      },
      "geometry": {
        "type": "Point",
        "coordinates": [
          31.2318415,
          30.0062606
        ]
      },
      "id": "way/28827708"
    },
    {
      "type": "Feature",
      "properties": {
        "@id": "way/28829955",
        "leisure": "park",
        "name": "المتحف الزراعي",
        "name:ar": "المتحف الزراعي",
        "name:de": "Landwirtschaftsmuseum",
        "name:en": "Agricultural Museum",
        "name:es": "Museo de Agricultura",
        "tourism": "museum",
        "wikidata": "Q2420309",
        "wikimedia_commons": "Category:Egyptian Agricultural Museum",
        "wikipedia": "en:Agricultural Museum, Egypt",
        "@geometry": "center"
      },
      "geometry": {
        "type": "Point",
        "coordinates": [
          31.2091708,
          30.0466925
        ]
      },
      "id": "way/28829955"
    },
    {
      "type": "Feature",
      "properties": {
        "@id": "way/29973724",
        "building": "yes",
        "building:architecture": "mamluk",
        "historic": "building",
        "name": "وكالة السلطان الغورى",
        "name:ar": "وكالة السلطان الغورى",
        "name:en": "Wekalat El Sultan Al-Ghoury",
        "name:es": "Wikala de Sultán El Ghouri",
        "name:fr": "Wékalet du Sultan Al-Ghouri",
        "wikidata": "Q3570251",
        "wikimedia_commons": "Category:Wikala al-Ghuri",
        "wikipedia": "fr:Wékalet Al-Ghouri",
        "@geometry": "center"
      },
      "geometry": {
        "type": "Point",
        "coordinates": [
          31.2608739,
          30.0456731
        ]
      },
      "id": "way/29973724"
    },
    {
      "type": "Feature",
      "properties": {
        "@id": "way/30065591",
        "name": "متحف محمود مختار",
        "name:ar": "متحف محمود مختار",
        "name:en": "Mahmoud Mukhtar Museum",
        "tourism": "museum",
        "wikidata": "Q6933506",
        "wikimedia_commons": "Category:Mahmoud Mokhtar museum",
        "wikipedia": "en:Mukhtar Museum",
        "@geometry": "center"
      },
      "geometry": {
        "type": "Point",
        "coordinates": [
          31.2229447,
          30.0406374
        ]
      },
      "id": "way/30065591"
    },
    {
      "type": "Feature",
      "properties": {
        "@id": "way/30065918",
        "name": "متحف أحمد شوقي",
        "name:ar": "متحف أحمد شوقي",
        "name:en": "Ahmed Shawqi Museum",
        "note": "tag name --> arabic",
        "tourism": "museum",
        "wikidata": "Q372088",
        "wikimedia_commons": "Category:Ahmed Shawki Museum",
        "wikipedia": "en:Ahmed Shawki Museum",
        "@geometry": "center"
      },
      "geometry": {
        "type": "Point",
        "coordinates": [
          31.2175989,
          30.0214538
        ]
      },
      "id": "way/30065918"
    },
    {
      "type": "Feature",
      "properties": {
        "@id": "way/32749330",
        "access": "customers",
        "historic": "archaeological_site",
        "historic:civilization": "ancient_egyptian",
        "name": "كوم الشقافة",
        "name:ar": "كوم الشقافة",
        "name:de": "Katakomben von Kom asch-Schuqafa",
        "name:en": "Catacombs of Kom el Shoqafa",
        "name:fr": "Catacombes de Kom el Shoqafa",
        "opening_hours": "Mo-Su 09:00-16:00",
        "tourism": "attraction",
        "wikidata": "Q2671839",
        "wikimedia_commons": "Category:Kom el-Shoqafa",
        "wikipedia": "en:Catacombs of Kom El Shoqafa",
        "@geometry": "center"
      },
      "geometry": {
        "type": "Point",
        "coordinates": [
          29.8930424,
          31.1785435
        ]
      },
      "id": "way/32749330"
    },
    {
      "type": "Feature",
      "properties": {
        "@id": "way/33727472",
        "alt_name": "Heliopolis Presidential Palace",
        "building": "yes",
        "historic": "castle",
        "int_name": "Heliopolis Presidential Palace",
        "name": "قصر رئاسة",
        "name:ar": "قصر رئاسة",
        "name:en": "Heliopolis Presidential Palace",
        "name:hi": "हीलियोपोलिस राष्ट्रपति भवन",
        "wikipedia": "en:Heliopolis Palace",
        "@geometry": "center"
      },
      "geometry": {
        "type": "Point",
        "coordinates": [
          31.3196721,
          30.0889912
        ]
      },
      "id": "way/33727472"
    },
    {
      "type": "Feature",
      "properties": {
        "@id": "way/33909574",
        "alt_name": "هرم سقارة",
        "alt_name:en": "Saqqara Pyramid",
        "alt_name:hu": "Szakkarai lépcsős piramis;Dzsószer fáraó piramisa",
        "building": "yes",
        "building:colour": "#ffe385",
        "building:material": "limestone",
        "height": "0.1",
        "heritage": "yes",
        "historic": "tomb",
        "historic:civilization": "ancient_egyptian",
        "level": "0",
        "material": "stone",
        "name": "هرم زوسر المدرج",
        "name:ar": "هرم زوسر المدرج",
        "name:cs": "Džoserova pyramida",
        "name:de": "Djoser-Pyramide",
        "name:en": "Pyramid of Djoser",
        "name:es": "Pirámide escalonada de Zoser",
        "name:fr": "Pyramide à degrés de Djéser",
        "name:hu": "Dzsószer piramis",
        "name:pl": "Piramida Dżesera (schodkowa)",
        "name:pt": "Pirâmide de Djoser",
        "name:ru": "пирамида Джосера",
        "name:zh": "阶梯金字塔 Djoser Pyramid",
        "note": "height 62.5 m. Wide building:part in 3 D",
        "roof:colour": "#ffe385",
        "roof:material": "limestone",
        "tomb": "pyramid",
        "tourism": "attraction",
        "wikidata": "Q192418",
        "wikimedia_commons": "Category:Pyramid of Djoser",
        "wikipedia": "en:Pyramid of Djoser",
        "@geometry": "center"
      },
      "geometry": {
        "type": "Point",
        "coordinates": [
          31.2165654,
          29.8712196
        ]
      },
      "id": "way/33909574"
    },
    {
      "type": "Feature",
      "properties": {
        "@id": "way/34204833",
        "alt_name:en": "Mosque of Al-Aqmar",
        "amenity": "place_of_worship",
        "building": "mosque",
        "historic": "heritage",
        "name": "جامع الأقمر",
        "name:ar": "جامع الأقمر",
        "name:en": "Al-Aqmar Mosque",
        "religion": "muslim",
        "wikidata": "Q287283",
        "wikimedia_commons": "Category:Al-Aqmar Mosque",
        "wikipedia": "en:Aqmar Mosque",
        "@geometry": "center"
      },
      "geometry": {
        "type": "Point",
        "coordinates": [
          31.2620213,
          30.0515556
        ]
      },
      "id": "way/34204833"
    },
    {
      "type": "Feature",
      "properties": {
        "@id": "way/34209128",
        "alt_name:en": "6th of October Panorama",
        "area": "yes",
        "name": "بانوراما حرب أوكتوبر",
        "name:ar": "بانوراما حرب أوكتوبر",
        "name:en": "October War Panorama",
        "tourism": "attraction",
        "wikidata": "Q6741397",
        "wikimedia_commons": "Category:6th of October War Panorama",
        "wikipedia": "en:6th of October Panorama",
        "@geometry": "center"
      },
      "geometry": {
        "type": "Point",
        "coordinates": [
          31.3069523,
          30.074126
        ]
      },
      "id": "way/34209128"
    },
    {
      "type": "Feature",
      "properties": {
        "@id": "way/35090927",
        "addr:street": "ميدان السكاكيني",
        "historic": "castle",
        "name": "قصر السكاكيني",
        "name:ar": "قصر السكاكيني",
        "name:en": "Sakakini Palace",
        "tourism": "attraction",
        "wikidata": "Q10981930",
        "wikimedia_commons": "Category:Sakakini Palace",
        "@geometry": "center"
      },
      "geometry": {
        "type": "Point",
        "coordinates": [
          31.2662423,
          30.0658596
        ]
      },
      "id": "way/35090927"
    },
    {
      "type": "Feature",
      "properties": {
        "@id": "way/39918834",
        "alt_name:pl": "Piramida Łamana w Dahszur",
        "building": "yes",
        "height": "101.1",
        "historic": "tomb",
        "historic:civilization": "ancient_egyptian",
        "name": "هرم سنفرو",
        "name:ar": "هرم سنفرو",
        "name:be": "Ламаная піраміда",
        "name:bg": "Преходна пирамида",
        "name:ca": "Piràmide encorbada",
        "name:de": "Knickpyramide",
        "name:el": "Ρομβοειδής Πυραμίδα",
        "name:en": "Bent Pyramid",
        "name:es": "Pirámide Acodada",
        "name:eu": "Piramide Makurra",
        "name:fa": "هرم خمیده",
        "name:fi": "Taitettu pyramidi",
        "name:fr": "Pyramide rhomboïdale",
        "name:ga": "Pirimid lúbtha",
        "name:gl": "Pirámide curvada",
        "name:hr": "Savijena piramida",
        "name:hu": "Tört falú piramis",
        "name:it": "Piramide Romboidale",
        "name:ja": "屈折ピラミッド",
        "name:nl": "Knikpiramide van Snofroe",
        "name:no": "Den bøyde pyramide",
        "name:oc": "Piramida romboïdala",
        "name:pl": "Piramida Łamana",
        "name:pt": "Pirâmide Curvada",
        "name:ru": "Ломаная пирамида",
        "name:sk": "Lomená pyramída",
        "name:sv": "Den böjda pyramiden",
        "name:ur": "ہرم سنفرو",
        "name:zh": "彎曲金字塔",
        "roof:height": "101.1",
        "roof:shape": "pyramidal",
        "tomb": "pyramid",
        "tourism": "attraction",
        "wikidata": "Q459608",
        "wikimedia_commons": "Category:Bent Pyramid",
        "wikipedia": "en:Bent Pyramid",
        "@geometry": "center"
      },
      "geometry": {
        "type": "Point",
        "coordinates": [
          31.2094681,
          29.7902357
        ]
      },
      "id": "way/39918834"
    },
    {
      "type": "Feature",
      "properties": {
        "@id": "way/39918835",
        "alt_name:pl": "Czerwona Piramida w Dahszur;Północna Piramida w Dahszur",
        "alt_name:ru": "Северная пирамида;Красная пирамида",
        "building": "yes",
        "height": "104",
        "heritage": "1",
        "historic": "tomb",
        "historic:civilization": "ancient_egyptian",
        "name": "الهرم الأحمر",
        "name:ar": "الهرم الأحمر",
        "name:de": "Rote Pyramide",
        "name:en": "Red Pyramid",
        "name:es": "Pirámide Roja",
        "name:fr": "Pyramide rouge",
        "name:hu": "Vörös Piramis",
        "name:pl": "Czerwona Piramida",
        "name:pt": "Pirâmide Vermelha",
        "name:ru": "Розовая пирамида",
        "name:zh": "紅色金字塔 for Sneferu",
        "roof:colour": "#ffe385",
        "roof:height": "104",
        "roof:material": "limestone",
        "roof:shape": "pyramidal",
        "tomb": "pyramid",
        "tourism": "attraction",
        "wikidata": "Q135332",
        "wikimedia_commons": "Category:Red Pyramid",
        "wikipedia": "en:Red Pyramid",
        "@geometry": "center"
      },
      "geometry": {
        "type": "Point",
        "coordinates": [
          31.2062444,
          29.8085513
        ]
      },
      "id": "way/39918835"
    },
    {
      "type": "Feature",
      "properties": {
        "@id": "way/39918837",
        "alt_name:ru": "пирамида Аменемхета III",
        "historic": "tomb",
        "historic:civilization": "ancient_egyptian",
        "name": "الهرم الأسود",
        "name:ar": "الهرم الأسود",
        "name:de": "Amenemhet-III.-Pyramide",
        "name:en": "Black Pyramid",
        "name:fr": "Pyramide d'Amenemhat III",
        "name:ru": "Чёрная пирамида",
        "tomb": "pyramid",
        "wikidata": "Q284794",
        "wikimedia_commons": "Category:Black Pyramid of Amenemhat III",
        "wikipedia": "en:Pyramid of Amenemhat III (Dahshur)",
        "@geometry": "center"
      },
      "geometry": {
        "type": "Point",
        "coordinates": [
          31.2239092,
          29.7917431
        ]
      },
      "id": "way/39918837"
    },
    {
      "type": "Feature",
      "properties": {
        "@id": "way/41765792",
        "building": "yes",
        "heritage": "yes",
        "historic": "tomb",
        "historic:civilization": "ancient_egyptian",
        "name": "هرم تتى",
        "name:ar": "هرم تتى",
        "name:de": "Titi Pyramide",
        "name:en": "Pyramid of Teti",
        "name:ru": "пирамида Тети",
        "tomb": "pyramid",
        "tourism": "attraction",
        "wikidata": "Q1278166",
        "wikimedia_commons": "Category:Pyramid of Teti",
        "wikipedia": "en:Pyramid of Teti",
        "@geometry": "center"
      },
      "geometry": {
        "type": "Point",
        "coordinates": [
          31.2217551,
          29.875165
        ]
      },
      "id": "way/41765792"
    },
    {
      "type": "Feature",
      "properties": {
        "@id": "way/43158461",
        "alt_name:de": "Fatimidischer Friedhof",
        "alt_name:en": "Fatimid Cemetery",
        "historic": "yes",
        "historic:civilization": "islamic_egyptian",
        "historic:era": "fatimids",
        "historic:period": "medieval_egypt",
        "landuse": "cemetery",
        "name": "المقابر الفاطمية",
        "name:de": "Islamischer Friedhof",
        "name:en": "Islamic Cemetery",
        "religion": "muslim",
        "wikidata": "Q18915139",
        "wikimedia_commons": "Category:Fatimid Cemetery in Aswan",
        "wikipedia": "ar:المقابر الفاطمية (اسوان)",
        "@geometry": "center"
      },
      "geometry": {
        "type": "Point",
        "coordinates": [
          32.8915636,
          24.0779062
        ]
      },
      "id": "way/43158461"
    },
    {
      "type": "Feature",
      "properties": {
        "@id": "way/46034932",
        "boundary": "protected_area",
        "description:en": "New Kalabsha: several important temples, structures, and other remains that have been relocated here from the site of Old Kalabsha (Bab al-Kalabsha) and other sites in Lower Nubia, to avoid the rising waters of Lake Nasser caused by the Aswan High Dam",
        "heritage": "1",
        "heritage:name": "Kalabsha",
        "heritage:operator": "whc",
        "name": "كلابشة الجديدة",
        "name:ar": "كلابشة الجديدة",
        "name:de": "Neu-Kalabscha",
        "name:en": "New Kalabsha Island",
        "name:hu": "New Kalabsha-sziget",
        "place": "islet",
        "protect_class": "98",
        "ref:whc": "88-004",
        "source": "Landsat (Lakewalker); https://whc.unesco.org/document/100848",
        "surface": "stone",
        "whc:criteria": "(i),(iii),(vi)",
        "whc:inscription_date": "1979",
        "wikidata": "Q1721920",
        "wikimedia_commons": "Category:Kalabsha",
        "wikipedia": "ar:كلابشة",
        "@geometry": "center"
      },
      "geometry": {
        "type": "Point",
        "coordinates": [
          32.8666172,
          23.961795
        ]
      },
      "id": "way/46034932"
    },
    {
      "type": "Feature",
      "properties": {
        "@id": "way/46579853",
        "alt_name:en": "Islamic Art Museum",
        "building": "yes",
        "name": "متحف الفنون الأسلامية",
        "name:ar": "متحف الفنون الأسلامية",
        "name:de": "Museum für Islamische Kunst",
        "name:en": "Museum of Islamic Art",
        "name:es": "Museo de Arte Islámico",
        "tourism": "museum",
        "wikidata": "Q3330629",
        "wikimedia_commons": "Category:Museum of Islamic Art, Cairo",
        "wikipedia": "en:Museum of Islamic Art, Cairo",
        "@geometry": "center"
      },
      "geometry": {
        "type": "Point",
        "coordinates": [
          31.2527223,
          30.0446521
        ]
      },
      "id": "way/46579853"
    },
    {
      "type": "Feature",
      "properties": {
        "@id": "way/48808492",
        "building": "ruins",
        "heritage": "yes",
        "historic": "tomb",
        "historic:civilization": "ancient_egyptian",
        "name": "Pyramid of Neferirkare",
        "name:ru": "пирамида Нефериркара",
        "tomb": "pyramid",
        "tourism": "attraction",
        "wikidata": "Q1609149",
        "wikimedia_commons": "Category:Pyramid of Neferirkare",
        "wikipedia": "en:Pyramid of Neferirkare",
        "@geometry": "center"
      },
      "geometry": {
        "type": "Point",
        "coordinates": [
          31.2024288,
          29.8949706
        ]
      },
      "id": "way/48808492"
    },
    {
      "type": "Feature",
      "properties": {
        "@id": "way/48808533",
        "building": "ruins",
        "heritage": "yes",
        "historic": "tomb",
        "historic:civilization": "ancient_egyptian",
        "name": "Pyramid of Nyuserre",
        "name:ru": "пирамида Ниусерра Ини",
        "tomb": "pyramid",
        "tourism": "attraction",
        "wikidata": "Q1751693",
        "wikimedia_commons": "Category:Pyramid of Nyuserre Ini",
        "wikipedia": "en:Pyramid of Nyuserre",
        "@geometry": "center"
      },
      "geometry": {
        "type": "Point",
        "coordinates": [
          31.2036312,
          29.8955433
        ]
      },
      "id": "way/48808533"
    },
    {
      "type": "Feature",
      "properties": {
        "@id": "way/48808535",
        "building": "ruins",
        "heritage": "yes",
        "historic": "tomb",
        "historic:civilization": "ancient_egyptian",
        "name": "هرم سهورة",
        "name:ar": "هرم سهورة",
        "name:en": "Pyramid of Sahure",
        "name:ru": "пирамида Сахура",
        "tomb": "pyramid",
        "tourism": "attraction",
        "wikidata": "Q131820",
        "wikimedia_commons": "Category:Pyramid of Sahure",
        "wikipedia": "en:Pyramid of Sahure",
        "@geometry": "center"
      },
      "geometry": {
        "type": "Point",
        "coordinates": [
          31.2033926,
          29.8975358
        ]
      },
      "id": "way/48808535"
    },
    {
      "type": "Feature",
      "properties": {
        "@id": "way/58169333",
        "building": "temple",
        "heritage": "yes",
        "historic": "temple",
        "historic:civilization": "ancient_egyptian",
        "name": "معبد الإلاه الشمس",
        "name:ar": "معبد الإلاه الشمس",
        "name:de": "Sonnenheiligtum des Niuserre",
        "name:en": "Sun Temple of Niuserre",
        "name:ru": "Солнечный храм Ниуссера Ини",
        "tourism": "attraction",
        "wikidata": "Q2009417",
        "wikimedia_commons": "Category:Nyuserre sun temple",
        "wikipedia": "en:Abu Gorab",
        "wikipedia:de": "Sonnenheiligtum des Niuserre",
        "wikipedia:fr": "Temple solaire d'Abou Ghorab",
        "@geometry": "center"
      },
      "geometry": {
        "type": "Point",
        "coordinates": [
          31.1941213,
          29.9040208
        ]
      },
      "id": "way/58169333"
    },
    {
      "type": "Feature",
      "properties": {
        "@id": "way/58169337",
        "alt_name": "Haram el-Shawaf",
        "building": "ruins",
        "heritage": "yes",
        "historic": "tomb",
        "historic:civilization": "ancient_egyptian",
        "name": "هرم الشواف",
        "name:ar": "هرم الشواف",
        "name:cs": "Džedkareova pyramida",
        "name:en": "Pyramid of Djedkare-Isesi",
        "name:fr": "Pyramide de Djedkarê Isési",
        "name:ru": "пирамида Джедкара",
        "tomb": "pyramid",
        "tourism": "attraction",
        "wikidata": "Q1232134",
        "wikimedia_commons": "Category:Pyramid of Djedkare Isesi",
        "wikipedia": "en:Pyramid of Djedkare Isesi",
        "@geometry": "center"
      },
      "geometry": {
        "type": "Point",
        "coordinates": [
          31.2209469,
          29.850964
        ]
      },
      "id": "way/58169337"
    },
    {
      "type": "Feature",
      "properties": {
        "@id": "way/73174154",
        "addr:city": "Giza",
        "addr:country": "EG",
        "alt_name:en": "Tomb of Queen Khentkawes",
        "building": "yes",
        "height": "18.5",
        "historic": "tomb",
        "historic:civilization": "ancient_egyptian",
        "material": "stone",
        "name": "هرم خنت كاوس 1",
        "name:ar": "هرم خنت كاوس 1",
        "name:de": "Grab der Chentkaus I.",
        "name:en": "Pyramid of Khentkawes 1",
        "name:es": "Pirámide de Jentkaus I",
        "name:hu": "Khentkawes piramis",
        "name:ko": "켄트카우스 1세의 피라미드",
        "name:ru": "пирамида царицы Хенткаус I",
        "roof:colour": "#F69B3C",
        "roof:height": "18.5",
        "roof:material": "brick",
        "roof:shape": "pyramidal",
        "tomb": "pyramid",
        "wikidata": "Q838479",
        "wikimedia_commons": "Category:Tomb of Khentkaus I",
        "wikipedia": "de:Grab der Chentkaus I.",
        "@geometry": "center"
      },
      "geometry": {
        "type": "Point",
        "coordinates": [
          31.1354663,
          29.9733862
        ]
      },
      "id": "way/73174154"
    },
    {
      "type": "Feature",
      "properties": {
        "@id": "way/73176950",
        "alt_name:ru": "пирамида Аменемхета II",
        "building": "ruins",
        "building:colour": "#ffe385",
        "building:material": "limestone",
        "historic": "tomb",
        "historic:civilization": "ancient_egyptian",
        "name": "White Pyramid",
        "name:de": "Amenemhet-II.-Pyramide",
        "name:en": "White Pyramid",
        "name:ru": "Белая пирамида",
        "source": "wikipedia",
        "tomb": "pyramid",
        "wikidata": "Q275666",
        "wikimedia_commons": "Category:White Pyramid of Amenemhat II",
        "wikipedia": "en:White Pyramid",
        "@geometry": "center"
      },
      "geometry": {
        "type": "Point",
        "coordinates": [
          31.2232766,
          29.8057216
        ]
      },
      "id": "way/73176950"
    },
    {
      "type": "Feature",
      "properties": {
        "@id": "way/73177590",
        "building": "ruins",
        "heritage": "yes",
        "historic": "archaeological_site",
        "historic:civilization": "ancient_egyptian",
        "name": "Pyramid of Senusret III",
        "name:de": "Sesostris-III.-Pyramide",
        "name:ru": "пирамида Сенусрета III",
        "source": "wikipedia",
        "tourism": "attraction",
        "wikidata": "Q1752090",
        "wikimedia_commons": "Category:Pyramid of Senusret III",
        "wikipedia": "en:Pyramid of Senusret III",
        "@geometry": "center"
      },
      "geometry": {
        "type": "Point",
        "coordinates": [
          31.2257308,
          29.8188537
        ]
      },
      "id": "way/73177590"
    },
    {
      "type": "Feature",
      "properties": {
        "@id": "way/73225566",
        "area": "yes",
        "historic": "tomb",
        "historic:civilization": "ancient_egyptian",
        "name": "Pyramid of Ameny Qemau",
        "name:ru": "пирамида Амени Кемау",
        "source": "wikipedia",
        "tomb": "pyramid",
        "wikidata": "Q462453",
        "wikimedia_commons": "Category:Pyramid of Ameni Qemau",
        "wikipedia": "en:Pyramid of Ameny Qemau",
        "@geometry": "center"
      },
      "geometry": {
        "type": "Point",
        "coordinates": [
          31.2216054,
          29.7818513
        ]
      },
      "id": "way/73225566"
    },
    {
      "type": "Feature",
      "properties": {
        "@id": "way/73227488",
        "addr:city": "Giza",
        "addr:country": "EG",
        "alt_name:cs": "Pyramidy v Gíze",
        "alt_name:hu": "Gizah Piramis-körzet",
        "archaeological_site": "necropolis",
        "barrier": "fence",
        "historic": "archaeological_site",
        "historic:civilization": "ancient_egyptian",
        "landmark": "1",
        "material": "stone",
        "name": "أهرامات الجيزة",
        "name:af": "Piramides van Giza",
        "name:ar": "أهرامات الجيزة",
        "name:az": "Giza piramidaları",
        "name:ba": "Гиза пирамидалары",
        "name:be": "Піраміды Гізы",
        "name:bg": "Пирамиди в Гиза",
        "name:bs": "Piramide u Gizi",
        "name:ca": "Piràmides de Guiza",
        "name:ce": "Гизан Пирамидаш",
        "name:cs": "Gízská nekropole",
        "name:cu": "Пѷрамїдꙑ Гиꙁꙑ",
        "name:cy": "Pyramidau Giza",
        "name:da": "Pyramidekomplekset med sfinksen ved Giza",
        "name:de": "Pyramiden von Gizeh",
        "name:dv": "ޖީޒާގެ ޕިރަމިޑް",
        "name:el": "Πυραμίδες της Γκίζας",
        "name:en": "Giza Pyramids",
        "name:eo": "Piramidoj de Gizo",
        "name:es": "Pirámides de Guiza",
        "name:et": "Giza püramiidid",
        "name:fa": "مجموعه اهرام جیزه",
        "name:fi": "Gizan pyramidit",
        "name:fr": "Nécropole de Gizeh",
        "name:fy": "Piramiden fan Giza",
        "name:gl": "Pirámides de Gizeh",
        "name:he": "מתחם הפירמידות בגיזה",
        "name:hi": "गीज़ा पिरामिड परिसर",
        "name:hr": "Piramide u Gizi",
        "name:hu": "Gízai piramisok",
        "name:hy": "Գիզայի բուրգեր",
        "name:id": "Kompleks piramida Giza",
        "name:ig": "Ihe mgbagwoju pyramid nke mmadu",
        "name:is": "Pýramídarnir í Gísa",
        "name:ja": "三大ピラミッド",
        "name:jv": "Piramidha Giza",
        "name:ko": "기자 네크로폴리스",
        "name:ku": "Pîramîdên Gîzeyê",
        "name:la": "Pyramides Gizenses",
        "name:lb": "Pyramide vu Gizeh",
        "name:lv": "Gīzas piramīdas",
        "name:mk": "Пирамиди во Гиза",
        "name:ml": "ഗിസയിലെ പിരമിഡുകൾ",
        "name:ms": "Kompleks piramid Giza",
        "name:nb": "Pyramidekomplekset ved Giza",
        "name:nl": "Piramiden van Gizeh",
        "name:nn": "Pyramidane ved Giza",
        "name:oc": "Piramidas de Giza",
        "name:pl": "Piramidy w Gizie",
        "name:ps": "د جیزه د اهرامونو ټولګه",
        "name:ro": "Piramidele din Giza",
        "name:ru": "Пирамиды Гизы",
        "name:si": "ගීසා පිරමීඩ සංකීර්ණය",
        "name:sq": "Piramidat e Gizës",
        "name:sr": "Велике пирамиде",
        "name:sv": "Pyramiderna i Giza",
        "name:sw": "Piramidi za Giza",
        "name:ta": "கிசா பிரமிடுத் தொகுதி",
        "name:th": "มหาสุสานกีซา",
        "name:tr": "Gize Piramitleri",
        "name:tt": "Cizä piramidaları",
        "name:uk": "Некрополь Ґізи",
        "name:ur": "اہرامات جیزہ",
        "name:uz": "Giza piramidalari",
        "name:vi": "Quần thể kim tự tháp Giza",
        "name:zh": "吉萨的墓地",
        "natural": "sand",
        "surface": "sand",
        "wikidata": "Q12508",
        "wikipedia": "en:Giza pyramid complex",
        "@geometry": "center"
      },
      "geometry": {
        "type": "Point",
        "coordinates": [
          31.125074,
          29.9707692
        ]
      },
      "id": "way/73227488"
    },
    {
      "type": "Feature",
      "properties": {
        "@id": "way/83492628",
        "building": "ruins",
        "historic": "ruins",
        "name": "Pyramid Senusret I",
        "name:ru": "пирамида Сенусерта I",
        "wikidata": "Q206610",
        "wikimedia_commons": "Category:Pyramid of Senusret I",
        "wikipedia": "de:Sesostris-I.-Pyramide",
        "@geometry": "center"
      },
      "geometry": {
        "type": "Point",
        "coordinates": [
          31.2211567,
          29.5601796
        ]
      },
      "id": "way/83492628"
    },
    {
      "type": "Feature",
      "properties": {
        "@id": "way/89034641",
        "alt_name": "هرم ميدون",
        "alt_name:en": "Meidum",
        "alt_name:es": "Falsa pirámide",
        "alt_name:ru": "Мейдумская пирамида",
        "alt_name_1": "Maydum",
        "alt_name_2": "Maidum",
        "archaeological_site": "tomb",
        "building": "yes",
        "building:colour": "#ffe385",
        "building:material": "limestone",
        "historic": "archaeological_site",
        "historic:civilization": "ancient_egyptian",
        "int_name": "Maidûn Pyramid, Maidun Pyramid",
        "name": "هرم ميدون",
        "name:ar": "هرم ميدون",
        "name:ar1": "هرم ميدون",
        "name:de": "Maidun Pyramid",
        "name:en": "Maidun Pyramid",
        "name:es": "Pirámide de Meidum",
        "name:fr": "Maidun Pyramid",
        "name:ru": "Медумская пирамида",
        "roof:colour": "#ffe385",
        "roof:material": "limestone",
        "wikidata": "Q13444093",
        "wikimedia_commons": "Category:Meidum Pyramid",
        "wikipedia": "de:Meidum-Pyramide",
        "@geometry": "center"
      },
      "geometry": {
        "type": "Point",
        "coordinates": [
          31.1571284,
          29.3883705
        ]
      },
      "id": "way/89034641"
    },
    {
      "type": "Feature",
      "properties": {
        "@id": "way/89036022",
        "alt_name": "هرم حوارة",
        "building": "yes",
        "heritage": "1",
        "historic": "archaeological_site",
        "historic:civilization": "middle_kingdom",
        "int_name": "Pyramid of Hawâra, Pyramid of Hawara",
        "material": "adobe",
        "name": "هرم حوارة",
        "name:ar": "هرم حوارة",
        "name:de": "Hawara Pyramide",
        "name:en": "Pyramid of Hawara",
        "name:fr": "Pyramide de Hawara",
        "name:hu": "Hawara piramis",
        "reservation": "no",
        "tourism": "attraction",
        "wikidata": "Q26237",
        "wikimedia_commons": "Category:Hawara",
        "wikipedia": "en:Hawara",
        "@geometry": "center"
      },
      "geometry": {
        "type": "Point",
        "coordinates": [
          30.8988643,
          29.2741815
        ]
      },
      "id": "way/89036022"
    },
    {
      "type": "Feature",
      "properties": {
        "@id": "way/89036414",
        "building": "yes",
        "heritage": "1",
        "historic": "archaeological_site",
        "material": "adobe",
        "name": "هرم اللاهون",
        "name:ar": "هرم اللاهون",
        "name:en": "Sesostris II Pyramid",
        "name:fr": "Pyramide de Sésostris II",
        "name:hu": "II. Szenuszert piramisa",
        "tourism": "attraction",
        "wikidata": "Q1698602",
        "wikimedia_commons": "Category:Pyramid of Senusret II",
        "wikipedia": "en:Pyramid of Senusret II",
        "@geometry": "center"
      },
      "geometry": {
        "type": "Point",
        "coordinates": [
          30.9707395,
          29.2361809
        ]
      },
      "id": "way/89036414"
    },
    {
      "type": "Feature",
      "properties": {
        "@id": "way/89828305",
        "alt_name": "Ramesseum",
        "historic": "archaeological_site",
        "int_name": "Ramesseum",
        "name": "رمسسيوم",
        "name:ar": "رمسسيوم",
        "name:de": "Ramesseum",
        "name:en": "Ramesseum",
        "name:fa": "رمسسيوم",
        "name:fr": "Ramesséum",
        "name:hu": "Ramesseum (II. Ramzesz templom)",
        "name:ml": "രമസിയം",
        "name:pl": "Ramesseum - Świątynia Ramzesa II",
        "name:ru": "Рамессеум",
        "source": "DuMont Reise-Taschenbuch Ägypten - Die klassische Nilreise",
        "tourism": "attraction",
        "wikidata": "Q311581",
        "wikimedia_commons": "Category:Ramesseum",
        "wikipedia": "en:Ramesseum",
        "@geometry": "center"
      },
      "geometry": {
        "type": "Point",
        "coordinates": [
          32.6101924,
          25.7279413
        ]
      },
      "id": "way/89828305"
    },
    {
      "type": "Feature",
      "properties": {
        "@id": "way/89828313",
        "alt_name": "The Worker's Village",
        "historic": "archaeological_site",
        "image": "https://commons.wikimedia.org/wiki/File:Deir_el-Medina,_Luxor,_Egipto,_2022-04-03,_DD_18.jpg",
        "name": "دير المدينة",
        "name:ar": "دير المدينة",
        "name:de": "Deir el-Medina",
        "name:en": "Dayr al-Madīnah",
        "name:fa": "دیر المدینه",
        "name:fr": "Deir el-Médineh",
        "name:pl": "Deir el-Medina - Starożytna Wioska Budowniczych Piramid",
        "name:ru": "Дейр эль-Медина",
        "natural": "scree",
        "old_name": "Set Maat",
        "tourism": "attraction",
        "wikidata": "Q750212",
        "wikimedia_commons": "Category:Deir el-Medina",
        "wikipedia": "en:Deir el-Medina",
        "@geometry": "center"
      },
      "geometry": {
        "type": "Point",
        "coordinates": [
          32.6012912,
          25.7283442
        ]
      },
      "id": "way/89828313"
    },
    {
      "type": "Feature",
      "properties": {
        "@id": "way/89828325",
        "archaeological_site": "temple",
        "historic": "archaeological_site",
        "historic:civilization": "ancient_egyptian",
        "name": "Mortuary Temple of Seti I",
        "name:cs": "Chrám Sethiho I.",
        "name:de": "Totentempel des Sethos I.",
        "name:it": "Tempio funerario di Seti I",
        "name:pl": "Świątynia Grobowa Seti I",
        "name:ru": "Поминальный храм Сети I",
        "ruins": "temple",
        "tourism": "attraction",
        "wikidata": "Q375642",
        "wikimedia_commons": "Category:Mortuary Temple of Seti I in Qurna",
        "wikipedia": "en:Mortuary Temple of Seti I",
        "@geometry": "center"
      },
      "geometry": {
        "type": "Point",
        "coordinates": [
          32.6285505,
          25.7324392
        ]
      },
      "id": "way/89828325"
    },
    {
      "type": "Feature",
      "properties": {
        "@id": "way/89828338",
        "historic": "archaeological_site",
        "name": "معبد تحتمس الثالث",
        "name:ar": "معبد تحتمس الثالث",
        "name:de": "Totentempel des Thutmosis III.",
        "name:en": "Mortuary Temple of Thutmose III",
        "name:fa": "معبد تحوتموس سوم",
        "name:hu": "III. Tuthmozisz templom",
        "name:pl": "Świątynia Grobowa Tutmozisa III",
        "wikidata": "Q2445753",
        "wikimedia_commons": "Category:Mortuary Temple of Thutmose III",
        "wikipedia": "fr:Temple des millions d'années de Thoutmôsis III",
        "@geometry": "center"
      },
      "geometry": {
        "type": "Point",
        "coordinates": [
          32.6130429,
          25.7301702
        ]
      },
      "id": "way/89828338"
    },
    {
      "type": "Feature",
      "properties": {
        "@id": "way/89828345",
        "alt_name": "Medinat Habu (Temple of Ramses III)",
        "historic": "archaeological_site",
        "int_name": "Medinat Habu",
        "name": "مدينة هبو",
        "name:ar": "مدينة هبو",
        "name:de": "Totentempel des Ramses III.",
        "name:en": "Medinet Habu",
        "name:es": "Templo funerario de Ramsés III",
        "name:fa": "هابو",
        "name:fr": "Temple des millions d'années de Ramsès III",
        "name:hu": "III. Ramses templom",
        "name:ml": "മദീനാത്ത് ഹബു",
        "name:nl": "Tempel van Ramses III",
        "name:pl": "Madinat Habu - Świątynia Grobowa Ramzesa III",
        "name:ru": "Мединет-Абу",
        "tourism": "attraction",
        "wikidata": "Q656040",
        "wikimedia_commons": "Category:Mortuary temple of Ramses III at Medinet Habu",
        "wikipedia": "en:Medinet Habu (temple)",
        "@geometry": "center"
      },
      "geometry": {
        "type": "Point",
        "coordinates": [
          32.6009841,
          25.7197354
        ]
      },
      "id": "way/89828345"
    },
    {
      "type": "Feature",
      "properties": {
        "@id": "way/89828347",
        "alt_name": "Temple Merenptah",
        "historic": "archaeological_site",
        "int_name": "Temple Merenptah",
        "name": "معبد مرنبتاح",
        "name:ar": "معبد مرنبتاح",
        "name:en": "Temple of Merneptah",
        "name:fa": "معبد مرنبتاح",
        "name:fr": "Temple mortuaire de Merenptah",
        "name:hu": "Merneptah templom",
        "name:ml": "മെർനെപ്തയുടെ ക്ഷേത്രം",
        "name:pl": "Świątynia Meremptaha",
        "wikidata": "Q2065935",
        "wikimedia_commons": "Category:Mortuary Temple of Merenptah",
        "wikipedia": "ar:معبد مرنبتاح الجنائزي",
        "@geometry": "center"
      },
      "geometry": {
        "type": "Point",
        "coordinates": [
          32.6066138,
          25.7250035
        ]
      },
      "id": "way/89828347"
    },
    {
      "type": "Feature",
      "properties": {
        "@id": "way/90370244",
        "historic": "archaeological_site",
        "name": "معبد توت عنخ آمون وآي وحور محب",
        "name:ar": "معبد توت عنخ آمون وآي وحور محب",
        "name:en": "Temple of Tutankhamen, Ay and Horemheb",
        "name:fa": "معبد توتانخامن، آی و هورمهب",
        "name:hu": "Tutenkamon templom",
        "name:ml": "ടുട്ടൻഖാമെൻ, ആയ്, ഹോറെംഹെബ് ക്ഷേത്രം",
        "name:pl": "Ruiny Świątyni Tutenhamona, Aya i Horemheba",
        "wikidata": "Q125552294",
        "wikimedia_commons": "Category:Mortuary Temple of Ay and Horemheb",
        "wikipedia": "fr:Temple des millions d'années d'Aÿ et Horemheb",
        "@geometry": "center"
      },
      "geometry": {
        "type": "Point",
        "coordinates": [
          32.6016269,
          25.7210209
        ]
      },
      "id": "way/90370244"
    },
    {
      "type": "Feature",
      "properties": {
        "@id": "way/90384474",
        "historic": "archaeological_site",
        "name": "Dra' Abu el-Naga'",
        "name:pl": "Dra Abu el-Naga",
        "name:ru": "Дра Абу эль-Нага",
        "wikidata": "Q676508",
        "wikimedia_commons": "Category:Dra Abu el-Naga",
        "wikipedia": "en:Dra' Abu el-Naga'",
        "@geometry": "center"
      },
      "geometry": {
        "type": "Point",
        "coordinates": [
          32.6215075,
          25.7369909
        ]
      },
      "id": "way/90384474"
    },
    {
      "type": "Feature",
      "properties": {
        "@id": "way/90384477",
        "alt_name": "جادة الفينيق",
        "alt_name:en": "Rams Road",
        "highway": "footway",
        "name": "طريق الكباش",
        "name:ar": "طريق الكباش",
        "name:de": "Sphinx-Allee",
        "name:en": "Avenue of Sphinxes",
        "name:es": "Avenida de las esfinges",
        "name:fr": "Allée des sphinx",
        "name:pl": "Aleja Sfinksów",
        "name:pt": "Avenida das Esfinges",
        "surface": "paving_stones",
        "tourism": "attraction",
        "wikidata": "Q6811142",
        "wikipedia": "en:Avenue of Sphinxes",
        "@geometry": "center"
      },
      "geometry": {
        "type": "Point",
        "coordinates": [
          32.6472224,
          25.7071476
        ]
      },
      "id": "way/90384477"
    },
    {
      "type": "Feature",
      "properties": {
        "@id": "way/90442808",
        "historic": "ruins",
        "name": "معبد منتو",
        "name:ar": "معبد منتو",
        "name:en": "Temple of Montu",
        "name:pl": "Świątynia Montu",
        "ruins": "temple",
        "tourism": "attraction",
        "wikidata": "Q2665873",
        "wikimedia_commons": "Category:Karnak precinct of Montu",
        "wikipedia": "en:Precinct of Montu",
        "@geometry": "center"
      },
      "geometry": {
        "type": "Point",
        "coordinates": [
          32.6606535,
          25.7200935
        ]
      },
      "id": "way/90442808"
    },
    {
      "type": "Feature",
      "properties": {
        "@id": "way/90442809",
        "access": "customers",
        "building": "temple",
        "building:condition": "ruinous",
        "historic": "ruins",
        "historic:civilization": "ancient_egyptian",
        "name": "معبد بتاح",
        "name:ar": "معبد بتاح",
        "name:en": "Temple of Ptah",
        "name:fr": "temple de Ptah",
        "ruins": "temple",
        "wikidata": "Q763599",
        "wikimedia_commons": "Category:Temple of Ptah in Karnak",
        "wikipedia": "en:Temple of Ptah (Karnak)",
        "@geometry": "center"
      },
      "geometry": {
        "type": "Point",
        "coordinates": [
          32.6596688,
          25.7196117
        ]
      },
      "id": "way/90442809"
    },
    {
      "type": "Feature",
      "properties": {
        "@id": "way/90446374",
        "alt_name:ar": "معبد كوم أمبو",
        "alt_name:it": "Tempio di Horus e Sobek",
        "historic": "ruins",
        "image": "https://photos.app.goo.gl/9dEC2YwAST1Y676s8",
        "int_name": "Temple of Kom Ombo;Kom Ombo",
        "name": "معبد كوم أمبو",
        "name:ar": "معبد كوم أمبو",
        "name:cs": "Chrám Kom Ombo",
        "name:de": "Doppeltempel von Kom Ombo",
        "name:en": "Temple of Kom Ombo",
        "name:fr": "Temple de Kôm Ombo",
        "name:it": "Tempio di Kom Ombo",
        "name:pt": "Templo de Com Ombo",
        "tourism": "attraction",
        "wikidata": "Q1243401",
        "wikimedia_commons": "Category:Temple of Kom Ombo",
        "wikipedia": "en:Temple of Kom Ombo",
        "@geometry": "center"
      },
      "geometry": {
        "type": "Point",
        "coordinates": [
          32.9284726,
          24.4521408
        ]
      },
      "id": "way/90446374"
    },
    {
      "type": "Feature",
      "properties": {
        "@id": "way/90456103",
        "historic": "archaeological_site",
        "name": "Umm el Qa'ab",
        "name:pl": "Umm al-Kaab",
        "name:ru": "Умм эль-Кааб",
        "tourism": "attraction",
        "wikidata": "Q853955",
        "wikimedia_commons": "Category:Umm el-Qaab",
        "wikipedia": "en:Umm El Qa'ab",
        "@geometry": "center"
      },
      "geometry": {
        "type": "Point",
        "coordinates": [
          31.9079301,
          26.1750593
        ]
      },
      "id": "way/90456103"
    },
    {
      "type": "Feature",
      "properties": {
        "@id": "way/90456105",
        "archaeological_site": "temple",
        "historic": "archaeological_site",
        "historic:civilization": "ancient_egyptian",
        "historic:era": "dynasty_XIX",
        "historic:period": "new_kingdom",
        "name": "Temple of Seti I",
        "wikidata": "Q1536148",
        "wikimedia_commons": "Category:Temple of Seti I in Abydos",
        "wikipedia": "ar:المعبد الجنائزي لسيتي الأول (أبيدوس)",
        "@geometry": "center"
      },
      "geometry": {
        "type": "Point",
        "coordinates": [
          31.9193816,
          26.1849157
        ]
      },
      "id": "way/90456105"
    },
    {
      "type": "Feature",
      "properties": {
        "@id": "way/90456111",
        "historic": "ruins",
        "historic:civilization": "ancient_egyptian",
        "name": "Shunet ez Zebib",
        "tourism": "attraction",
        "wikidata": "Q7505051",
        "wikimedia_commons": "Category:Shunet el-Zebib",
        "wikipedia": "en:Shunet El Zebib",
        "@geometry": "center"
      },
      "geometry": {
        "type": "Point",
        "coordinates": [
          31.908031,
          26.1895004
        ]
      },
      "id": "way/90456111"
    },
    {
      "type": "Feature",
      "properties": {
        "@id": "way/90456113",
        "historic": "archaeological_site",
        "name": "Osireion",
        "name:ru": "Осирион",
        "tourism": "attraction",
        "wikidata": "Q2033435",
        "wikimedia_commons": "Category:Osireion",
        "wikipedia": "en:Osireion",
        "@geometry": "center"
      },
      "geometry": {
        "type": "Point",
        "coordinates": [
          31.9184282,
          26.1841332
        ]
      },
      "id": "way/90456113"
    },
    {
      "type": "Feature",
      "properties": {
        "@id": "way/90500664",
        "historic": "archaeological_site",
        "name": "الكاب",
        "name:ar": "الكاب",
        "name:en": "Ancient town of Nikhab",
        "name:fr": "El Kab",
        "wikidata": "Q287705",
        "wikimedia_commons": "Category:El Kab",
        "wikipedia": "ar:الكاب (الأقصر)",
        "@geometry": "center"
      },
      "geometry": {
        "type": "Point",
        "coordinates": [
          32.7984225,
          25.1203979
        ]
      },
      "id": "way/90500664"
    },
    {
      "type": "Feature",
      "properties": {
        "@id": "way/93872388",
        "alt_name": "أنس الوجود",
        "alt_name:it": "Tempio di Filae",
        "historic": "temple",
        "historic:civilization": "ancient_egyptian;greek_egyptian",
        "historic:period": "late_period;ptolemaic_egypt",
        "image": "https://upload.wikimedia.org/wikipedia/commons/a/a7/Philae%2C_seen_from_the_water%2C_Aswan%2C_Egypt%2C_Oct_2004.jpg",
        "name": "معبد فيلة",
        "name:ar": "معبد فيلة",
        "name:cs": "Chrám Philae",
        "name:de": "Tempel von Philae",
        "name:en": "Philae Temple",
        "name:es": "Templo de Filae",
        "name:it": "Tempio di File",
        "name:ml": "ഫിലേ ക്ഷേത്രം",
        "name:pt": "Templo de Filas",
        "name:tr": "Philae Tapınağı",
        "tourism": "attraction",
        "wikidata": "Q1503673",
        "wikimedia_commons": "Category:Temple of Isis in Philae",
        "wikipedia": "ar:فيلة",
        "@geometry": "center"
      },
      "geometry": {
        "type": "Point",
        "coordinates": [
          32.8842309,
          24.0252701
        ]
      },
      "id": "way/93872388"
    },
    {
      "type": "Feature",
      "properties": {
        "@id": "way/97172148",
        "alt_name:en": "Khanqah of Sheikhun El Omary El Mamlouky",
        "amenity": "place_of_worship",
        "building": "yes",
        "heritage": "yes",
        "name": "خانقاه الأمير شيخون العمرى المملوكى",
        "name:ar": "خانقاه الأمير شيخون العمرى المملوكى",
        "name:en": "Khanqah of Shaykhu",
        "religion": "muslim",
        "start_date": "1355",
        "wikidata": "Q126913472",
        "@geometry": "center"
      },
      "geometry": {
        "type": "Point",
        "coordinates": [
          31.253016,
          30.0304381
        ]
      },
      "id": "way/97172148"
    },
    {
      "type": "Feature",
      "properties": {
        "@id": "way/97172149",
        "amenity": "place_of_worship",
        "building": "yes",
        "heritage": "yes",
        "name": "مسجد الأمير شيخون العمرى المملوكى",
        "name:ar": "مسجد الأمير شيخون العمرى المملوكى",
        "name:en": "Mosque of Sheikhun El Omary El Mamlouky",
        "religion": "muslim",
        "wikidata": "Q126913354",
        "wikimedia_commons": "Category:Shaykhu Mosque",
        "@geometry": "center"
      },
      "geometry": {
        "type": "Point",
        "coordinates": [
          31.2529984,
          30.0309903
        ]
      },
      "id": "way/97172149"
    },
    {
      "type": "Feature",
      "properties": {
        "@id": "way/97352936",
        "building": "yes",
        "name": "متحف بنى سويف",
        "name:ar": "متحف بنى سويف",
        "name:en": "Beni Suef Museum",
        "tourism": "museum",
        "wikidata": "Q12238625",
        "wikimedia_commons": "Category:Beni Suef Museum",
        "wikipedia": "ar:متحف بني سويف",
        "@geometry": "center"
      },
      "geometry": {
        "type": "Point",
        "coordinates": [
          31.1013031,
          29.0840621
        ]
      },
      "id": "way/97352936"
    },
    {
      "type": "Feature",
      "properties": {
        "@id": "way/97567990",
        "building": "yes",
        "historic": "castle",
        "name": "قصر القبة",
        "name:ar": "قصر القبة",
        "name:en": "Qubba Palace",
        "wikidata": "Q4165397",
        "wikimedia_commons": "Category:Koubbeh Palace",
        "wikipedia": "en:Koubbeh Palace",
        "@geometry": "center"
      },
      "geometry": {
        "type": "Point",
        "coordinates": [
          31.3025996,
          30.0987657
        ]
      },
      "id": "way/97567990"
    },
    {
      "type": "Feature",
      "properties": {
        "@id": "way/97885476",
        "addr:housenumber": "81511",
        "addr:street": "Abtal El Tahrir",
        "brand": "Sofitel",
        "brand:wikidata": "Q749431",
        "building": "yes",
        "historic": "building",
        "name": "Sofitel Legend Old Cataract Aswan Hotel",
        "name:ar": "فندق كتراكت القديم",
        "name:en": "Sofitel Legend Old Cataract Aswan Hotel",
        "start_date": "1899",
        "tourism": "hotel",
        "website": "https://sofitel.accor.com/en/hotels/1666.html",
        "wikidata": "Q1283262",
        "wikimedia_commons": "Category:Old Cataract Hotel",
        "wikipedia": "en:Old Cataract Hotel",
        "@geometry": "center"
      },
      "geometry": {
        "type": "Point",
        "coordinates": [
          32.8881827,
          24.0823013
        ]
      },
      "id": "way/97885476"
    },
    {
      "type": "Feature",
      "properties": {
        "@id": "way/98441708",
        "building": "yes",
        "heritage": "yes",
        "historic": "tomb",
        "historic:civilization": "ancient_egyptian",
        "name": "هرم أوسركاف",
        "name:ar": "هرم أوسركاف",
        "name:en": "Pyramid of Userkaf",
        "name:hu": "Userkaf piramisa",
        "name:pt": "Pirâmide de Userquerés",
        "name:ru": "пирамида Усеркафа",
        "tomb": "pyramid",
        "tourism": "attraction",
        "wikidata": "Q1570082",
        "wikimedia_commons": "Category:Pyramid of Userkaf",
        "wikipedia": "en:Pyramid of Userkaf",
        "@geometry": "center"
      },
      "geometry": {
        "type": "Point",
        "coordinates": [
          31.2188806,
          29.8734202
        ]
      },
      "id": "way/98441708"
    },
    {
      "type": "Feature",
      "properties": {
        "@id": "way/98441709",
        "alt_name:ru": "Пирамида Унаса",
        "building": "yes",
        "building:colour": "#ffe385",
        "building:material": "limestone",
        "heritage": "yes",
        "historic": "tomb",
        "historic:civilization": "ancient_egyptian",
        "name": "هرم أوناس",
        "name:ar": "هرم أوناس",
        "name:de": "Unas-Pyramide",
        "name:en": "Pyramid of Unas",
        "name:fr": "Pyramide d’Ounas",
        "name:hu": "Unasz piramis",
        "name:pl": "Piramida Unisa",
        "name:pt": "Pirâmide de Unas",
        "name:ru": "Пирамида Униса",
        "note": "height: original 42 m, currently 20 m",
        "tomb": "pyramid",
        "tourism": "attraction",
        "wikidata": "Q1478801",
        "wikimedia_commons": "Category:Pyramid of Unas",
        "wikipedia": "en:Pyramid of Unas",
        "@geometry": "center"
      },
      "geometry": {
        "type": "Point",
        "coordinates": [
          31.2149354,
          29.8681879
        ]
      },
      "id": "way/98441709"
    },
    {
      "type": "Feature",
      "properties": {
        "@id": "way/98450488",
        "building": "ruins",
        "heritage": "yes",
        "historic": "tomb",
        "historic:civilization": "ancient_egyptian",
        "name": "Unfinished Pyramid of Neferefe",
        "name:ru": "пирамида Неферефры",
        "tomb": "pyramid",
        "tourism": "attraction",
        "wikidata": "Q240579",
        "wikimedia_commons": "Category:Pyramid of Neferefre",
        "wikipedia": "en:Pyramid of Neferefre",
        "@geometry": "center"
      },
      "geometry": {
        "type": "Point",
        "coordinates": [
          31.2016947,
          29.8937108
        ]
      },
      "id": "way/98450488"
    },
    {
      "type": "Feature",
      "properties": {
        "@id": "way/98894290",
        "historic": "archaeological_site",
        "name": "معبد هبيس",
        "name:ar": "معبد هبيس",
        "name:en": "Temple of Hibis",
        "name:fr": "Temple d'Hibis",
        "tourism": "attraction",
        "wikidata": "Q4115642",
        "wikimedia_commons": "Category:Temple of Hibis",
        "wikipedia": "en:Temple of Hibis",
        "@geometry": "center"
      },
      "geometry": {
        "type": "Point",
        "coordinates": [
          30.5558233,
          25.47658
        ]
      },
      "id": "way/98894290"
    },
    {
      "type": "Feature",
      "properties": {
        "@id": "way/98903429",
        "historic": "archaeological_site",
        "name": "مقابر البجوات",
        "name:ar": "مقابر البجوات",
        "name:en": "Bagawat Necropolis",
        "name:fr": "Gabbanat el-Bagawat",
        "wikidata": "Q12244492",
        "wikimedia_commons": "Category:Bagawat",
        "wikipedia": "ar:البجوات",
        "@geometry": "center"
      },
      "geometry": {
        "type": "Point",
        "coordinates": [
          30.5549084,
          25.4858271
        ]
      },
      "id": "way/98903429"
    },
    {
      "type": "Feature",
      "properties": {
        "@id": "way/102555362",
        "building": "ruins",
        "heritage": "yes",
        "historic": "temple",
        "historic:civilization": "ancient_egyptian",
        "name": "Sun Temple of Userkaf",
        "name:ru": "Солнечный храм Усеркафа",
        "tourism": "attraction",
        "wikidata": "Q2301943",
        "wikimedia_commons": "Category:Userkaf sun temple",
        "wikipedia": "ar:معبد الشمس لأوسكارف",
        "@geometry": "center"
      },
      "geometry": {
        "type": "Point",
        "coordinates": [
          31.1991712,
          29.90005
        ]
      },
      "id": "way/102555362"
    },
    {
      "type": "Feature",
      "properties": {
        "@id": "way/102555364",
        "alt_name": "هرم سخم خت",
        "alt_name:en": "Pyramid of Sekhemkhet",
        "building": "ruins",
        "heritage": "yes",
        "historic": "tomb",
        "historic:civilization": "ancient_egyptian",
        "name": "الهرم المدفون",
        "name:ar": "الهرم المدفون",
        "name:en": "Buried Pyramid",
        "name:pt": "Pirâmide de Sequenquete",
        "name:ru": "пирамида Сехемхета",
        "tomb": "pyramid",
        "tourism": "attraction",
        "wikidata": "Q135318",
        "wikimedia_commons": "Category:Pyramid of Sekhemkhet",
        "wikipedia": "en:Buried Pyramid",
        "@geometry": "center"
      },
      "geometry": {
        "type": "Point",
        "coordinates": [
          31.2136489,
          29.866153
        ]
      },
      "id": "way/102555364"
    },
    {
      "type": "Feature",
      "properties": {
        "@id": "way/102555365",
        "historic": "ruins",
        "name": "تل العمارنة",
        "name:ar": "تل العمارنة",
        "name:en": "Amarna",
        "name:fr": "Amarna",
        "tourism": "attraction",
        "wikidata": "Q5736",
        "wikimedia_commons": "Category:Amarna",
        "wikipedia": "en:Amarna",
        "@geometry": "center"
      },
      "geometry": {
        "type": "Point",
        "coordinates": [
          30.8989379,
          27.6464494
        ]
      },
      "id": "way/102555365"
    },
    {
      "type": "Feature",
      "properties": {
        "@id": "way/102555366",
        "building": "ruins",
        "historic": "tomb",
        "historic:civilization": "ancient_egyptian",
        "name": "هرم مرن رع الاول",
        "name:ar": "هرم مرن رع الاول",
        "name:en": "Pyramid of Merenre I",
        "name:ru": "пирамида Меренра",
        "tomb": "pyramid",
        "wikidata": "Q629240",
        "wikimedia_commons": "Category:Pyramid of Merenre Nemtyemsaf I",
        "wikipedia": "en:Pyramid of Merenre",
        "@geometry": "center"
      },
      "geometry": {
        "type": "Point",
        "coordinates": [
          31.2153632,
          29.8506692
        ]
      },
      "id": "way/102555366"
    },
    {
      "type": "Feature",
      "properties": {
        "@id": "way/102555367",
        "building": "ruins",
        "heritage": "yes",
        "historic": "tomb",
        "historic:civilization": "ancient_egyptian",
        "name": "Pyramid of Pepi I",
        "name:en": "Pyramid of Pepi I",
        "name:ru": "пирамида Пепи I",
        "tomb": "pyramid",
        "tourism": "attraction",
        "wikidata": "Q1536118",
        "wikimedia_commons": "Category:Pyramid of Pepi I",
        "wikipedia": "en:Pyramid of Pepi I",
        "@geometry": "center"
      },
      "geometry": {
        "type": "Point",
        "coordinates": [
          31.2189899,
          29.8544317
        ]
      },
      "id": "way/102555367"
    },
    {
      "type": "Feature",
      "properties": {
        "@id": "way/103072436",
        "archaeological_site": "city",
        "boundary": "protected_area",
        "heritage": "1",
        "heritage:operator": "whc",
        "heritage:ref": "90",
        "heritage:website": "https://whc.unesco.org/en/list/90/",
        "historic": "archaeological_site",
        "name": "أبو مينا",
        "name:ar": "أبو مينا",
        "name:en": "Abu Mena",
        "name:es": "Abu Mena",
        "name:fr": "Abou Mena",
        "name:ja": "アブ・メナ",
        "name:nl": "Aboe Mena",
        "name:ru": "Раннехристианские памятники в Абу-Мена",
        "name:zh": "阿布米那基督教遗址",
        "note": "Endangered: 2001- Present",
        "protect_class": "98",
        "protection_title": "protected_site",
        "ref": "UNESCO World Heritate Site",
        "ref:whc": "90",
        "whc:criteria": "(iv)",
        "whc:inscription_date": "1979",
        "wikidata": "Q9278",
        "wikimedia_commons": "Category:Abu Mena",
        "wikipedia": "en:Abu Mena",
        "@geometry": "center"
      },
      "geometry": {
        "type": "Point",
        "coordinates": [
          29.6715511,
          30.8418757
        ]
      },
      "id": "way/103072436"
    },
    {
      "type": "Feature",
      "properties": {
        "@id": "way/103978215",
        "disused": "yes",
        "heritage": "1",
        "heritage:name": "Stone quarries and obelisk",
        "heritage:operator": "whc",
        "historic": "quarry",
        "historic:civilization": "ancient_egyptian",
        "landuse": "quarry",
        "name:de": "Steinbrüche von Assuan",
        "name:en": "Aswan quarries",
        "name:fr": "Carriere d'Assouan",
        "opening_hours": "Mo-Su 07:00-16:00",
        "ref:whc": "88-008",
        "resource": "granite",
        "source": "https://whc.unesco.org/document/100850",
        "tourism": "attraction",
        "whc:criteria": "(i),(iii),(vi)",
        "whc:inscription_date": "1979",
        "wikidata": "Q65827938",
        "wikipedia": "en:Stone quarries of ancient Egypt",
        "@geometry": "center"
      },
      "geometry": {
        "type": "Point",
        "coordinates": [
          32.8946988,
          24.0771153
        ]
      },
      "id": "way/103978215"
    },
    {
      "type": "Feature",
      "properties": {
        "@id": "way/110658128",
        "name": "متحف الإسكندرية القومي",
        "name:ar": "متحف الإسكندرية القومي",
        "name:en": "Alexandria National Museum",
        "tourism": "museum",
        "wikidata": "Q201383",
        "wikimedia_commons": "Category:Alexandria National Museum",
        "wikipedia": "en:Alexandria National Museum",
        "@geometry": "center"
      },
      "geometry": {
        "type": "Point",
        "coordinates": [
          29.9131473,
          31.2011126
        ]
      },
      "id": "way/110658128"
    },
    {
      "type": "Feature",
      "properties": {
        "@id": "way/110658139",
        "building": "yes",
        "check_date": "2024-10-26",
        "fee": "yes",
        "museum": "archaeological",
        "name": "المتحف اليونانى الرومانى",
        "name:ar": "المتحف اليونانى الرومانى",
        "name:en": "Graeco-Roman Museum",
        "opening_hours": "Mo-Su 09:00-17:00",
        "tourism": "museum",
        "website": "https://egymonuments.gov.eg/ar/museums/graeco-roman-museum",
        "wikidata": "Q1546319",
        "wikimedia_commons": "Category:Greco-Roman Museum, Alexandria",
        "wikipedia": "en:Graeco-Roman Museum",
        "@geometry": "center"
      },
      "geometry": {
        "type": "Point",
        "coordinates": [
          29.9068731,
          31.1992602
        ]
      },
      "id": "way/110658139"
    },
    {
      "type": "Feature",
      "properties": {
        "@id": "way/115773400",
        "alt_name": "Wadi al Muluk",
        "archaeological_site": "necropolis",
        "area": "yes",
        "historic": "archaeological_site",
        "landuse": "cemetery",
        "name": "وادي الملوك",
        "name:ar": "وادي الملوك",
        "name:cs": "Údolí králů",
        "name:de": "Tal der Könige",
        "name:en": "Valley of the Kings",
        "name:es": "Valle de los Reyes",
        "name:fa": "دره پادشاهان",
        "name:fr": "Vallée des rois",
        "name:hu": "Királyok völgye",
        "name:it": "Valle dei Re",
        "name:ml": "രാജാക്കന്മാരുടെ താഴ്വര",
        "name:pl": "Dolina Królów",
        "name:pt": "Vale dos Reis",
        "name:tr": "Krallar Vadisi",
        "natural": "scree",
        "tourism": "attraction",
        "wikidata": "Q133423",
        "wikimedia_commons": "Category:Valley of the Kings",
        "wikipedia": "en:Valley of the Kings",
        "@geometry": "center"
      },
      "geometry": {
        "type": "Point",
        "coordinates": [
          32.6013928,
          25.7402542
        ]
      },
      "id": "way/115773400"
    },
    {
      "type": "Feature",
      "properties": {
        "@id": "way/115780893",
        "archaeological_site": "necropolis",
        "historic": "archaeological_site",
        "landuse": "cemetery",
        "name": "وادي الملكات",
        "name:de": "Tal der Königinnen",
        "name:en": "Valley of the Queens",
        "name:fa": "دره ملکه‌ها",
        "name:fr": "Vallée des reines",
        "name:it": "Valle delle Regine",
        "name:pl": "Dolina Grobowców Królowych",
        "natural": "scree",
        "source_ref": "https://thebanmappingproject.com/sites/default/files/plans/Map-VOQ%20.pdf",
        "tourism": "attraction",
        "wikidata": "Q260386",
        "wikimedia_commons": "Category:Valley of the Queens",
        "wikipedia": "en:Valley of the Queens",
        "@geometry": "center"
      },
      "geometry": {
        "type": "Point",
        "coordinates": [
          32.5928883,
          25.7277006
        ]
      },
      "id": "way/115780893"
    },
    {
      "type": "Feature",
      "properties": {
        "@id": "way/115780896",
        "description": "Saite Period tombs (Dynasty 26)",
        "historic": "archaeological_site",
        "name": "al-Asāsīf",
        "name:ar": "العساسيف",
        "wikidata": "Q286631",
        "wikimedia_commons": "Category:El-Assasif",
        "wikipedia": "en:El-Assasif",
        "@geometry": "center"
      },
      "geometry": {
        "type": "Point",
        "coordinates": [
          32.6137356,
          25.7342572
        ]
      },
      "id": "way/115780896"
    },
    {
      "type": "Feature",
      "properties": {
        "@id": "way/115780901",
        "historic": "archaeological_site",
        "name": "Temple of Amenhotep II",
        "name:hu": "II. Amenhotep templom",
        "name:pl": "Świątynia Ramzesa-Siptaha",
        "wikidata": "Q140043879",
        "wikimedia_commons": "Category:Mortuary temple of Amenhotep II",
        "@geometry": "center"
      },
      "geometry": {
        "type": "Point",
        "coordinates": [
          32.6113323,
          25.7286085
        ]
      },
      "id": "way/115780901"
    },
    {
      "type": "Feature",
      "properties": {
        "@id": "way/115780905",
        "historic": "archaeological_site",
        "name": "معبد تاوسرت",
        "name:ar": "معبد تاوسرت",
        "name:en": "Temple of Tawosret",
        "name:fa": "معبد تاوسرت",
        "name:fr": "Temple de Tausert",
        "name:pl": "Świątynia Tauseret",
        "wikidata": "Q140043253",
        "wikimedia_commons": "Category:Mortuary Temple of Tausret",
        "@geometry": "center"
      },
      "geometry": {
        "type": "Point",
        "coordinates": [
          32.6073284,
          25.7261861
        ]
      },
      "id": "way/115780905"
    },
    {
      "type": "Feature",
      "properties": {
        "@id": "way/115780908",
        "historic": "archaeological_site",
        "name": "المعبد الجنائزي لأمنحتب الثالث",
        "name:en": "Mortuary Temple of Amenhotep III",
        "name:es": "Templo Funerario de Amenofis III",
        "name:fa": "معبد آمنحتپ سوم",
        "name:pl": "Świątynia Amenhotepa III",
        "name:pt": "Templo Mortuário de Amenófis III",
        "wikidata": "Q1058753",
        "wikimedia_commons": "Category:Kom el-Hettan",
        "wikipedia": "en:Mortuary Temple of Amenhotep III",
        "@geometry": "center"
      },
      "geometry": {
        "type": "Point",
        "coordinates": [
          32.6085635,
          25.7215402
        ]
      },
      "id": "way/115780908"
    },
    {
      "type": "Feature",
      "properties": {
        "@id": "way/115780909",
        "historic": "archaeological_site",
        "name": "Chapel of the White Queen",
        "name:pl": "Świątynia Amenhotepa II",
        "wikidata": "Q125744153",
        "wikimedia_commons": "Category:Chapel of the White Queen",
        "wikipedia": "fr:Chapelle de la Reine Blanche",
        "@geometry": "center"
      },
      "geometry": {
        "type": "Point",
        "coordinates": [
          32.6106931,
          25.7290722
        ]
      },
      "id": "way/115780909"
    },
    {
      "type": "Feature",
      "properties": {
        "@id": "way/115780911",
        "alt_name": "تمثال ممنون",
        "historic": "ruins",
        "image": "https://upload.wikimedia.org/wikipedia/commons/e/ee/Colossi_of_Memnon_May_2015_2.JPG",
        "name": "عملاق ممنون",
        "name:ar": "عملاق ممنون",
        "name:de": "Memnonkolosse",
        "name:en": "Colossi of Memnon",
        "name:es": "Colosos de Memnón",
        "name:fa": "دو مجسمه ممنون",
        "name:fr": "Colosses de Memnon",
        "name:it": "Colossi di Memnone",
        "name:pl": "Kolosy Memnona",
        "name:pt": "Colossos de Mêmnon",
        "name:ru": "Колоссы Мемнона",
        "name:tr": "Dev Memnon Heykelleri",
        "name:uk": "Колоси Мемнона",
        "tourism": "attraction",
        "wikidata": "Q750209",
        "wikimedia_commons": "Category:Colossi of Memnon",
        "wikipedia": "en:Colossi of Memnon",
        "@geometry": "center"
      },
      "geometry": {
        "type": "Point",
        "coordinates": [
          32.6104417,
          25.7204993
        ]
      },
      "id": "way/115780911"
    },
    {
      "type": "Feature",
      "properties": {
        "@id": "way/115784202",
        "access": "customers",
        "alt_name:fr": "Temple reposoir des barques sacrées de Séthi II (1202-1196 – XIXe dynastie)",
        "building": "temple",
        "building:condition": "ruinous",
        "building:levels": "1",
        "historic": "ruins",
        "historic:civilization": "ancient_egyptian",
        "name": "مقاصير ستي الثاني",
        "name:ar": "مقاصير ستي الثاني",
        "name:en": "Temple of Sethos II",
        "name:fr": "Reposoir de Séthi II",
        "ruins": "temple",
        "wikidata": "Q124889719",
        "wikimedia_commons": "Category:Barque Shrine of Seti II in Karnak",
        "@geometry": "center"
      },
      "geometry": {
        "type": "Point",
        "coordinates": [
          32.6570687,
          25.7192461
        ]
      },
      "id": "way/115784202"
    },
    {
      "type": "Feature",
      "properties": {
        "@id": "way/115784205",
        "alt_name:en": "Festival Hall of Thutmose III (Akh-menu)",
        "historic": "ruins",
        "historic:civilization": "ancient_egyptian",
        "name": "معبد الأخمنو",
        "name:ar": "معبد الأخمنو",
        "name:en": "Temple of Akhmenu",
        "name:fr": "Akhmenou ou « salle des fêtes » de Thoutmosis III",
        "tourism": "attraction",
        "wikidata": "Q13218743",
        "wikimedia_commons": "Category:Festival Hall of Thutmose III",
        "wikipedia": "en:Festival Hall of Thutmose III",
        "@geometry": "center"
      },
      "geometry": {
        "type": "Point",
        "coordinates": [
          32.6596655,
          25.7177166
        ]
      },
      "id": "way/115784205"
    },
    {
      "type": "Feature",
      "properties": {
        "@id": "way/115784207",
        "access": "customers",
        "alt_name:en": "Chapel of Tuthmosis III",
        "building": "religious",
        "building:condition": "ruinous",
        "historic": "ruins",
        "historic:civilization": "ancient_egyptian",
        "name": "Contra Temple",
        "name:de": "Gegenkapelle",
        "name:en": "Contra Temple",
        "tourism": "attraction",
        "wikidata": "Q125053343",
        "wikimedia_commons": "Category:Karnak Contra Temple",
        "@geometry": "center"
      },
      "geometry": {
        "type": "Point",
        "coordinates": [
          32.6599603,
          25.7176441
        ]
      },
      "id": "way/115784207"
    },
    {
      "type": "Feature",
      "properties": {
        "@id": "way/115784209",
        "access": "customers",
        "building": "temple",
        "building:condition": "ruinous",
        "historic": "ruins",
        "historic:civilization": "ancient_egyptian",
        "name": "معبد خونسو",
        "name:ar": "معبد خونسو",
        "name:de": "Tempel des Chons",
        "name:en": "Temple of Khonsu",
        "name:fa": "معبد خونسو",
        "name:fr": "Temple de Khonsou",
        "name:pl": "Świątynia Chonsu w Karnaku",
        "name:tr": "Khonsu Tapınağı",
        "ruins": "temple",
        "wikidata": "Q746382",
        "wikimedia_commons": "Category:Temple of Khonsu in Karnak",
        "wikipedia": "en:Temple of Khonsu",
        "@geometry": "center"
      },
      "geometry": {
        "type": "Point",
        "coordinates": [
          32.6558579,
          25.7167727
        ]
      },
      "id": "way/115784209"
    },
    {
      "type": "Feature",
      "properties": {
        "@id": "way/115784211",
        "access": "customers",
        "alt_name:en": "Edifice of Amenhotep II",
        "building": "temple",
        "building:condition": "ruinous",
        "historic": "ruins",
        "historic:civilization": "ancient_egyptian",
        "name": "معبد امنحتب الثانى",
        "name:ar": "معبد امنحتب الثانى",
        "name:en": "Temple of Amenhotep II",
        "name:es": "Templo de Amenhotep II",
        "name:fr": "Edifice d'Amenophis II",
        "wikidata": "Q125099871",
        "wikimedia_commons": "Category:Temple of Amenhotep II in Karnak",
        "@geometry": "center"
      },
      "geometry": {
        "type": "Point",
        "coordinates": [
          32.6574802,
          25.7158362
        ]
      },
      "id": "way/115784211"
    },
    {
      "type": "Feature",
      "properties": {
        "@id": "way/115784218",
        "historic": "ruins",
        "historic:civilization": "ancient_egyptian",
        "name": "صالة الأعمدة الكبرى",
        "name:ar": "صالة الأعمدة الكبرى",
        "name:en": "Great Hypostyle Hall",
        "name:fr": "Grande salle hypostyle",
        "name:pl": "Sala hypostylowa",
        "note": "Originally built by Sety I - 1294 BCE to 1279 BCE Modified by Ramesses II - 1279 BCE to 1213 BCE",
        "wikidata": "Q3775633",
        "wikimedia_commons": "Category:Great Hypostyle Hall of Karnak",
        "wikipedia": "ar:قاعة الأعمدة الكبرى",
        "@geometry": "center"
      },
      "geometry": {
        "type": "Point",
        "coordinates": [
          32.6579243,
          25.7185783
        ]
      },
      "id": "way/115784218"
    },
    {
      "type": "Feature",
      "properties": {
        "@id": "way/115784225",
        "access": "customers",
        "building": "yes",
        "building:condition": "ruinous",
        "historic": "ruins",
        "historic:civilization": "ancient_egyptian",
        "name": "معبد رمسيس الثالث",
        "name:ar": "معبد رمسيس الثالث",
        "name:en": "Temple Barque Chapel of Ramesses III",
        "name:fr": "Temple reposoir de Ramsès III",
        "note": "Originally built by Ramesses III - 1184 BCE to 1153 BCE (1186-1154 – XXe dynastie)",
        "ruins": "temple",
        "wikidata": "Q124894323",
        "wikimedia_commons": "Category:Temple of Ramses III in Karnak",
        "@geometry": "center"
      },
      "geometry": {
        "type": "Point",
        "coordinates": [
          32.6570121,
          25.7183286
        ]
      },
      "id": "way/115784225"
    },
    {
      "type": "Feature",
      "properties": {
        "@id": "way/115784226",
        "access": "customers",
        "alt_name:en": "Botanical garden of Thutmosis III",
        "building": "yes",
        "building:condition": "ruinous",
        "historic": "ruins",
        "historic:civilization": "ancient_egyptian",
        "name": "Botanical Gardens of Thutmose III",
        "name:en": "Botanical Gardens of Thutmose III",
        "name:fr": "Jardin botanique de Thoutmôsis III",
        "tourism": "attraction",
        "wikidata": "Q3162408",
        "wikimedia_commons": "Category:Botanical garden of Thutmosis III",
        "wikipedia": "fr:Jardin botanique de Thoutmôsis III",
        "@geometry": "center"
      },
      "geometry": {
        "type": "Point",
        "coordinates": [
          32.6597725,
          25.717765
        ]
      },
      "id": "way/115784226"
    },
    {
      "type": "Feature",
      "properties": {
        "@id": "way/115784228",
        "access": "customers",
        "building": "religious",
        "building:condition": "reconstructed",
        "historic": "ruins",
        "historic:civilization": "ancient_egyptian",
        "historic:era": "dynasty_XVIII",
        "historic:period": "new_kingdom",
        "name": "Red Chapel of Hatshepsut",
        "ruins": "building",
        "wikidata": "Q1427051",
        "wikimedia_commons": "Category:Red Chapel of Hatshepsut",
        "wikipedia": "en:Chapelle Rouge",
        "@geometry": "center"
      },
      "geometry": {
        "type": "Point",
        "coordinates": [
          32.6576617,
          25.7204367
        ]
      },
      "id": "way/115784228"
    },
    {
      "type": "Feature",
      "properties": {
        "@id": "way/115784229",
        "name": "المتحف المفتوح",
        "name:ar": "المتحف المفتوح",
        "name:de": "Freilichtmuseum",
        "name:en": "Open-Air Museum",
        "tourism": "museum",
        "wikidata": "Q13218762",
        "wikimedia_commons": "Category:Karnak open air museum",
        "wikipedia": "en:Karnak Open Air Museum",
        "@geometry": "center"
      },
      "geometry": {
        "type": "Point",
        "coordinates": [
          32.6574848,
          25.7203119
        ]
      },
      "id": "way/115784229"
    },
    {
      "type": "Feature",
      "properties": {
        "@id": "way/115784230",
        "building": "religious",
        "building:condition": "reconstructed",
        "historic": "archaeological_site",
        "historic:civilization": "ancient_egyptian",
        "historic:era": "dynasty_XVIII",
        "historic:period": "new_kingdom",
        "name": "Alabaster Chapel of Thutmosis III",
        "name:de": "Alabasterkapelle Thutmosis’ III.",
        "name:en": "Alabaster Chapel of Thutmosis III",
        "wikidata": "Q124884454",
        "wikimedia_commons": "Category:Alabaster Chapel of Thutmosis III in Karnak",
        "@geometry": "center"
      },
      "geometry": {
        "type": "Point",
        "coordinates": [
          32.6572116,
          25.7205009
        ]
      },
      "id": "way/115784230"
    },
    {
      "type": "Feature",
      "properties": {
        "@id": "way/116646291",
        "building": "yes",
        "historic": "tomb",
        "name": "KV1",
        "name:en": "KV1 Rameses VII",
        "wikidata": "Q778902",
        "wikimedia_commons": "Category:KV1",
        "wikipedia": "ar:مقبرة 1",
        "@geometry": "center"
      },
      "geometry": {
        "type": "Point",
        "coordinates": [
          32.6019565,
          25.742441
        ]
      },
      "id": "way/116646291"
    },
    {
      "type": "Feature",
      "properties": {
        "@id": "way/118174997",
        "access": "customers",
        "building": "yes",
        "building:condition": "ruinous",
        "historic": "ruins",
        "historic:civilization": "ancient_egyptian",
        "name": "south exterior wall",
        "name:de": "südliche Außenwand",
        "name:en": "south exterior wall",
        "name:fr": "mur extérieur sud",
        "ruins": "wall",
        "wikidata": "Q125102594",
        "wikimedia_commons": "Category:South exterior wall of the temple of Amun-Ra in Karnak",
        "@geometry": "center"
      },
      "geometry": {
        "type": "Point",
        "coordinates": [
          32.6588927,
          25.7176149
        ]
      },
      "id": "way/118174997"
    },
    {
      "type": "Feature",
      "properties": {
        "@id": "way/118175001",
        "access": "customers",
        "building": "yes",
        "building:condition": "ruinous",
        "historic": "ruins",
        "historic:civilization": "ancient_egyptian",
        "name": "north exterior wall",
        "name:de": "nördliche Außenwand",
        "name:en": "north exterior wall",
        "name:fr": "mur extérieur nord",
        "ruins": "wall",
        "wikidata": "Q125103437",
        "@geometry": "center"
      },
      "geometry": {
        "type": "Point",
        "coordinates": [
          32.6594557,
          25.7183084
        ]
      },
      "id": "way/118175001"
    },
    {
      "type": "Feature",
      "properties": {
        "@id": "way/118175004",
        "alt_name:fr": "Temple de Taharqa",
        "historic": "ruins",
        "historic:civilization": "ancient_egyptian",
        "name": "Temple of Taharqa",
        "name:en": "Temple of Taharqa",
        "name:fr": "Edifice de Taharqa du Lac",
        "ruins": "temple",
        "wikidata": "Q124956023",
        "@geometry": "center"
      },
      "geometry": {
        "type": "Point",
        "coordinates": [
          32.6585132,
          25.7176145
        ]
      },
      "id": "way/118175004"
    },
    {
      "type": "Feature",
      "properties": {
        "@id": "way/126613246",
        "historic": "monument",
        "name": "Small Aten Temple",
        "name:hu": "Kis Aton templom",
        "source": "wikipedia",
        "tourism": "attraction",
        "wikidata": "Q586630",
        "wikimedia_commons": "Category:Small Temple of the Aten",
        "wikipedia": "en:Small Aten Temple",
        "@geometry": "center"
      },
      "geometry": {
        "type": "Point",
        "coordinates": [
          30.8962838,
          27.6451318
        ]
      },
      "id": "way/126613246"
    },
    {
      "type": "Feature",
      "properties": {
        "@id": "way/126613336",
        "heritage": "1",
        "historic": "ruins",
        "name": "Great Aten Temple",
        "source": "Bing",
        "tourism": "attraction",
        "wikidata": "Q1214008",
        "wikimedia_commons": "Category:Great Temple of the Aten",
        "wikipedia": "en:Great Temple of the Aten",
        "@geometry": "center"
      },
      "geometry": {
        "type": "Point",
        "coordinates": [
          30.9008476,
          27.6504909
        ]
      },
      "id": "way/126613336"
    },
    {
      "type": "Feature",
      "properties": {
        "@id": "way/133868409",
        "building": "yes",
        "historic": "temple",
        "int_name": "Temple of Khnum",
        "name": "Temple of Khnum",
        "name:en": "Temple of Khnum",
        "name:fr": "Temple de Khnoum (Esna)",
        "tourism": "attraction",
        "wikidata": "Q1131024",
        "wikimedia_commons": "Category:Esna Temple",
        "wikipedia": "ar:معبد خنوم",
        "@geometry": "center"
      },
      "geometry": {
        "type": "Point",
        "coordinates": [
          32.5561992,
          25.2934662
        ]
      },
      "id": "way/133868409"
    },
    {
      "type": "Feature",
      "properties": {
        "@id": "way/142389617",
        "historic": "fort",
        "name": "Green Island",
        "natural": "coastline",
        "place": "islet",
        "wikidata": "Q5602706",
        "wikimedia_commons": "Category:Green Island (Egypt)",
        "wikipedia": "en:Green Island (Egypt)",
        "@geometry": "center"
      },
      "geometry": {
        "type": "Point",
        "coordinates": [
          32.529806,
          29.9120061
        ]
      },
      "id": "way/142389617"
    },
    {
      "type": "Feature",
      "properties": {
        "@id": "way/157879323",
        "building": "yes",
        "name": "مركز القبة السماوية العلمي",
        "name:ar": "مركز القبة السماوية العلمي",
        "name:en": "Planetarium Science Center",
        "tourism": "museum",
        "wikidata": "Q7201222",
        "wikimedia_commons": "Category:Bibliotheca Alexandrina planetarium",
        "wikipedia": "en:Planetarium Science Center",
        "@geometry": "center"
      },
      "geometry": {
        "type": "Point",
        "coordinates": [
          29.9081435,
          31.208971
        ]
      },
      "id": "way/157879323"
    },
    {
      "type": "Feature",
      "properties": {
        "@id": "way/163410612",
        "alt_name:de": "Djedefre-Pyramide",
        "building": "pyramide",
        "ele": "155",
        "height": "11.4",
        "name": "Pyramid of Djedefre",
        "name:de": "Radjedef-Pyramide",
        "name:en": "Pyramid of Djedefre",
        "name:es": "Pirámide de Dyedefra",
        "name:fr": "Pyramide de Djédefrê",
        "name:hu": "Dzsedefré piramis",
        "name:ru": "пирамида Джедефры",
        "roof:height": "138 m",
        "roof:shape": "pyramidal",
        "ruins": "yes",
        "tourism": "attraction",
        "wikidata": "Q1569654",
        "wikimedia_commons": "Category:Pyramid of Djedefra",
        "wikipedia": "en:Pyramid of Djedefre",
        "@geometry": "center"
      },
      "geometry": {
        "type": "Point",
        "coordinates": [
          31.0749381,
          30.0321443
        ]
      },
      "id": "way/163410612"
    },
    {
      "type": "Feature",
      "properties": {
        "@id": "way/186248805",
        "alt_name": "Ismant el-Kharab;Ismant el-Charāb",
        "historic": "archaeological_site",
        "name": "إسمنت الخراب",
        "name:ar": "إسمنت الخراب",
        "name:el": "Κελλις",
        "name:en": "Kellis",
        "name:fr": "Kellis",
        "source": "bing",
        "tourism": "attraction",
        "wikidata": "Q3814386",
        "wikimedia_commons": "Category:Kellis",
        "wikipedia": "ar:أسمنت الخراب",
        "@geometry": "center"
      },
      "geometry": {
        "type": "Point",
        "coordinates": [
          29.095113,
          25.5170018
        ]
      },
      "id": "way/186248805"
    },
    {
      "type": "Feature",
      "properties": {
        "@id": "way/187011617",
        "building": "temple",
        "historic": "ruins",
        "historic:civilization": "ancient_egyptian",
        "historic:era": "dynasty_XVIII",
        "historic:period": "new_kingdom",
        "name:de": "Tempel von Amada",
        "name:en": "Temple of Amada",
        "source": "bing",
        "tourism": "attraction",
        "wikidata": "Q11951235",
        "wikimedia_commons": "Category:Temple of Amada",
        "wikipedia": "fr:Temple d'Amon (Amada)",
        "@geometry": "center"
      },
      "geometry": {
        "type": "Point",
        "coordinates": [
          32.2626039,
          22.7311392
        ]
      },
      "id": "way/187011617"
    },
    {
      "type": "Feature",
      "properties": {
        "@id": "way/188053938",
        "historic": "archaeological_site",
        "name": "Tanis",
        "name:de": "Tanis",
        "name:en": "Tanis",
        "wikipedia": "de:Tanis",
        "@geometry": "center"
      },
      "geometry": {
        "type": "Point",
        "coordinates": [
          31.8834674,
          30.972502
        ]
      },
      "id": "way/188053938"
    },
    {
      "type": "Feature",
      "properties": {
        "@id": "way/197960952",
        "amenity": "place_of_worship",
        "building": "church",
        "denomination": "coptic_orthodox",
        "historic": "church",
        "loc_name": "كنيسة أبي سرجة",
        "loc_name:en": "Abu Serga Church",
        "name": "كنيسة المغارة والشهيدين سرجيوس وواخس",
        "name:ar": "كنيسة المغارة والشهيدين سرجيوس وواخس",
        "name:de": "Sergios-und-Bakchos-Kirche",
        "name:en": "Cavern Church, and The Martyrs Sergius and Bacchus",
        "name:es": "Iglesia de San Sergio",
        "name:fa": "کلیسای مقدس سرجیوس و باکوس",
        "religion": "christian",
        "tourism": "attraction",
        "wikidata": "Q2965718",
        "wikimedia_commons": "Category:Saints Sergius and Bacchus Church, Cairo",
        "wikipedia": "en:Saints Sergius and Bacchus Church",
        "@geometry": "center"
      },
      "geometry": {
        "type": "Point",
        "coordinates": [
          31.2306554,
          30.0062615
        ]
      },
      "id": "way/197960952"
    },
    {
      "type": "Feature",
      "properties": {
        "@id": "way/197961520",
        "addr:city": "القاهرة",
        "building": "yes",
        "name": "متحف الخزف الإسلامي",
        "name:ar": "متحف الخزف الإسلامي",
        "name:en": "Museum of Islamic Ceramics",
        "name:es": "Museo de Cerámica Islamica",
        "tourism": "museum",
        "website": "http://www.icm.gov.eg/",
        "wheelchair": "no",
        "wikidata": "Q6940902",
        "wikipedia": "ar:متحف الخزف الإسلامي",
        "@geometry": "center"
      },
      "geometry": {
        "type": "Point",
        "coordinates": [
          31.223104,
          30.0564865
        ]
      },
      "id": "way/197961520"
    },
    {
      "type": "Feature",
      "properties": {
        "@id": "way/198032492",
        "access": "yes",
        "addr:city": "Giza",
        "addr:country": "EG",
        "alt_name:en": "Queen Hetepheres' tomb",
        "building": "yes",
        "description": "King's wife, king's daughter: Wife of Sneferu and mother of Khufu.",
        "height": "30.25",
        "historic": "tomb",
        "historic:civilization": "ancient_egyptian",
        "material": "stone",
        "name:en": "Pyramid of Hetepheres I",
        "name:es": "Tumba de Hetepheres I",
        "name:fr": "Tombe de la Reine Hétep-Hérès Ire",
        "name:hu": "I. Hetepheres királynő piramisa",
        "name:ko": "헤테페레스 1세의 무덤",
        "name:ru": "пирамида царицы Хетепхерес I",
        "place": "locality",
        "ref": "G1a",
        "roof:colour": "#F69B3C",
        "roof:height": "30.25",
        "roof:material": "brick",
        "roof:shape": "pyramidal",
        "start_date": "4th dynasty (time of Sneferu to Khufu)",
        "tomb": "pyramid",
        "tourism": "attraction",
        "wikidata": "Q3411252",
        "wikimedia_commons": "Category:Pyramid G Ia",
        "wikipedia": "en:Pyramid G1-a",
        "@geometry": "center"
      },
      "geometry": {
        "type": "Point",
        "coordinates": [
          31.1362122,
          29.9788677
        ]
      },
      "id": "way/198032492"
    },
    {
      "type": "Feature",
      "properties": {
        "@id": "way/199298087",
        "fee": "yes",
        "landuse": "commercial",
        "name": "متحف العلمين العسكري",
        "name:ar": "متحف العلمين العسكري",
        "name:de": "Militärmuseum al-Alamain",
        "name:en": "Al-Alamein Military Museum",
        "opening_hours": "Mo-Su 09:00-16:00",
        "tourism": "museum",
        "wikidata": "Q12238614",
        "wikimedia_commons": "Category:El Alamein Military Museum",
        "wikipedia": "ar:متحف العلمين العسكري",
        "@geometry": "center"
      },
      "geometry": {
        "type": "Point",
        "coordinates": [
          28.9429483,
          30.8415229
        ]
      },
      "id": "way/199298087"
    },
    {
      "type": "Feature",
      "properties": {
        "@id": "way/199298095",
        "barrier": "fence",
        "cemetery": "war_cemetery",
        "cemetery:conflict": "WW2",
        "cemetery:country": "EN",
        "contact:website": "https://www.cwgc.org/find-a-cemetery/cemetery/2019000/el-alamein-war-cemetery/",
        "historic": "yes",
        "landuse": "cemetery",
        "name": "El-Alamein War Cemetery",
        "name:en": "El-Alamein War Cemetery",
        "operator": "Commonwealth War Graves Commission",
        "wikidata": "Q12404548",
        "@geometry": "center"
      },
      "geometry": {
        "type": "Point",
        "coordinates": [
          28.9469313,
          30.8376823
        ]
      },
      "id": "way/199298095"
    },
    {
      "type": "Feature",
      "properties": {
        "@id": "way/201188348",
        "addr:country": "EG",
        "addr:district": "الدقى",
        "addr:district:en": "Al Doqi",
        "addr:housenumber": "80",
        "addr:postcode": "12612",
        "addr:province": "الجيزه",
        "addr:province:en": "Giza",
        "addr:street": "شارع النيل",
        "addr:street:en": "Al Nil Street",
        "addr:subdistrict": "الاورمان",
        "addr:subdistrict:en": "Al Orman",
        "alt_name": "متحف محمود خليل",
        "building": "public",
        "name": "متحف محمود خليل",
        "name:ar": "متحف محمود خليل",
        "name:en": "Mahmoud Khaleel",
        "note": "tag name --> arabic",
        "tourism": "museum",
        "wikidata": "Q4115728",
        "wikimedia_commons": "Category:Mahmoud Khalil Museum",
        "wikipedia": "en:Mohamed Mahmoud Khalil Museum",
        "@geometry": "center"
      },
      "geometry": {
        "type": "Point",
        "coordinates": [
          31.2195836,
          30.0355567
        ]
      },
      "id": "way/201188348"
    },
    {
      "type": "Feature",
      "properties": {
        "@id": "way/215304755",
        "barrier": "wall",
        "exhibit": "history",
        "name": "المتحف القبطى",
        "name:ar": "المتحف القبطى",
        "name:de": "Koptisches Museum",
        "name:en": "The Coptic Museum",
        "name:es": "Museo Copto",
        "name:ko": "콥트 박물관",
        "name:ml": "കോപ്റ്റിക് മ്യൂസിയം",
        "name:pt": "Museu Copta",
        "tourism": "museum",
        "website": "http://www.coptic-cairo.com/museum/museum.html",
        "wheelchair": "yes",
        "wikidata": "Q1784177",
        "wikimedia_commons": "Category:Coptic Museum in Cairo",
        "wikipedia": "en:Coptic Museum",
        "@geometry": "center"
      },
      "geometry": {
        "type": "Point",
        "coordinates": [
          31.2303596,
          30.0057685
        ]
      },
      "id": "way/215304755"
    },
    {
      "type": "Feature",
      "properties": {
        "@id": "way/216932198",
        "historic": "archaeological_site",
        "name": "Dendera Temple Complex",
        "name:cs": "Chrámový komplex Dendera",
        "name:de": "Tempel von Dendera",
        "name:en": "Dendera Temple Complex",
        "opening_hours": "Mo-Su 07:00-17:00",
        "toilets": "yes",
        "tourism": "attraction",
        "wikidata": "Q735254",
        "wikimedia_commons": "Category:Dendera Temple complex",
        "wikipedia": "en:Dendera Temple complex",
        "@geometry": "center"
      },
      "geometry": {
        "type": "Point",
        "coordinates": [
          32.6707451,
          26.143423
        ]
      },
      "id": "way/216932198"
    },
    {
      "type": "Feature",
      "properties": {
        "@id": "way/219496480",
        "alt_name": "Whale Valley",
        "alt_name_1": "Valley of Whales",
        "alt_name_2": "The Valley of Whales",
        "boundary": "protected_area",
        "geological": "palaeontological_site",
        "heritage": "1",
        "heritage:operator": "whc",
        "heritage:ref": "1186",
        "heritage:website": "https://whc.unesco.org/en/list/1186/",
        "leisure": "nature_reserve",
        "name": "محمية وادى الحيتان الطبيعية",
        "name:ar": "محمية وادى الحيتان الطبيعية",
        "name:en": "Wadi Al-Hitan (Whale Valley)",
        "name:es": "Uadi Al Hitan (El Valle de las Ballenas)",
        "name:fr": "Wadi Al-Hitan (La vallée des Baleines)",
        "name:hu": "Hitan vadi TVT",
        "name:it": "Valle delle Balene",
        "name:ja": "ワディ・エル‐ヒータン（クジラの谷）",
        "name:nl": "Wadi Al-Hitan (walvisvallei)",
        "name:ru": "Вади-аль-Хитан («Долина китов»)",
        "name:zh": "鲸鱼峡谷",
        "official_name": "Wadi Al Hitan Protectorate",
        "protect_class": "98",
        "protection_title": "Special Protected Area",
        "ref:whc": "1186",
        "tourism": "attraction",
        "whc:criteria": "(viii)",
        "whc:inscription_date": "2005",
        "wikidata": "Q501833",
        "wikimedia_commons": "Category:Wadi El-Hitan",
        "wikipedia": "en:Wadi El Hitan",
        "@geometry": "center"
      },
      "geometry": {
        "type": "Point",
        "coordinates": [
          30.0874617,
          29.2922663
        ]
      },
      "id": "way/219496480"
    },
    {
      "type": "Feature",
      "properties": {
        "@id": "way/219797714",
        "building": "yes",
        "historic": "tomb",
        "historic:civilization": "ancient_egyptian",
        "material": "stone",
        "name": "Tomb of Hemiunu",
        "name:el": "Τάφος του Χεμιούνου",
        "name:es": "Tumba de Hemiunu",
        "name:fa": "مقبره همیونو",
        "name:ru": "Гробница Хемину",
        "religion": "egyiptomi",
        "tomb": "tumulus",
        "wikipedia": "en:Hemiunu",
        "@geometry": "center"
      },
      "geometry": {
        "type": "Point",
        "coordinates": [
          31.1299442,
          29.9793715
        ]
      },
      "id": "way/219797714"
    },
    {
      "type": "Feature",
      "properties": {
        "@id": "way/219797724",
        "building": "yes",
        "description": "King's wife: Wife of Khufu",
        "height": "30",
        "historic": "tomb",
        "historic:civilization": "ancient_egyptian",
        "material": "stone",
        "name": "Pyramid of Meritites I",
        "name:hu": "I. Meritetis királynő piramisa",
        "name:ko": "메리티테스 1세의 무덤",
        "name:ru": "пирамида царицы Мерититес",
        "ref": "G1b",
        "roof:colour": "#F69B3C",
        "roof:height": "30",
        "roof:material": "brick",
        "roof:shape": "pyramidal",
        "start_date": "4th dynasty (time of Sneferu to Khufu)",
        "tomb": "pyramid",
        "wikidata": "Q587347",
        "wikimedia_commons": "Category:Pyramid G Ib",
        "wikipedia": "en:Pyramid G1-b",
        "@geometry": "center"
      },
      "geometry": {
        "type": "Point",
        "coordinates": [
          31.1362145,
          29.9783421
        ]
      },
      "id": "way/219797724"
    },
    {
      "type": "Feature",
      "properties": {
        "@id": "way/219797726",
        "building": "yes",
        "description": "King's daughter: Said to be a daughter of Khufu on a stela placed in the temple during the 26th dynasty, but more likely to be a wife.",
        "height": "29.6",
        "historic": "tomb",
        "historic:civilization": "ancient_egyptian",
        "material": "stone",
        "name:en": "Pyramid of Henutsen princess",
        "name:hu": "Henutsen hercegnő piramisa",
        "name:ko": "헤누트센 공주의 피라미드",
        "name:ru": "пирамида царицы Хенутсен",
        "ref": "G1c",
        "roof:colour": "#F69B3C",
        "roof:height": "29.6",
        "roof:material": "brick",
        "roof:shape": "pyramidal",
        "start_date": "4th dynasty (time of Sneferu to Khufu)",
        "tomb": "pyramid",
        "wikidata": "Q3411256",
        "wikimedia_commons": "Category:Pyramid G Ic",
        "wikipedia": "en:Pyramid G1-c",
        "@geometry": "center"
      },
      "geometry": {
        "type": "Point",
        "coordinates": [
          31.1362042,
          29.9778777
        ]
      },
      "id": "way/219797726"
    },
    {
      "type": "Feature",
      "properties": {
        "@id": "way/243182530",
        "historic": "archaeological_site",
        "name": "Tell el-Maskhuta",
        "wikidata": "Q121773",
        "wikipedia": "ar:تل المسخوطة",
        "@geometry": "center"
      },
      "geometry": {
        "type": "Point",
        "coordinates": [
          32.0994344,
          30.5528942
        ]
      },
      "id": "way/243182530"
    },
    {
      "type": "Feature",
      "properties": {
        "@id": "way/243566979",
        "historic": "yes",
        "historic:civilization": "ancient_egyptian",
        "man_made": "obelisk",
        "material": "granite",
        "name": "مسلة ناقصةال",
        "name:ar": "مسلة ناقصةال",
        "name:de": "Unvollendeter Obelisk",
        "name:en": "Unfinished obelisk",
        "name:es": "Obelisco inacabado",
        "name:fr": "Obelisque brisé",
        "tourism": "attraction",
        "wikidata": "Q735438",
        "wikimedia_commons": "Category:Unfinished obelisk in Aswan",
        "wikipedia": "ar:المسلة الناقصة",
        "@geometry": "center"
      },
      "geometry": {
        "type": "Point",
        "coordinates": [
          32.8954431,
          24.076921
        ]
      },
      "id": "way/243566979"
    },
    {
      "type": "Feature",
      "properties": {
        "@id": "way/244850246",
        "alt_name:es": "Mastaba el-Faraun",
        "building": "ruins",
        "heritage": "yes",
        "historic": "tomb",
        "historic:civilization": "ancient_egyptian",
        "name": "Mastabat al-Fir’aun",
        "name:ru": "мастаба Шепсешкафа",
        "tomb": "pyramid",
        "tourism": "attraction",
        "wikidata": "Q1004589",
        "wikimedia_commons": "Category:Mastabat al-Fir'aun",
        "wikipedia": "en:Mastabat al-Fir'aun",
        "@geometry": "center"
      },
      "geometry": {
        "type": "Point",
        "coordinates": [
          31.2152757,
          29.8389375
        ]
      },
      "id": "way/244850246"
    },
    {
      "type": "Feature",
      "properties": {
        "@id": "way/244850247",
        "building": "ruins",
        "heritage": "yes",
        "historic": "tomb",
        "historic:civilization": "ancient_egyptian",
        "name": "Pyramid of Pepi II",
        "name:ru": "пирамида Пепи II",
        "source": "wikipedia",
        "tomb": "pyramid",
        "tourism": "attraction",
        "wikidata": "Q1478835",
        "wikimedia_commons": "Category:Pyramid of Pepi II",
        "wikipedia": "en:Pyramid of Pepi II",
        "@geometry": "center"
      },
      "geometry": {
        "type": "Point",
        "coordinates": [
          31.213515,
          29.840289
        ]
      },
      "id": "way/244850247"
    },
    {
      "type": "Feature",
      "properties": {
        "@id": "way/246010717",
        "archaeological_site": "necropolis",
        "barrier": "fence",
        "historic": "archaeological_site",
        "historic:civilization": "ancient_egyptian",
        "name": "Serapeum",
        "name:hu": "Szerafeum",
        "name:ru": "Серапеум",
        "wikidata": "Q287375",
        "wikipedia": "en:Serapeum of Saqqara",
        "@geometry": "center"
      },
      "geometry": {
        "type": "Point",
        "coordinates": [
          31.2095902,
          29.8760223
        ]
      },
      "id": "way/246010717"
    },
    {
      "type": "Feature",
      "properties": {
        "@id": "way/246010720",
        "historic": "archaeological_site",
        "historic:civilization": "ancient_egyptian",
        "name": "Abu Sir",
        "wikipedia": "en:Abusir",
        "@geometry": "center"
      },
      "geometry": {
        "type": "Point",
        "coordinates": [
          31.2098819,
          29.8832952
        ]
      },
      "id": "way/246010720"
    },
    {
      "type": "Feature",
      "properties": {
        "@id": "way/251168393",
        "addr:city": "Giza",
        "addr:country": "EG",
        "historic": "temple",
        "historic:civilization": "ancient_egyptian",
        "material": "stone",
        "name": "المعبد الجنائزي منقرع",
        "name:ar": "المعبد الجنائزي منقرع",
        "name:en": "Funerary Temple of Menkaure",
        "name:es": "Templo Funerario de Micerinos",
        "name:hu": "Temetési templom",
        "name:ko": "멘카우레 장제전",
        "name:ml": "മെങ്കൗറെയുടെ ശവസംസ്കാര ക്ഷേത്രം",
        "name:ru": "погребальный храм Микерина",
        "name:tt": "Менкаурның Күмү гыйбадәтханәсе",
        "name:zh": "孟卡拉葬祭庙",
        "ruins": "temple",
        "tourism": "attraction",
        "wikipedia": "en:Giza East Field",
        "@geometry": "center"
      },
      "geometry": {
        "type": "Point",
        "coordinates": [
          31.1292831,
          29.9725177
        ]
      },
      "id": "way/251168393"
    },
    {
      "type": "Feature",
      "properties": {
        "@id": "way/251212300",
        "alt_name:de": "Mandulis-Tempel",
        "alt_name:en": "Temple of Mandulis",
        "building": "temple",
        "historic": "ruins",
        "historic:civilization": "greek_egyptian",
        "historic:period": "ptolemaic_egypt",
        "name": "معبد كلابشة",
        "name:ar": "معبد كلابشة",
        "name:de": "Tempel von Kalabscha",
        "name:en": "Temple of Kalabsha",
        "name:hu": "Kalabsha-i templom",
        "tourism": "attraction",
        "wikidata": "Q11704302",
        "wikimedia_commons": "Category:Temple of Kalabsha",
        "wikipedia": "ar:معبد كلابشة",
        "@geometry": "center"
      },
      "geometry": {
        "type": "Point",
        "coordinates": [
          32.867461,
          23.9608548
        ]
      },
      "id": "way/251212300"
    },
    {
      "type": "Feature",
      "properties": {
        "@id": "way/251212308",
        "building": "temple",
        "historic": "ruins",
        "historic:civilization": "greek_egyptian;roman_and_byzantine_egyptian",
        "historic:period": "ptolemaic_egypt;roman_egypt",
        "name:de": "Kiosk von Kertassi",
        "name:en": "Kiosk of Qertassi",
        "tourism": "attraction",
        "wikidata": "Q925318",
        "wikimedia_commons": "Category:Kiosk of Qertassi",
        "wikipedia": "en:Kiosk of Qertassi",
        "@geometry": "center"
      },
      "geometry": {
        "type": "Point",
        "coordinates": [
          32.8676293,
          23.9601748
        ]
      },
      "id": "way/251212308"
    },
    {
      "type": "Feature",
      "properties": {
        "@id": "way/251212310",
        "building": "temple",
        "covered": "yes",
        "historic": "ruins",
        "historic:civilization": "ancient_egyptian",
        "historic:era": "dynasty_XIX",
        "historic:period": "new_kingdom",
        "name": "معبد بيت الوالي",
        "name:ar": "معبد بيت الوالي",
        "name:de": "Felsentempel von Bet el-Wali",
        "name:en": "Temple of Beit el-Wali",
        "name:hu": "Beit el Wali templom",
        "tourism": "attraction",
        "wikidata": "Q3517508",
        "wikimedia_commons": "Category:Temple of Beit el-Wali",
        "wikipedia": "ar:معبد بيت الوالي",
        "@geometry": "center"
      },
      "geometry": {
        "type": "Point",
        "coordinates": [
          32.8663114,
          23.9617964
        ]
      },
      "id": "way/251212310"
    },
    {
      "type": "Feature",
      "properties": {
        "@id": "way/251383449",
        "alt_name:en": "Temple de Ptah",
        "building": "temple",
        "historic": "ruins",
        "historic:civilization": "ancient_egyptian",
        "historic:era": "dynasty_XIX",
        "historic:period": "new_kingdom",
        "name:de": "Tempel von Gerf Hussein",
        "name:en": "Temple of Gerf Hussein",
        "name:fr": "Temple de Ptah de Gerf Hussein",
        "tourism": "attraction",
        "wikidata": "Q267700",
        "wikimedia_commons": "Category:Gerf Hussein",
        "wikipedia": "ar:معبد جرف حسين",
        "@geometry": "center"
      },
      "geometry": {
        "type": "Point",
        "coordinates": [
          32.8669904,
          23.9603053
        ]
      },
      "id": "way/251383449"
    },
    {
      "type": "Feature",
      "properties": {
        "@id": "way/251383451",
        "building": "church",
        "height": "16",
        "historic": "yes",
        "name:en": "Dakka",
        "wikidata": "Q291241",
        "wikimedia_commons": "Category:Temple of Dakka",
        "wikipedia": "ar:معبد الدكة",
        "@geometry": "center"
      },
      "geometry": {
        "type": "Point",
        "coordinates": [
          32.5458404,
          22.8014654
        ]
      },
      "id": "way/251383451"
    },
    {
      "type": "Feature",
      "properties": {
        "@id": "way/251383452",
        "alt_name": "معبد تحوت",
        "alt_name:ar": "معبد تحوت",
        "alt_name:en": "Thot Temple",
        "alt_name:hu": "Thot temploma",
        "archaeological_site": "settlement",
        "building": "church",
        "description": "تحوت (هرمس عند الإغريق) هو ولي الأمر من العالم، إله الحكمة، الكتابة، والطب، وكنيسة الغامض السميع العليم الكينونة. وصل إلى الأرض كحجر لامع من الذهب.",
        "description:ar": "تحوت (هرمس عند الإغريق) هو ولي الأمر من العالم، إله الحكمة، الكتابة، والطب، وكنيسة الغامض السميع العليم الكينونة. وصل إلى الأرض كحجر لامع من الذهب.",
        "description:de": "Thot (Hermes für die Griechen) ist der Hüter des Ordens der Welt, des Gottes der Weisheit, der Schrift und der Medizin, der Kirche des mysteriösen Allwissenden. Er kam als strahlender Stein in Gold auf die Erde.",
        "description:el": "Ο Thot (Ερμής για τους Έλληνες) είναι ο θεματοφύλακας του Τάγματος του Κόσμου, του Θεού της Σοφίας, της Γραφής και της Ιατρικής, της Εκκλησίας του μυστηριώδους Γνώθμου Όντος. Έφθασε στη Γη ως λαμπρή πέτρα σε χρυσό.",
        "description:en": "Thot (Hermes for the Greeks) is the guardian of the Order of the World, the God of Wisdom, Writing, and Medicine, the Church of the Mysterious All-Knowing Being. He arrived on Earth as a brilliant stone in gold.",
        "description:es": "Thot (Hermes para los griegos) es el guardián de la Orden del Mundo, el Dios de la Sabiduría, la Escritura y la Medicina, la Iglesia del Misterioso Ser Omnisciente. Llegó a la Tierra como una piedra brillante en oro.",
        "description:fi": "Thot (greek: Hermes) on maailmanjärjestyksen, viisauden Jumalan, kirjoittamisen ja lääketieteen, salaperäisen kaikkien tuntevan olenton kirkko. Hän saapui maapalloon kuin kullan loistava kivi.",
        "description:fr": "Thot (Hermès pour les Grecs) est le gardien de l'Ordre du Monde, le Dieu de la Sagesse, de l'Ecriture et de la Médecine, l'Église de l'être mystérieux et omniscient. Il est arrivé sur Terre comme une pierre brillante en or.",
        "description:he": "ת'וט (הרמס ליוונים) הוא האפוטרופוס של מסדר העולם, אלוהי החוכמה, הכתיבה והרפואה, כנסיית היודע המסתורי. הוא הגיע על פני האדמה כאבן מבריקה בזהב.",
        "description:hu": "Thot (Hermész a görögöknél) a Világ rendjének őrzője, a Bölcsesség, az írás, és az orvoslás istene, a Titokzatos mindent tudó lény temploma. Aranyként ragyogó kőben-tojásban érkezett a Földre.",
        "description:it": "Thot (Hermes per i greci) è il guardiano dell'Ordine del mondo, il Dio della saggezza, della scrittura e della medicina, la Chiesa del misterioso essere onnisciente. Arrivò sulla Terra come una pietra brillante in oro.",
        "description:ja": "Thot（ギリシャ人のためのエルメス）は、世界の秩序、知恵の神、執筆、そして医学、神秘的な全知の教会です。 彼は金の華麗な石として地球に到着しました。",
        "description:la": "Thot (Hermes in Graeci), et custos ordo seclorum, Sapientia, scripto et de medicina Dei, Ecclesiae arcanum et omnisciente. Aurum, lapis est quasi ovum lucet in Terra.",
        "description:nl": "Thot (Hermes voor de Grieken) is de bewaker van de Orde van de Wereld, de God van Wijsheid, Schrijven en Geneeskunde, de Kerk van het Mysterieuze Alwetende Wezen. Hij kwam op aarde als een schitterende steen in goud.",
        "description:pl": "Thot (Hermes dla Greków) jest strażnikiem Zakonu Świata, Boga Mądrości, Pisania i Medycyny, Kościoła Tajemniczej Wszechwiedzącej Istoty. Przybył na Ziemię jako genialny kamień w złocie.",
        "description:ru": "Тот (Гермес для греков) - хранитель Ордена Мира, Бога Мудрости, Письма и Медицины, Церкви Таинственного Всезнающего Существа. Он прибыл на Землю как блестящий камень в золоте.",
        "description:zh": "Thot 是世界秩序的守護者，智慧之神，寫作和醫學，神秘全知的存在教會。 他作為一塊金色的石頭抵達地球。",
        "heritage": "1",
        "historic": "archaeological_site",
        "name": "معبد الدكة",
        "name:ar": "معبد الدكة",
        "name:en": "Ed Dakka Temple",
        "name:fr": "Temple de Dakka",
        "name:hu": "Dakka templom",
        "tourism": "attraction",
        "wikidata": "Q291241",
        "wikimedia_commons": "Category:Temple of Dakka",
        "wikipedia": "ar:معبد الدكة",
        "@geometry": "center"
      },
      "geometry": {
        "type": "Point",
        "coordinates": [
          32.5457556,
          22.8012443
        ]
      },
      "id": "way/251383452"
    },
    {
      "type": "Feature",
      "properties": {
        "@id": "way/251383453",
        "alt_name": "المحرقة",
        "alt_name:ar": "المحرقة",
        "archaeological_site": "settlement",
        "building": "church",
        "castle_type": "defensive",
        "heritage": "1",
        "historic": "castle",
        "name": "معبد المحرقة",
        "name:ar": "معبد المحرقة",
        "name:en": "Maharraqa",
        "name:hu": "Maharraqa templom-erőd",
        "opening_hours": "24/7",
        "ruins": "yes",
        "tourism": "attraction",
        "wheelchair": "no",
        "wikidata": "Q291839",
        "wikimedia_commons": "Category:Maharraqa",
        "wikipedia": "ar:معبد المحرقة",
        "@geometry": "center"
      },
      "geometry": {
        "type": "Point",
        "coordinates": [
          32.5475926,
          22.8008197
        ]
      },
      "id": "way/251383453"
    },
    {
      "type": "Feature",
      "properties": {
        "@id": "way/251383458",
        "archaeological_site": "temple",
        "building": "temple",
        "historic": "archaeological_site",
        "historic:civilization": "ancient_egyptian",
        "historic:era": "dynasty_XIX",
        "historic:period": "new_kingdom",
        "name": "معبد الدر",
        "name:de": "Tempel von Derr",
        "name:en": "Temple of Derr",
        "ruins": "yes",
        "source": "http://tools.wmflabs.org/geohack/geohack.php?params=22.73238542_N_32.26213673_E_&title=Temple+at+Ad-Darr",
        "wikidata": "Q7698721",
        "wikimedia_commons": "Category:Temple of Derr",
        "wikipedia": "ar:معبد الدر",
        "@geometry": "center"
      },
      "geometry": {
        "type": "Point",
        "coordinates": [
          32.262181,
          22.7324068
        ]
      },
      "id": "way/251383458"
    },
    {
      "type": "Feature",
      "properties": {
        "@id": "node/255316037",
        "description:ru": "Британский вооруженный сухогруз, затонул 6 октября 1941 года",
        "historic": "wreck",
        "name": "SS Thistlegorm",
        "seamark:type": "wreck",
        "source": "survey",
        "sport": "scuba_diving",
        "sport:scuba_diving": "yes",
        "wikidata": "Q32276",
        "wikimedia_commons": "Category:Thistlegorm (ship, 1940)",
        "wikipedia": "ar:سفينة زيستل جورم",
        "wreck:max_depth": "31"
      },
      "geometry": {
        "type": "Point",
        "coordinates": [
          33.9200482,
          27.814092
        ]
      },
      "id": "node/255316037"
    },
    {
      "type": "Feature",
      "properties": {
        "@id": "way/255811087",
        "historic": "archaeological_site",
        "name": "Pharos of Abusir",
        "source": "http://tools.wmflabs.org/geohack/geohack.php?pagename=Abusir_%28Lake_Mariout%29&params=30_56_53_N_29_31_24_E_type:landmark_region:EG&title=Pharos+of+Abusir",
        "wikipedia": "en:Abusir (Lake Mariout)",
        "@geometry": "center"
      },
      "geometry": {
        "type": "Point",
        "coordinates": [
          29.5235627,
          30.9479558
        ]
      },
      "id": "way/255811087"
    },
    {
      "type": "Feature",
      "properties": {
        "@id": "way/264985243",
        "historic": "archaeological_site",
        "name": "Abu Sha'ar",
        "source": "http://vici.org/vici/7739",
        "wikipedia": "ar:حصن أبو شعر",
        "@geometry": "center"
      },
      "geometry": {
        "type": "Point",
        "coordinates": [
          33.6828339,
          27.3689286
        ]
      },
      "id": "way/264985243"
    },
    {
      "type": "Feature",
      "properties": {
        "@id": "way/264994974",
        "historic": "ruins",
        "name": "Bir Abraq",
        "source": "http://vici.org/vici/7785",
        "wikidata": "Q56215235",
        "wikimedia_commons": "Category:Bir Abraq",
        "@geometry": "center"
      },
      "geometry": {
        "type": "Point",
        "coordinates": [
          34.7992018,
          23.4154289
        ]
      },
      "id": "way/264994974"
    },
    {
      "type": "Feature",
      "properties": {
        "@id": "way/265102920",
        "historic": "archaeological_site",
        "name": "Barrâmîya",
        "name:ar": "برامية",
        "name:fr": "Barrâmîya",
        "wikidata": "Q23952854",
        "wikipedia": "en:Barramiya",
        "@geometry": "center"
      },
      "geometry": {
        "type": "Point",
        "coordinates": [
          33.7929573,
          25.0691838
        ]
      },
      "id": "way/265102920"
    },
    {
      "type": "Feature",
      "properties": {
        "@id": "way/265120808",
        "archaeological_site": "fortification",
        "fortification_type": "limes",
        "historic": "archaeological_site",
        "historic:civilization": "ancient_roman",
        "name": "Didymoi",
        "source": "http://vici.org/vici/7769",
        "wikidata": "Q131314363",
        "wikipedia": "en:Didymoi",
        "@geometry": "center"
      },
      "geometry": {
        "type": "Point",
        "coordinates": [
          33.3947821,
          25.7543302
        ]
      },
      "id": "way/265120808"
    },
    {
      "type": "Feature",
      "properties": {
        "@id": "way/265139990",
        "archaeological_site": "fortification",
        "historic": "archaeological_site",
        "historic:civilization": "ancient_roman",
        "name": "Umm Balad, Mons Porphyrites",
        "source": "http://vici.org/vici/7748",
        "wikidata": "Q1945239",
        "wikipedia": "de:Mons Porphyrites",
        "@geometry": "center"
      },
      "geometry": {
        "type": "Point",
        "coordinates": [
          33.2913841,
          27.1474304
        ]
      },
      "id": "way/265139990"
    },
    {
      "type": "Feature",
      "properties": {
        "@id": "way/265142459",
        "historic": "archaeological_site",
        "name": "Qasr el-Banat",
        "source": "http://vici.org/vici/7779",
        "wikipedia": "en:Qasr el Banat",
        "@geometry": "center"
      },
      "geometry": {
        "type": "Point",
        "coordinates": [
          33.263262,
          25.9193712
        ]
      },
      "id": "way/265142459"
    },
    {
      "type": "Feature",
      "properties": {
        "@id": "way/265142497",
        "archaeological_site": "fortification",
        "historic": "archaeological_site",
        "historic:civilization": "ancient_roman",
        "name": "El-Kanayis",
        "source": "http://vici.org/vici/10156",
        "wikidata": "Q53918004",
        "wikimedia_commons": "Category:Al-Kanais",
        "@geometry": "center"
      },
      "geometry": {
        "type": "Point",
        "coordinates": [
          33.3108686,
          25.0054486
        ]
      },
      "id": "way/265142497"
    },
    {
      "type": "Feature",
      "properties": {
        "@id": "way/265231066",
        "historic": "ruins",
        "name": "Antiphrai/Leukaspis",
        "wikidata": "Q582150",
        "wikipedia": "de:Titularbistum Antiphrae",
        "@geometry": "center"
      },
      "geometry": {
        "type": "Point",
        "coordinates": [
          29.0120386,
          30.823825
        ]
      },
      "id": "way/265231066"
    },
    {
      "type": "Feature",
      "properties": {
        "@id": "way/265236553",
        "archaeological_site": "necropolis",
        "area": "yes",
        "historic": "archaeological_site",
        "name": "Chatby Necropolis",
        "tourism": "attraction",
        "wikidata": "Q105202124",
        "wikimedia_commons": "Category:Shatbi tombs",
        "wikipedia": "ar:مقابر الشاطبي",
        "@geometry": "center"
      },
      "geometry": {
        "type": "Point",
        "coordinates": [
          29.9169764,
          31.2113785
        ]
      },
      "id": "way/265236553"
    },
    {
      "type": "Feature",
      "properties": {
        "@id": "way/265278218",
        "historic": "archaeological_site",
        "name": "Kellia",
        "source": "http://wikimapia.org/26741860/ar/ارض-الاثار",
        "wikipedia": "en:Kellia",
        "@geometry": "center"
      },
      "geometry": {
        "type": "Point",
        "coordinates": [
          30.3704883,
          30.7769229
        ]
      },
      "id": "way/265278218"
    },
    {
      "type": "Feature",
      "properties": {
        "@id": "way/265354506",
        "alt_name": "Qasr el-Gib; Qasr el-Geb",
        "historic": "archaeological_site",
        "int_name": "Qaṣr el-Gibb; Qaṣr al-Ǧubb",
        "name": "قصر الجب",
        "name:ar": "قصر الجب",
        "name:de": "Qasr al-Gibb",
        "name:en": "Qasr El Gibb",
        "name:fr": "Qasr al-Gibb",
        "source": "http://de.wikivoyage.org/wiki/Qa%E1%B9%A3r_el-Gibb",
        "wikidata": "Q14218433",
        "wikimedia_commons": "Category:Qasr el-Gibb",
        "wikipedia": "ar:قصر الجب",
        "@geometry": "center"
      },
      "geometry": {
        "type": "Point",
        "coordinates": [
          30.6157933,
          25.8253894
        ]
      },
      "id": "way/265354506"
    },
    {
      "type": "Feature",
      "properties": {
        "@id": "way/265697916",
        "historic": "archaeological_site",
        "name": "Ain Manawir",
        "source": "http://de.wikivoyage.org/wiki/%CA%BFAin_Man%C4%81wir",
        "wikidata": "Q405869",
        "wikimedia_commons": "Category:Ain Manawir",
        "@geometry": "center"
      },
      "geometry": {
        "type": "Point",
        "coordinates": [
          30.6764356,
          24.5746212
        ]
      },
      "id": "way/265697916"
    },
    {
      "type": "Feature",
      "properties": {
        "@id": "way/265726300",
        "historic": "archaeological_site",
        "name": "Deir el-Hagar",
        "source": "http://de.wikivoyage.org/wiki/Deir_el-%E1%B8%A4agar",
        "wikidata": "Q14207694",
        "wikimedia_commons": "Category:Deir el-Hagar",
        "wikipedia": "ar:دير الحجر (الوادي الجديد)",
        "@geometry": "center"
      },
      "geometry": {
        "type": "Point",
        "coordinates": [
          28.8132927,
          25.6649799
        ]
      },
      "id": "way/265726300"
    },
    {
      "type": "Feature",
      "properties": {
        "@id": "node/271181710",
        "historic": "memorial",
        "name": "Blue Hole Memorial",
        "wikipedia": "en:Blue Hole (Red_Sea)#Fatalities"
      },
      "geometry": {
        "type": "Point",
        "coordinates": [
          34.5384791,
          28.5732169
        ]
      },
      "id": "node/271181710"
    },
    {
      "type": "Feature",
      "properties": {
        "@id": "way/275808825",
        "building": "yes",
        "image": "https://upload.wikimedia.org/wikipedia/commons/f/f2/Kom_Ombo_Krokodilmuseum_24.jpg",
        "museum": "archaeological;nature;history",
        "name": "متحف التمساح",
        "name:ar": "متحف التمساح",
        "name:ca": "Museu dels cocodrils",
        "name:en": "Crocodile Museum",
        "name:fr": "Musée des crocodiles",
        "name:pt": "Museu dos Crocodilos",
        "tourism": "museum",
        "wikidata": "Q130216123",
        "wikimedia_commons": "Category:Crocodile Museum",
        "@geometry": "center"
      },
      "geometry": {
        "type": "Point",
        "coordinates": [
          32.9276894,
          24.4530467
        ]
      },
      "id": "way/275808825"
    },
    {
      "type": "Feature",
      "properties": {
        "@id": "way/275813770",
        "archaeological_site": "settlement",
        "barrier": "wall",
        "historic": "archaeological_site",
        "historic:civilization": "ancient_egyptian",
        "image": "https://photos.app.goo.gl/eQ816Hx3MDNtw5cP6",
        "name": "معبد إدفو",
        "name:ar": "معبد إدفو",
        "name:en": "Edfu Temple",
        "name:es": "Templo de Edfu",
        "name:it": "Tempio di Edfu",
        "name:pt": "Templo de Edfu",
        "tourism": "attraction",
        "wikidata": "Q613037",
        "wikipedia": "en:Temple of Edfu",
        "@geometry": "center"
      },
      "geometry": {
        "type": "Point",
        "coordinates": [
          32.872315,
          24.9771655
        ]
      },
      "id": "way/275813770"
    },
    {
      "type": "Feature",
      "properties": {
        "@id": "node/281968647",
        "historic": "tomb",
        "name": "TT69 (Menna)",
        "name:en": "Theban Tomb 69 (Menna)",
        "ref": "TT69",
        "source": "survey",
        "tourism": "attraction",
        "wikidata": "Q3531157",
        "wikimedia_commons": "Category:Tomb of Menna",
        "wikipedia": "en:TT69"
      },
      "geometry": {
        "type": "Point",
        "coordinates": [
          32.6089693,
          25.7321656
        ]
      },
      "id": "node/281968647"
    },
    {
      "type": "Feature",
      "properties": {
        "@id": "way/291012675",
        "building": "yes",
        "historic": "archaeological_site",
        "name": "قصر الصاغة Qasr el Sagha",
        "name:ar": "قصر الصاغة",
        "name:en": "Qasr el Sagha",
        "name:fr": "Qasr el Sagha",
        "place": "village",
        "wikidata": "Q11944150",
        "wikimedia_commons": "Category:Qasr el-Sagha",
        "wikipedia": "ar:قصر الصاغة",
        "@geometry": "center"
      },
      "geometry": {
        "type": "Point",
        "coordinates": [
          30.6778215,
          29.5951253
        ]
      },
      "id": "way/291012675"
    },
    {
      "type": "Feature",
      "properties": {
        "@id": "way/296679064",
        "building": "ruins",
        "fixme": "check wikidata item",
        "historic": "ruins",
        "historic:civilization": "ancient_egyptian",
        "wikidata": "Q3411254",
        "wikimedia_commons": "Category:Pyramid G Id",
        "wikipedia": "en:Pyramid G1-d",
        "@geometry": "center"
      },
      "geometry": {
        "type": "Point",
        "coordinates": [
          31.1357723,
          29.9780493
        ]
      },
      "id": "way/296679064"
    },
    {
      "type": "Feature",
      "properties": {
        "@id": "way/297957530",
        "building": "temple",
        "historic": "temple",
        "historic:civilization": "ancient_egyptian",
        "ruins": "yes",
        "wikidata": "Q18008311",
        "wikimedia_commons": "Category:New Kingdom Sphinx Temple",
        "@geometry": "center"
      },
      "geometry": {
        "type": "Point",
        "coordinates": [
          31.13811,
          29.9755978
        ]
      },
      "id": "way/297957530"
    },
    {
      "type": "Feature",
      "properties": {
        "@id": "way/300665263",
        "building": "monastery",
        "historic": "ruins",
        "historic:civilization": "roman_and_byzantine_egyptian",
        "historic:period": "byzantine_egypt",
        "man_made": "wall",
        "name": "دير سمان",
        "name:de": "Simeonskloster",
        "name:en": "Saint Simeon Monastery",
        "name:fr": "Monastère Saint Siméon",
        "religion": "christian",
        "tourism": "attraction",
        "wikidata": "Q3320333",
        "wikimedia_commons": "Category:Monastery of Saint Simeon in Aswan",
        "wikipedia": "ar:دير الأنبا سمعان بأسوان",
        "@geometry": "center"
      },
      "geometry": {
        "type": "Point",
        "coordinates": [
          32.8757717,
          24.0947147
        ]
      },
      "id": "way/300665263"
    },
    {
      "type": "Feature",
      "properties": {
        "@id": "way/300665266",
        "building": "yes",
        "historic": "tomb",
        "name": "Aga Khan Mausoleum",
        "source": "local knowledge;streetlevel imagery",
        "tomb": "mausoleum",
        "wikidata": "Q959631",
        "wikimedia_commons": "Category:Mausoleum of Aga Khan",
        "wikipedia": "en:Mausoleum of Aga Khan",
        "@geometry": "center"
      },
      "geometry": {
        "type": "Point",
        "coordinates": [
          32.878829,
          24.0882868
        ]
      },
      "id": "way/300665266"
    },
    {
      "type": "Feature",
      "properties": {
        "@id": "way/301170249",
        "barrier": "wall",
        "castle_type": "fortress",
        "historic": "castle",
        "name": "طابية_رشيد",
        "name:ar": "طابية_رشيد",
        "name:en": "Fort Julien",
        "name:fr": "Fort Jullien",
        "wikidata": "Q3077898",
        "wikipedia": "en:Fort Julien",
        "@geometry": "center"
      },
      "geometry": {
        "type": "Point",
        "coordinates": [
          30.389513,
          31.4396474
        ]
      },
      "id": "way/301170249"
    },
    {
      "type": "Feature",
      "properties": {
        "@id": "way/310068764",
        "building": "mosque",
        "historic": "monument",
        "name": "مسجد الجيوشى",
        "name:ar": "مسجد الجيوشى",
        "name:en": "El Geyoushy Mosque",
        "wikidata": "Q4022325",
        "wikimedia_commons": "Category:Giyushi Mosque, Cairo",
        "wikipedia": "en:Juyushi Mosque",
        "@geometry": "center"
      },
      "geometry": {
        "type": "Point",
        "coordinates": [
          31.2683725,
          30.0221078
        ]
      },
      "id": "way/310068764"
    },
    {
      "type": "Feature",
      "properties": {
        "@id": "way/319004743",
        "addr:city": "Cairo",
        "barrier": "wall",
        "denomination": "coptic_orthodox",
        "historic": "church",
        "landuse": "religious",
        "name": "دير الأنبا سمعان الخراز",
        "name:ar": "دير الأنبا سمعان الخراز",
        "name:en": "Saint Samaan The Tanner Monastery",
        "religion": "christian",
        "website": "http://www.samaanchurch.com/",
        "wheelchair": "limited",
        "wikipedia": "en:Simon the Tanner#The Monastery of Saint Simon.2C Cairo",
        "@geometry": "center"
      },
      "geometry": {
        "type": "Point",
        "coordinates": [
          31.2754164,
          30.0316702
        ]
      },
      "id": "way/319004743"
    },
    {
      "type": "Feature",
      "properties": {
        "@id": "way/322696610",
        "archaeological_site": "necropolis",
        "historic": "archaeological_site",
        "historic:civilization": "ancient_egyptian",
        "name": "Hebenu",
        "name:el": "Χεμπενού",
        "name:en": "Hebenu",
        "wikipedia": "en:Hebenu",
        "@geometry": "center"
      },
      "geometry": {
        "type": "Point",
        "coordinates": [
          32.7796876,
          25.0975944
        ]
      },
      "id": "way/322696610"
    },
    {
      "type": "Feature",
      "properties": {
        "@id": "way/325552673",
        "alt_name:en": "Pavilion of Taharqa;Taharqo Kiosk",
        "historic": "ruins",
        "historic:civilization": "ancient_egyptian",
        "name": "جوسق تهرقا",
        "name:ar": "جوسق تهرقا",
        "name:en": "Taharqa Kiosk",
        "name:fr": "Kiosque de Taharqa",
        "ruins": "building",
        "wikidata": "Q124888169",
        "wikimedia_commons": "Category:Kiosk of Taharqa in Karnak",
        "@geometry": "center"
      },
      "geometry": {
        "type": "Point",
        "coordinates": [
          32.6572048,
          25.7188984
        ]
      },
      "id": "way/325552673"
    },
    {
      "type": "Feature",
      "properties": {
        "@id": "way/325559835",
        "alt_name:en": "Middle Empire Court",
        "historic": "archaeological_site",
        "historic:civilization": "ancient_egyptian",
        "man_made": "courtyard",
        "name": "فناء الدولة الوسطى",
        "name:ar": "فناء الدولة الوسطى",
        "name:en": "Middle Kingdom Courtyard",
        "name:fr": "Cour du Moyen Empire",
        "tourism": "attraction",
        "wikidata": "Q125054663",
        "wikimedia_commons": "Category:Middle Kingdom Courtyard",
        "@geometry": "center"
      },
      "geometry": {
        "type": "Point",
        "coordinates": [
          32.6592192,
          25.7179364
        ]
      },
      "id": "way/325559835"
    },
    {
      "type": "Feature",
      "properties": {
        "@id": "way/325567907",
        "access": "customers",
        "building": "temple",
        "building:condition": "ruinous",
        "historic": "ruins",
        "historic:civilization": "ancient_egyptian",
        "name": "معبد الأوبت",
        "name:ar": "معبد الأوبت",
        "name:en": "Opet Temple",
        "name:fr": "Temple d'Opet",
        "ruins": "temple",
        "wikidata": "Q1956069",
        "wikimedia_commons": "Category:Opet Temple",
        "@geometry": "center"
      },
      "geometry": {
        "type": "Point",
        "coordinates": [
          32.6553261,
          25.7166956
        ]
      },
      "id": "way/325567907"
    },
    {
      "type": "Feature",
      "properties": {
        "@id": "way/325570370",
        "access": "customers",
        "building": "religious",
        "building:condition": "ruinous",
        "historic": "temple",
        "historic:civilization": "ancient_egyptian",
        "historic:era": "dynasty_XVIII",
        "historic:period": "new_kingdom",
        "name": "قدس الأقداس",
        "name:ar": "قدس الأقداس",
        "name:en": "Central Bark Shrine",
        "name:fr": "Sanctuaire des barques sacrées de Philippe Arrhidée",
        "name:pl": "Kaplica na barkę obrzędową",
        "wikidata": "Q125055156",
        "wikimedia_commons": "Category:Central Bark Shrine in Karnak",
        "@geometry": "center"
      },
      "geometry": {
        "type": "Point",
        "coordinates": [
          32.6588897,
          25.7181008
        ]
      },
      "id": "way/325570370"
    },
    {
      "type": "Feature",
      "properties": {
        "@id": "way/326938597",
        "amenity": "place_of_worship",
        "building": "cathedral",
        "building:levels": "2",
        "denomination": "coptic_orthodox",
        "image": "https://photos.app.goo.gl/kbMa3wXGhtCizRY18",
        "name": "كتدرائية الملاك جبريل",
        "name:ar": "كتدرائية الملاك جبريل",
        "name:en": "Archangel Michael Cathedral for Coptic Orthodox",
        "name:es": "Catedral Ortodoxa Copta del Arcángel Miguel",
        "name:pt": "Catedral Ortodoxa Copta do Arcanjo Miguel",
        "religion": "christian",
        "tourism": "attraction",
        "wikidata": "Q131265047",
        "wikimedia_commons": "Category:Saint Michael's Coptic Orthodox Cathedral in Aswan",
        "wikipedia": "en:Archangel Michael's Coptic Orthodox Cathedral",
        "@geometry": "center"
      },
      "geometry": {
        "type": "Point",
        "coordinates": [
          32.8905126,
          24.0829025
        ]
      },
      "id": "way/326938597"
    },
    {
      "type": "Feature",
      "properties": {
        "@id": "node/328965969",
        "fee": "yes",
        "name": "متحف جاير أندرسون",
        "name:ar": "متحف جاير أندرسون",
        "name:en": "Gayer-Anderson Museum",
        "name:fa": "موزه گایر-اندرسون",
        "tourism": "museum",
        "wheelchair": "no",
        "wikidata": "Q2190649",
        "wikimedia_commons": "Category:Gayer-Anderson Museum",
        "wikipedia": "en:Gayer-Anderson Museum"
      },
      "geometry": {
        "type": "Point",
        "coordinates": [
          31.2507258,
          30.0283804
        ]
      },
      "id": "node/328965969"
    },
    {
      "type": "Feature",
      "properties": {
        "@id": "node/329996453",
        "alt_name": "جبل سيناء;جبل طور سيناء",
        "alt_name:ar": "جبل سيناء;جبل طور سيناء",
        "alt_name:arc": "ܛܘܪܐ ܕܡܘܫܐ",
        "alt_name:cs": "Mojžíšova hora",
        "alt_name:de": "Mosesberg;Berg Moses",
        "alt_name:en": "Djebel Moussa;Gebel Mousa;Mount of Moses",
        "alt_name:es": "Monte Moisés",
        "alt_name:hr": "Mojsijeva planina",
        "alt_name:ml": "ഗബൽ മൂസ",
        "alt_name:pl": "Góra Mojżesza",
        "alt_name:syc": "ܛܘܪܐ ܕܡܘܫܐ",
        "ele": "2285",
        "name": "جبل موسى",
        "name:ar": "جبل موسى",
        "name:arc": "ܛܘܪܐ ܕܣܝܢܝ",
        "name:arz": "جبل موسى",
        "name:azb": "سینا داغی",
        "name:br": "Menez Sinai",
        "name:cs": "Mojžíšova hora",
        "name:de": "Berg Sinai",
        "name:el": "Όρος Σινά",
        "name:en": "Mount Sinai",
        "name:es": "Monte Sinaí",
        "name:fa": "کوه سینا",
        "name:fr": "Mont Sinaï",
        "name:grc": "Ὄρος Σινά",
        "name:he": "הר סיני",
        "name:hi": "सीनाई पर्वत",
        "name:hr": "Sinajska gora",
        "name:it": "Monte Sinai",
        "name:la": "Mons Sinai",
        "name:ml": "സീനായ് മല",
        "name:pl": "Synaj",
        "name:pnb": "کوہ سیناء",
        "name:pnt": "Ὄρος Σινά",
        "name:ps": "سينا غر",
        "name:pt": "Monte Sinai",
        "name:ro": "Muntele Sinai",
        "name:ru": "Гора Моисея",
        "name:sl": "Sinajska gora",
        "name:sr": "Синајска гора",
        "name:sv": "Sinaiberget",
        "name:syc": "ܛܘܪܐ ܕܣܝܢܝ",
        "name:tr": "Sina Dağı",
        "name:uk": "Синай",
        "name:ur": "کوہ سیناء",
        "natural": "peak",
        "source:name:br": "proper translation",
        "tourism": "attraction",
        "wikidata": "Q377485",
        "wikimedia_commons": "Category:Mount Sinai",
        "wikipedia": "ar:جبل موسى (جبل في مصر)"
      },
      "geometry": {
        "type": "Point",
        "coordinates": [
          33.9751845,
          28.5388088
        ]
      },
      "id": "node/329996453"
    },
    {
      "type": "Feature",
      "properties": {
        "@id": "way/334212702",
        "amenity": "place_of_worship",
        "building": "mosque",
        "historic": "mosque",
        "name": "مسجد سيدى ابو الحجاج الاقصري",
        "name:ar": "مسجد سيدى ابو الحجاج الاقصري",
        "name:en": "Sidi Abou Al Hagag Al Aqsry Mosque",
        "name:fr": "Mosquée Abu Haggag",
        "name:it": "مسجد أبو حجاج",
        "religion": "muslim",
        "wikidata": "Q2635269",
        "wikimedia_commons": "Category:Abu Haggag Mosque",
        "wikipedia": "en:Abu Haggag Mosque",
        "@geometry": "center"
      },
      "geometry": {
        "type": "Point",
        "coordinates": [
          32.6396703,
          25.6999913
        ]
      },
      "id": "way/334212702"
    },
    {
      "type": "Feature",
      "properties": {
        "@id": "way/346520674",
        "historic": "archaeological_site",
        "name": "معبد تحتمس الرابع",
        "name:ar": "معبد تحتمس الرابع",
        "name:en": "Temple of Tuthmosis IV",
        "name:fa": "معبد تحوتموس چهارم",
        "name:fr": "Temple de Thoutmosis IV",
        "name:hu": "IV. Tuthmozisz templom",
        "name:ml": "തുത്മോസിസ് നാലാമന്റെ ക്ഷേത്രം",
        "wikidata": "Q18008316",
        "wikimedia_commons": "Category:Mortuary Temple of Thutmose IV",
        "@geometry": "center"
      },
      "geometry": {
        "type": "Point",
        "coordinates": [
          32.6086438,
          25.726992
        ]
      },
      "id": "way/346520674"
    },
    {
      "type": "Feature",
      "properties": {
        "@id": "way/346520677",
        "historic": "ruins",
        "name": "Deir el-Shelwit",
        "name:fr": "Temple d'Isis",
        "wikidata": "Q820028",
        "wikimedia_commons": "Category:Temple of Isis in Deir el-Shelwit",
        "wikipedia": "en:Deir el-Shelwit",
        "@geometry": "center"
      },
      "geometry": {
        "type": "Point",
        "coordinates": [
          32.5786703,
          25.6951349
        ]
      },
      "id": "way/346520677"
    },
    {
      "type": "Feature",
      "properties": {
        "@id": "way/346613449",
        "historic": "archaeological_site",
        "name": "Shrine of Ptah Meretzeger",
        "wikidata": "Q124005307",
        "wikipedia": "en:Shrine to Meretseger & Ptah",
        "@geometry": "center"
      },
      "geometry": {
        "type": "Point",
        "coordinates": [
          32.5983146,
          25.7274877
        ]
      },
      "id": "way/346613449"
    },
    {
      "type": "Feature",
      "properties": {
        "@id": "way/346643540",
        "historic": "archaeological_site",
        "name": "الملقطة",
        "name:ar": "الملقطة",
        "name:en": "Malqata",
        "name:fa": "ملقطه",
        "wikidata": "Q431422",
        "wikimedia_commons": "Category:Malkata",
        "wikipedia": "ar:الملقطة (الأقصر)",
        "@geometry": "center"
      },
      "geometry": {
        "type": "Point",
        "coordinates": [
          32.5923464,
          25.7157456
        ]
      },
      "id": "way/346643540"
    },
    {
      "type": "Feature",
      "properties": {
        "@id": "way/379083886",
        "building": "yes",
        "historic": "monument",
        "name": "قبة شجر الدر",
        "name:ar": "قبة شجر الدر",
        "name:en": "Mausoleum of Shagar El Dorr",
        "wikidata": "Q23975588",
        "@geometry": "center"
      },
      "geometry": {
        "type": "Point",
        "coordinates": [
          31.2521512,
          30.0259186
        ]
      },
      "id": "way/379083886"
    },
    {
      "type": "Feature",
      "properties": {
        "@id": "way/379866045",
        "building": "yes",
        "denomination": "sunni",
        "historic": "heritage",
        "name": "بقايا مدرسة بيبرس البندقداري",
        "name:ar": "بقايا مدرسة بيبرس البندقداري",
        "name:en": "Madrasa of Sultan Al-Zahir Baybars",
        "religion": "muslim",
        "wikidata": "Q23975647",
        "@geometry": "center"
      },
      "geometry": {
        "type": "Point",
        "coordinates": [
          31.2612034,
          30.0493155
        ]
      },
      "id": "way/379866045"
    },
    {
      "type": "Feature",
      "properties": {
        "@id": "way/379868124",
        "building": "yes",
        "building:levels": "2",
        "historic": "heritage",
        "name": "سبيل وكتاب خسرو باشا",
        "name:ar": "سبيل وكتاب خسرو باشا",
        "name:en": "Sabil-kuttab of Khusraw Pasha",
        "wikidata": "Q23975643",
        "wikimedia_commons": "Category:Sabil of Khusro Pasha",
        "wikipedia": "ar:سبيل وكتاب خسرو باشا",
        "@geometry": "center"
      },
      "geometry": {
        "type": "Point",
        "coordinates": [
          31.2611511,
          30.0490926
        ]
      },
      "id": "way/379868124"
    },
    {
      "type": "Feature",
      "properties": {
        "@id": "way/379936036",
        "amenity": "place_of_worship",
        "building": "mosque",
        "historic": "heritage",
        "name": "مدرسة وقبة الصالح نجم الدين أيوب",
        "name:ar": "مدرسة وقبة الصالح نجم الدين أيوب",
        "name:en": "Madrasa and Mausoleum of Sultan Al-Salih Nagm Al-Din Ayyub",
        "religion": "muslim",
        "wikidata": "Q7404512",
        "wikimedia_commons": "Category:Mausoleum of as-Salih Nagm ad-Din Ayyub",
        "wikipedia": "en:Salihiyya Madrasa",
        "@geometry": "center"
      },
      "geometry": {
        "type": "Point",
        "coordinates": [
          31.2614085,
          30.0490346
        ]
      },
      "id": "way/379936036"
    },
    {
      "type": "Feature",
      "properties": {
        "@id": "way/384948047",
        "alt_name": "جادة الفينيق",
        "alt_name:en": "Rams Road",
        "area": "yes",
        "highway": "pedestrian",
        "historic": "archaeological_site",
        "name": "طريق الكباش",
        "name:ar": "طريق الكباش",
        "name:de": "Sphinx-Allee",
        "name:en": "Avenue of Sphinxes",
        "name:es": "Avenida de las esfinges",
        "name:fr": "Allée des sphinx",
        "name:pl": "Aleja Sfinksów",
        "name:pt": "Avenida das Esfinges",
        "surface": "sett",
        "tourism": "attraction",
        "wikidata": "Q6811142",
        "wikipedia": "en:Avenue of Sphinxes",
        "@geometry": "center"
      },
      "geometry": {
        "type": "Point",
        "coordinates": [
          32.6485497,
          25.7083658
        ]
      },
      "id": "way/384948047"
    },
    {
      "type": "Feature",
      "properties": {
        "@id": "way/397424296",
        "name": "متحف المجوهرات الملكية",
        "name:ar": "متحف المجوهرات الملكية",
        "name:en": "Royal Jewellery Museum",
        "tourism": "museum",
        "wikidata": "Q1323293",
        "wikimedia_commons": "Category:Royal Jewelry Museum",
        "wikipedia": "en:Royal Jewelry Museum",
        "@geometry": "center"
      },
      "geometry": {
        "type": "Point",
        "coordinates": [
          29.9631277,
          31.2407873
        ]
      },
      "id": "way/397424296"
    },
    {
      "type": "Feature",
      "properties": {
        "@id": "way/400424568",
        "addr:city": "قاهرة",
        "addr:street": "شارع عين الصيرة",
        "museum": "archaeological",
        "name": "المتحف القومي للحضارة المصرية",
        "name:ar": "المتحف القومي للحضارة المصرية",
        "name:de": "Nationalmuseum der ägyptischen Zivilisation",
        "name:en": "National Museum of Egyptian Civilization",
        "name:es": "Museo Nacional de Civilización Egipcia",
        "name:fa": "موزه ملی تمدن مصر",
        "name:fr": "Musée national de la civilisation égyptienne",
        "short_name:en": "NMEC",
        "tourism": "museum",
        "website": "https://nmec.gov.eg/",
        "wikidata": "Q29017001",
        "wikimedia_commons": "Category:National Museum of Egyptian Civilization",
        "wikipedia": "en:National Museum of Egyptian Civilization",
        "@geometry": "center"
      },
      "geometry": {
        "type": "Point",
        "coordinates": [
          31.2489634,
          30.0076128
        ]
      },
      "id": "way/400424568"
    },
    {
      "type": "Feature",
      "properties": {
        "@id": "way/430931514",
        "archaeological_site": "settlement",
        "historic": "archaeological_site",
        "name": "Ain Asil",
        "wikidata": "Q14299218",
        "wikimedia_commons": "Category:Ain el-Asil",
        "wikipedia": "ar:عين الأصيل",
        "@geometry": "center"
      },
      "geometry": {
        "type": "Point",
        "coordinates": [
          29.2915266,
          25.5593016
        ]
      },
      "id": "way/430931514"
    },
    {
      "type": "Feature",
      "properties": {
        "@id": "way/430931515",
        "archaeological_site": "necropolis",
        "historic": "archaeological_site",
        "name": "Qila' el-Dabba",
        "wikidata": "Q14300118",
        "wikimedia_commons": "Category:Qila' el-Dabba",
        "@geometry": "center"
      },
      "geometry": {
        "type": "Point",
        "coordinates": [
          29.2805924,
          25.5578073
        ]
      },
      "id": "way/430931515"
    },
    {
      "type": "Feature",
      "properties": {
        "@id": "node/432875456",
        "alt_name": "المتخف الجيولوجي المصري",
        "check_date": "2026-06-09",
        "name": "المتخف الجيولوجي المصري",
        "name:ar": "المتخف الجيولوجي المصري",
        "name:en": "Egyptian Geological Museum",
        "note": "correct arabic tag",
        "tourism": "museum",
        "wheelchair": "no",
        "wikidata": "Q5348411",
        "wikimedia_commons": "Category:Egyptian Geological Museum",
        "wikipedia": "en:Egyptian Geological Museum"
      },
      "geometry": {
        "type": "Point",
        "coordinates": [
          31.2287249,
          29.9961855
        ]
      },
      "id": "node/432875456"
    },
    {
      "type": "Feature",
      "properties": {
        "@id": "way/458613695",
        "building": "ruins",
        "heritage": "yes",
        "historic": "archaeological_site",
        "historic:civilization": "ancient_egyptian",
        "name": "Mastaba of Ptahshepses",
        "name:ru": "Пирамида Птахшепсеса",
        "tourism": "attraction",
        "@geometry": "center"
      },
      "geometry": {
        "type": "Point",
        "coordinates": [
          31.2045661,
          29.8965424
        ]
      },
      "id": "way/458613695"
    },
    {
      "type": "Feature",
      "properties": {
        "@id": "way/461688691",
        "building": "yes",
        "historic": "building",
        "name": "وكالة قايتباي",
        "name:ar": "وكالة قايتباي",
        "name:en": "Wikala Qaitbey",
        "wikidata": "Q23975076",
        "wikimedia_commons": "Category:Qaytbay wikala",
        "wikipedia": "en:Wikala of Sultan Qaytbay",
        "@geometry": "center"
      },
      "geometry": {
        "type": "Point",
        "coordinates": [
          31.2645264,
          30.0541741
        ]
      },
      "id": "way/461688691"
    },
    {
      "type": "Feature",
      "properties": {
        "@id": "way/470779600",
        "historic": "archaeological_site",
        "name": "Wadi al-Jarf",
        "wikidata": "Q11855049",
        "wikipedia": "en:Wadi al-Jarf",
        "@geometry": "center"
      },
      "geometry": {
        "type": "Point",
        "coordinates": [
          32.6582549,
          28.891717
        ]
      },
      "id": "way/470779600"
    },
    {
      "type": "Feature",
      "properties": {
        "@id": "way/476617966",
        "archaeological_site": "temple",
        "historic": "archaeological_site",
        "historic:civilization": "ancient_egyptian",
        "name": "Temple of Ammon at Karnak",
        "wikidata": "Q124958525",
        "wikimedia_commons": "Category:Karnak temple of Amun-Ra",
        "@geometry": "center"
      },
      "geometry": {
        "type": "Point",
        "coordinates": [
          32.6583014,
          25.7184045
        ]
      },
      "id": "way/476617966"
    },
    {
      "type": "Feature",
      "properties": {
        "@id": "way/477125396",
        "archaeological_site": "necropolis",
        "building:material": "limestone",
        "historic": "archaeological_site",
        "historic:civilization": "ancient_egyptian",
        "material": "stone",
        "name": "مجمع هرم زوسر",
        "name:ar": "مجمع هرم زوسر",
        "name:de": "Djoser-Pyramide Komplex In Sakkara",
        "name:en": "Djoser Pyramid complex in Sakkara",
        "name:es": "Complejo Funerario de la Pirámide Escalonada de Zoser",
        "name:fr": "Complexe funéraire de Djéser à Saqqarah",
        "name:hu": "Szakkarai lépcsős piramis-komplexum",
        "name:ru": "Комплекс пирамид Джосера в Саккаре",
        "tourism": "attraction",
        "wikidata": "Q192418",
        "wikimedia_commons": "Category:Pyramid of Djoser",
        "wikipedia": "en:Pyramid of Djoser",
        "@geometry": "center"
      },
      "geometry": {
        "type": "Point",
        "coordinates": [
          31.21759,
          29.8699072
        ]
      },
      "id": "way/477125396"
    },
    {
      "type": "Feature",
      "properties": {
        "@id": "way/479529031",
        "alt_name:en": "Dayr al-Bahri",
        "historic": "archaeological_site",
        "name": "الدير البحري",
        "name:ar": "الدير البحري",
        "name:cs": "Dér el-Bahrí",
        "name:de": "Deir el-Bahari",
        "name:en": "Deir el-Bahari",
        "name:es": "Deir el-Bahari",
        "name:fa": "دیر البحری",
        "name:fr": "Temple d'Hatshepsut Dair El Bahari",
        "name:hu": "Hatsepszut királynő temploma",
        "name:it": "Deir el-Bahari",
        "name:ml": "ദെയ്ർ അൽ-ബഹ്രി",
        "name:pt": "Deir Elbari",
        "tourism": "attraction",
        "wikidata": "Q373909",
        "wikimedia_commons": "Category:Deir el-Bahari",
        "wikipedia": "en:Deir el-Bahari",
        "@geometry": "center"
      },
      "geometry": {
        "type": "Point",
        "coordinates": [
          32.6075212,
          25.7373276
        ]
      },
      "id": "way/479529031"
    },
    {
      "type": "Feature",
      "properties": {
        "@id": "way/480876970",
        "archaeological_site": "necropolis",
        "description": "Approximate boundaries of the Al-'Assāsīf necropolis.",
        "historic": "archaeological_site",
        "name": "وادي النبلاء عساسيف",
        "name:ar": "وادي النبلاء عساسيف",
        "name:en": "Valley of the nobles Asasif",
        "name:fa": "دره اشراف عساسیف",
        "wikidata": "Q286631",
        "wikimedia_commons": "Category:El-Assasif",
        "wikipedia": "en:El-Assasif",
        "@geometry": "center"
      },
      "geometry": {
        "type": "Point",
        "coordinates": [
          32.6115918,
          25.7343245
        ]
      },
      "id": "way/480876970"
    },
    {
      "type": "Feature",
      "properties": {
        "@id": "way/482409345",
        "archaeological_site": "roman_circus",
        "historic": "archaeological_site",
        "historic:civilization": "ancient_roman",
        "name": "Roman circus of Antinoopolis",
        "wikipedia": "en:Antinopolis",
        "@geometry": "center"
      },
      "geometry": {
        "type": "Point",
        "coordinates": [
          30.8858088,
          27.8101912
        ]
      },
      "id": "way/482409345"
    },
    {
      "type": "Feature",
      "properties": {
        "@id": "way/486424690",
        "historic": "archaeological_site",
        "name": "Tell el-Farkha",
        "name:ar": "تل الفرخة",
        "wikidata": "Q2402237",
        "wikipedia": "de:Tell el-Farcha",
        "@geometry": "center"
      },
      "geometry": {
        "type": "Point",
        "coordinates": [
          31.6016104,
          30.8749545
        ]
      },
      "id": "way/486424690"
    },
    {
      "type": "Feature",
      "properties": {
        "@id": "way/505203719",
        "boundary": "protected_area",
        "heritage": "1",
        "name": "القاهرة الإسلامية",
        "name:en": "Islamic Cairo",
        "name:fa": "قاهره اسلامی",
        "place": "site",
        "protect_class": "22",
        "@geometry": "center"
      },
      "geometry": {
        "type": "Point",
        "coordinates": [
          31.2565291,
          30.0414288
        ]
      },
      "id": "way/505203719"
    },
    {
      "type": "Feature",
      "properties": {
        "@id": "way/510732343",
        "building": "temple",
        "historic": "ruins",
        "historic:civilization": "ancient_egyptian",
        "material": "stone",
        "name": "معبد وادي منقرع",
        "name:ar": "معبد وادي منقرع",
        "name:en": "Valley Temple of Menkaure",
        "name:hu": "Menkaure Völgytemploma",
        "name:ko": "멘카우레 계곡사원",
        "ruins": "temple",
        "source": "DuMont Reise-Taschenbuch Ägypten - Die klassische Nilreise",
        "tourism": "attraction",
        "wikidata": "Q1585619",
        "wikimedia_commons": "Category:Ancient Egyptian Valley Temples",
        "@geometry": "center"
      },
      "geometry": {
        "type": "Point",
        "coordinates": [
          31.1363661,
          29.9725066
        ]
      },
      "id": "way/510732343"
    },
    {
      "type": "Feature",
      "properties": {
        "@id": "way/523129117",
        "historic": "archaeological_site",
        "name": "The Monastery of Apollo at Bawit",
        "source": "Bing",
        "wikidata": "Q2883627",
        "wikimedia_commons": "Category:Monastery of Bawit",
        "wikipedia": "en:Bawit",
        "@geometry": "center"
      },
      "geometry": {
        "type": "Point",
        "coordinates": [
          30.7012943,
          27.5443075
        ]
      },
      "id": "way/523129117"
    },
    {
      "type": "Feature",
      "properties": {
        "@id": "way/538770760",
        "archaeological_site": "tomb",
        "building": "yes",
        "historic": "archaeological_site",
        "historic:civilization": "ancient_egyptian",
        "name": "هرم سيلا",
        "name:ar": "هرم سيلا",
        "name:de": "Pyramide von Seila",
        "name:en": "Pyramid of Seila",
        "name:fr": "pyramide de Seïlah",
        "wikidata": "Q688720",
        "wikimedia_commons": "Category:Pyramid of Seila",
        "wikipedia": "en:Pyramid of Seila",
        "@geometry": "center"
      },
      "geometry": {
        "type": "Point",
        "coordinates": [
          31.0535558,
          29.3826332
        ]
      },
      "id": "way/538770760"
    },
    {
      "type": "Feature",
      "properties": {
        "@id": "way/538785554",
        "building": "yes",
        "historic": "archaeological_site",
        "name:de": "Pyramide von Edfu-Süd",
        "name:en": "Edfu South Pyramid",
        "name:fr": "Pyramide d'Edfou Sud",
        "wikidata": "Q1603917",
        "wikipedia": "en:Edfu South Pyramid",
        "@geometry": "center"
      },
      "geometry": {
        "type": "Point",
        "coordinates": [
          32.8420086,
          24.9437328
        ]
      },
      "id": "way/538785554"
    },
    {
      "type": "Feature",
      "properties": {
        "@id": "way/540058405",
        "addr:city": "الجيزة",
        "addr:city:ar": "الجيزة",
        "artist_name": "unknown",
        "artwork_type": "statue",
        "building": "sphinx",
        "building:colour": "#F69B3C",
        "historic": "monument",
        "historic:civilization": "ancient_egyptian",
        "image": "https://photos.app.goo.gl/SELSV3CYgxjEj2j3A",
        "landmark": "3",
        "material": "stone",
        "name": "أبو الهول",
        "name:ar": "أبو الهول",
        "name:de": "Große Sphinx von Gizeh",
        "name:el": "Μεγάλη Σφίγγα της Γκίζας",
        "name:en": "The Great Sphinx",
        "name:eo": "granda sfinkso",
        "name:es": "Gran Esfinge de Guiza",
        "name:fa": "ابوالهول بزرگ جیزه",
        "name:fr": "Sphinx",
        "name:hi": "गीज़ा का महान स्फिंक्स",
        "name:hu": "Nagy Szfinx",
        "name:it": "Grande Sfinge di Giza",
        "name:ja": "ギザの大スフィンクス",
        "name:ko": "기자의 대스핑크스",
        "name:lt": "Didysis Gizos sfinksas",
        "name:ml": "ഗിസയിലെ ബൃഹത് സ്ഫിങ്ക്സ്",
        "name:nl": "Sfinx van Gizeh",
        "name:pl": "Wielki Sfinks",
        "name:pt": "Grande Esfínge de Gizé",
        "name:ru": "Сфинкс",
        "name:sk": "Veľká sfinga",
        "name:sv": "Sfinxen",
        "name:uk": "Великий Сфінкс",
        "name:zh": "狮身人面像",
        "start_date": "6000 BC",
        "tourism": "artwork",
        "wikidata": "Q130958",
        "wikimedia_commons": "Category:Great Sphinx of Giza",
        "wikipedia": "ar:أبو الهول",
        "wikipedia:ar": "أبو الهول",
        "wikipedia:en": "Great Sphinx of Giza",
        "@geometry": "center"
      },
      "geometry": {
        "type": "Point",
        "coordinates": [
          31.1375947,
          29.9752813
        ]
      },
      "id": "way/540058405"
    },
    {
      "type": "Feature",
      "properties": {
        "@id": "node/540656368",
        "historic": "monument",
        "name": "قبر آغا خان",
        "name:ar": "قبر آغا خان",
        "name:en": "Agha Khan Tomb",
        "name:fr": "Mausolée Aga Khan",
        "wikidata": "Q959631",
        "wikimedia_commons": "Category:Mausoleum of Aga Khan",
        "wikipedia": "ar:ضريح أغا خان"
      },
      "geometry": {
        "type": "Point",
        "coordinates": [
          32.8788351,
          24.0882795
        ]
      },
      "id": "node/540656368"
    },
    {
      "type": "Feature",
      "properties": {
        "@id": "way/548776260",
        "diameter": "31000",
        "geological": "meteor_crater",
        "name": "فوهة كبيرة",
        "name:ar": "فوهة كبيرة",
        "name:cs": "Kebira",
        "name:de": "Kebira-Krater",
        "name:en": "Kebira Crater",
        "name:fr": "Cratère Kebira",
        "name:hu": "Kebira kráter",
        "name:it": "Cratere Kebira",
        "name:nn": "Kebirakrateret",
        "name:pl": "Krater Kabira",
        "name:sk": "Kebíra",
        "name:sv": "Kebira (krater)",
        "natural": "ridge",
        "tourism": "attraction",
        "website": "https://earthobservatory.nasa.gov/IOTD/view.php?id=6351",
        "wheelchair": "limited",
        "wikidata": "Q1737677",
        "wikipedia": "en:Kebira Crater",
        "@geometry": "center"
      },
      "geometry": {
        "type": "Point",
        "coordinates": [
          24.9662271,
          24.663955
        ]
      },
      "id": "way/548776260"
    },
    {
      "type": "Feature",
      "properties": {
        "@id": "way/554299830",
        "historic": "archaeological_site",
        "source": "wikipedia",
        "tourism": "attraction",
        "wikidata": "Q402041",
        "wikimedia_commons": "Category:Pyramid of Ahmose",
        "wikipedia": "en:Pyramid of Ahmose",
        "@geometry": "center"
      },
      "geometry": {
        "type": "Point",
        "coordinates": [
          31.9378741,
          26.1750314
        ]
      },
      "id": "way/554299830"
    },
    {
      "type": "Feature",
      "properties": {
        "@id": "way/554848964",
        "building": "pyramid",
        "height": "5.10",
        "historic": "archaeological_site",
        "historic:civilization": "ancient_egyptian",
        "historic:era": "dynasty_III",
        "historic:period": "old_kingdom",
        "material": "granite",
        "name": "هرم الفنتين",
        "name:ar": "هرم الفنتين",
        "name:de": "Pyramide von Elephantine",
        "name:en": "Pyramid of Elefantine",
        "name:es": "Pirámide de Elefantina",
        "tourism": "attraction",
        "wikidata": "Q569832",
        "wikipedia": "en:Pyramid of Elephantine",
        "@geometry": "center"
      },
      "geometry": {
        "type": "Point",
        "coordinates": [
          32.8855772,
          24.0856647
        ]
      },
      "id": "way/554848964"
    },
    {
      "type": "Feature",
      "properties": {
        "@id": "way/554848968",
        "building": "yes",
        "name": "Aswan Museum",
        "name:de": "Assuan-Museum",
        "name:en": "Aswan Museum",
        "start_date": "1912",
        "tourism": "museum",
        "wikidata": "Q535586",
        "wikimedia_commons": "Category:Aswan Museum",
        "wikipedia": "en:Aswan Museum",
        "@geometry": "center"
      },
      "geometry": {
        "type": "Point",
        "coordinates": [
          32.8869909,
          24.084979
        ]
      },
      "id": "way/554848968"
    },
    {
      "type": "Feature",
      "properties": {
        "@id": "way/556425031",
        "building": "ruins",
        "historic": "monument",
        "name": "Northern palace القصر الشمالى",
        "name:ab": "القصر الشمالى",
        "name:ar": "Northern palace القصر الشمالى",
        "name:hu": "Ehnaton Északi-palotája",
        "source": "wikipedia",
        "tourism": "attraction",
        "wikidata": "Q586630",
        "wikimedia_commons": "Category:Small Temple of the Aten",
        "wikipedia": "en:Amarna",
        "@geometry": "center"
      },
      "geometry": {
        "type": "Point",
        "coordinates": [
          30.9035149,
          27.6699463
        ]
      },
      "id": "way/556425031"
    },
    {
      "type": "Feature",
      "properties": {
        "@id": "way/556429401",
        "building": "ruins",
        "description": "Amenhotep-Ehnaton Aton Sun City",
        "height": "1",
        "heritage": "1",
        "historic": "monument",
        "name": "تل العمارنة",
        "name:ar": "تل العمارنة",
        "name:en": "Amarna",
        "name:fr": "Amarna",
        "name:hu": "Ahet-Aton",
        "tourism": "attraction",
        "@geometry": "center"
      },
      "geometry": {
        "type": "Point",
        "coordinates": [
          30.8983424,
          27.645072
        ]
      },
      "id": "way/556429401"
    },
    {
      "type": "Feature",
      "properties": {
        "@id": "way/556558418",
        "archaeological_site": "necropolis",
        "heritage": "1",
        "historic": "archaeological_site",
        "name": "Royal Tomb of Eknathon",
        "name:hu": "Ehnaton fáraó sírja",
        "tomb": "rock-cut",
        "tourism": "attraction",
        "wikipedia": "en:Amarna",
        "@geometry": "center"
      },
      "geometry": {
        "type": "Point",
        "coordinates": [
          30.9851026,
          27.6261154
        ]
      },
      "id": "way/556558418"
    },
    {
      "type": "Feature",
      "properties": {
        "@id": "way/556558419",
        "archaeological_site": "necropolis",
        "historic": "archaeological_site",
        "name": "Northern tombs",
        "name:hu": "Északi sírok",
        "tomb": "rock-cut",
        "tourism": "attraction",
        "wikipedia": "en:Amarna",
        "@geometry": "center"
      },
      "geometry": {
        "type": "Point",
        "coordinates": [
          30.9280889,
          27.6623374
        ]
      },
      "id": "way/556558419"
    },
    {
      "type": "Feature",
      "properties": {
        "@id": "way/580657250",
        "barrier": "wall",
        "historic": "archaeological_site",
        "name": "Temple of Hator",
        "name:ar": "سرابيط الخادم",
        "wikidata": "Q1462523",
        "wikipedia": "en:Serabit el-Khadim",
        "@geometry": "center"
      },
      "geometry": {
        "type": "Point",
        "coordinates": [
          33.4594416,
          29.0366791
        ]
      },
      "id": "way/580657250"
    },
    {
      "type": "Feature",
      "properties": {
        "@id": "way/580657267",
        "historic": "archaeological_site",
        "name": "Wadi Maghareh",
        "wikipedia": "en:Wadi Maghareh",
        "@geometry": "center"
      },
      "geometry": {
        "type": "Point",
        "coordinates": [
          33.3726051,
          28.8991098
        ]
      },
      "id": "way/580657267"
    },
    {
      "type": "Feature",
      "properties": {
        "@id": "way/591022796",
        "historic": "yes",
        "name": "Mons Claudianus",
        "wikidata": "Q1146716",
        "wikimedia_commons": "Category:Mons Claudianus",
        "wikipedia": "en:Mons Claudianus",
        "@geometry": "center"
      },
      "geometry": {
        "type": "Point",
        "coordinates": [
          33.4867456,
          26.8094739
        ]
      },
      "id": "way/591022796"
    },
    {
      "type": "Feature",
      "properties": {
        "@id": "way/594065767",
        "archaeological_site": "temple",
        "historic": "archaeological_site",
        "historic:civilization": "ancient_egyptian",
        "historic:era": "dynasty_XIX",
        "historic:period": "new_kingdom",
        "int_name": "Abu Simbel",
        "name": "معبدا أبو سمبل",
        "name:ar": "معبدا أبو سمبل",
        "name:cs": "Abú Simbel",
        "name:de": "Abu Simbel",
        "name:en": "Abu Simbel Temples",
        "name:es": "Abu Simbel",
        "name:fr": "Abou Simbel",
        "name:hu": "Abu Szimbel",
        "name:ml": "അബു സിംബൽ ക്ഷേത്രങ്ങൾ",
        "name:nl": "Aboe Simbel",
        "name:pt": "Templos de Abu Simbel",
        "name:zh": "阿布辛贝神庙",
        "tourism": "attraction",
        "wikidata": "Q134140",
        "wikimedia_commons": "Category:Abu Simbel temples",
        "wikipedia": "en:Abu Simbel temples",
        "@geometry": "center"
      },
      "geometry": {
        "type": "Point",
        "coordinates": [
          31.625897,
          22.3370856
        ]
      },
      "id": "way/594065767"
    },
    {
      "type": "Feature",
      "properties": {
        "@id": "node/597394571",
        "alt_name": "رمسيس الثالث",
        "amenity": "grave_yard",
        "historic": "tomb",
        "name": "رمسيس الثالث",
        "name:ar": "رمسيس الثالث",
        "name:de": "Grabmal von Ramses III., ursprünglich von Sethnacht",
        "name:en": "KV11 Ramses III",
        "name:es": "Tumba de Ramses III",
        "name:fr": "Tombeau de Ramsès III",
        "name:ru": "KV11",
        "ref": "KV11",
        "website": "https://thebanmappingproject.com/tombs/kv-11-rameses-iii",
        "wheelchair": "no",
        "wikidata": "Q385280",
        "wikimedia_commons": "Category:KV11",
        "wikipedia": "en:KV11"
      },
      "geometry": {
        "type": "Point",
        "coordinates": [
          32.6010879,
          25.7390669
        ]
      },
      "id": "node/597394571"
    },
    {
      "type": "Feature",
      "properties": {
        "@id": "node/597394572",
        "alt_name": "تحوتموزس الثالث",
        "amenity": "grave_yard",
        "historic": "tomb",
        "name": "تحوتموزس الثالث",
        "name:ar": "تحوتموزس الثالث",
        "name:de": "Grabmal von Thutmosis III.",
        "name:en": "Tomb of Tuthmosis III",
        "name:es": "KV34",
        "name:fr": "KV34 Tombe de Toutmosis III",
        "ref": "KV34",
        "website": "https://thebanmappingproject.com/tombs/kv-34-thutmes-iii",
        "wikidata": "Q1719144",
        "wikimedia_commons": "Category:KV34",
        "wikipedia": "en:KV34"
      },
      "geometry": {
        "type": "Point",
        "coordinates": [
          32.6010177,
          25.7378879
        ]
      },
      "id": "node/597394572"
    },
    {
      "type": "Feature",
      "properties": {
        "@id": "way/602131244",
        "historic": "castle",
        "name": "سور الإسكندرية القديم",
        "name:ar": "سور الإسكندرية القديم",
        "name:en": "Ancient Town Wall of Alexandria",
        "tourism": "attraction",
        "wikidata": "Q20386666",
        "@geometry": "center"
      },
      "geometry": {
        "type": "Point",
        "coordinates": [
          29.913871,
          31.2025984
        ]
      },
      "id": "way/602131244"
    },
    {
      "type": "Feature",
      "properties": {
        "@id": "way/604768231",
        "building": "yes",
        "historic": "monument",
        "image": "https://drive.google.com/drive/folders/1-BQ39NTpEx5lt4HT0HK2BucU9Rikmg5d",
        "name": "المسرح الروماني",
        "name:ar": "المسرح الروماني",
        "name:en": "Roman Theatre",
        "wikidata": "Q12192976",
        "@geometry": "center"
      },
      "geometry": {
        "type": "Point",
        "coordinates": [
          29.9040491,
          31.1946424
        ]
      },
      "id": "way/604768231"
    },
    {
      "type": "Feature",
      "properties": {
        "@id": "way/640238754",
        "archaeological_site": "settlement",
        "area": "yes",
        "historic": "archaeological_site",
        "name": "زاوية أم الرخم",
        "name:ar": "زاوية أم الرخم",
        "name:en": "Zawiyet Umm el-Rakham",
        "name:fr": "Zawiyet Umm el-Rakham",
        "wikidata": "Q167780",
        "wikimedia_commons": "Category:Zawiyet Umm el-Rakham",
        "wikipedia": "de:Zawiyet Umm el-Rakham",
        "@geometry": "center"
      },
      "geometry": {
        "type": "Point",
        "coordinates": [
          27.0259792,
          31.4000237
        ]
      },
      "id": "way/640238754"
    },
    {
      "type": "Feature",
      "properties": {
        "@id": "way/642623327",
        "archaeological_site": "fortification",
        "historic": "archaeological_site",
        "historic:civilization": "ancient_egyptian",
        "name": "Grenzfestung des Ramses III.",
        "wikidata": "Q1545755",
        "wikipedia": "de:Grenzfestung des Ramses III.",
        "@geometry": "center"
      },
      "geometry": {
        "type": "Point",
        "coordinates": [
          32.4928992,
          30.9673598
        ]
      },
      "id": "way/642623327"
    },
    {
      "type": "Feature",
      "properties": {
        "@id": "way/645930222",
        "building": "yes",
        "historic": "memorial",
        "name": "Alamein Memorial",
        "wikidata": "Q16161233",
        "wikimedia_commons": "Category:Alamein Memorial",
        "wikipedia": "en:Alamein Memorial",
        "@geometry": "center"
      },
      "geometry": {
        "type": "Point",
        "coordinates": [
          28.9470323,
          30.8381508
        ]
      },
      "id": "way/645930222"
    },
    {
      "type": "Feature",
      "properties": {
        "@id": "way/646025339",
        "barrier": "fence",
        "cemetery": "war_cemetery",
        "cemetery:conflict": "WW2",
        "cemetery:country": "DE",
        "contact:website": "https://www.volksbund.de/kriegsgraeberstaette/el-alamein.html",
        "historic": "yes",
        "landuse": "cemetery",
        "name:de": "Deutsche Kriegsgräberstätte El Alamein",
        "name:en": "El Alamein German war cemetery",
        "operator": "Bund Deutscher Kriegsgräberfürsorge e. V.",
        "wikidata": "Q59530220",
        "@geometry": "center"
      },
      "geometry": {
        "type": "Point",
        "coordinates": [
          28.8751669,
          30.8892746
        ]
      },
      "id": "way/646025339"
    },
    {
      "type": "Feature",
      "properties": {
        "@id": "way/646316063",
        "alt_name": "Marina El Alamein",
        "historic": "archaeological_site",
        "name": "آثار مدينة لوكاسبس",
        "name:ar": "آثار مدينة لوكاسبس",
        "name:en": "Leucaspis town ruins",
        "name:fr": "Ruines de la ville de Leucaspis",
        "source": "http://tools.wmflabs.org/geohack/geohack.php?pagename=Marina%2C_Egypt&params=30_49_N_29_3_E_type:city_region:EG",
        "wikipedia": "de:Ausgrabungen von Marina el-Alamein",
        "@geometry": "center"
      },
      "geometry": {
        "type": "Point",
        "coordinates": [
          29.0068031,
          30.8252607
        ]
      },
      "id": "way/646316063"
    },
    {
      "type": "Feature",
      "properties": {
        "@id": "way/653703867",
        "archaeological_site": "city",
        "boundary": "protected_area",
        "heritage": "1",
        "heritage:name": "Site of Memphis",
        "heritage:operator": "whc",
        "historic": "archaeological_site",
        "historic:civilization": "ancient_egyptian",
        "name": "منف",
        "name:ar": "منف",
        "name:cop": "ⲙⲉⲙϥⲓ",
        "name:de": "Memphis",
        "name:el": "Μέμφις",
        "name:en": "Memphis",
        "name:fr": "Memphis",
        "name:ru": "Мемфис",
        "protect_class": "98",
        "ref:whc": "86-001",
        "whc:criteria": "(i),(iii),(vi)",
        "whc:inscription_date": "1979",
        "wikidata": "Q5715",
        "wikipedia": "en:Memphis, Egypt",
        "@geometry": "center"
      },
      "geometry": {
        "type": "Point",
        "coordinates": [
          31.2573749,
          29.8544832
        ]
      },
      "id": "way/653703867"
    },
    {
      "type": "Feature",
      "properties": {
        "@id": "node/663393691",
        "alt_name": "نيلوميتر",
        "name": "نيلوميتر",
        "name:ar": "نيلوميتر",
        "name:de": "Nilometer von Roda",
        "name:en": "Nilometer in Rhoda Island",
        "name:fr": "Nilomètre de l'île de Rodah",
        "tourism": "attraction",
        "wikidata": "Q1992209",
        "wikimedia_commons": "Category:Nilometer in Rhoda Island"
      },
      "geometry": {
        "type": "Point",
        "coordinates": [
          31.2250004,
          30.0069316
        ]
      },
      "id": "node/663393691"
    },
    {
      "type": "Feature",
      "properties": {
        "@id": "node/663869819",
        "historic": "wreck",
        "name": "Dunraven",
        "scuba_diving:entry:boat": "yes",
        "seamark:type": "wreck",
        "sport": "scuba_diving",
        "tourism": "attraction",
        "verified": "no, please check and del this tag",
        "wikidata": "Q1266243",
        "wikimedia_commons": "Category:Dunraven (ship, 1873)",
        "wikipedia": "en:SS Dunraven"
      },
      "geometry": {
        "type": "Point",
        "coordinates": [
          34.1216666,
          27.7033333
        ]
      },
      "id": "node/663869819"
    },
    {
      "type": "Feature",
      "properties": {
        "@id": "node/663869830",
        "name": "Ras Umm Sid",
        "name:ar": "رأس أم سد",
        "name:en": "Ras Umm Sid",
        "name:ru": "Рас Умм Сид",
        "sport": "scuba_diving",
        "tourism": "attraction",
        "verified": "yes",
        "wikidata": "Q14218645",
        "wikimedia_commons": "Category:Hadaba"
      },
      "geometry": {
        "type": "Point",
        "coordinates": [
          34.31648,
          27.847261
        ]
      },
      "id": "node/663869830"
    },
    {
      "type": "Feature",
      "properties": {
        "@id": "node/663869869",
        "depth": "100",
        "description:en": "One of the most popular deep dive site in the world. Blue hole arch under 50m depth",
        "description:ru": "Одно из самых популярных мест в мире для глубоководных погружений - арка Голубой дыры на глубине болee 50м",
        "name": "Blue Hole",
        "name:de": "Blaues Loch",
        "scuba_diving:entry": "shore",
        "sport": "scuba_diving",
        "sport:scuba_diving": "yes",
        "tourism": "attraction",
        "wikidata": "Q885734",
        "wikimedia_commons": "Category:Blue Hole (Red Sea)",
        "wikipedia": "en:Blue Hole (Red Sea)"
      },
      "geometry": {
        "type": "Point",
        "coordinates": [
          34.5373553,
          28.5723028
        ]
      },
      "id": "node/663869869"
    },
    {
      "type": "Feature",
      "properties": {
        "@id": "way/669759807",
        "building": "ruins",
        "description": "King's Wife and King's Mother",
        "historic": "ruins",
        "historic:civilization": "ancient_egyptian",
        "ref": "G7000x",
        "start_date": "4th dynasty (time of Sneferu to Khufu)",
        "wikipedia": "en:Giza East Field",
        "@geometry": "center"
      },
      "geometry": {
        "type": "Point",
        "coordinates": [
          31.1366389,
          29.9791435
        ]
      },
      "id": "way/669759807"
    },
    {
      "type": "Feature",
      "properties": {
        "@id": "node/670115369",
        "name": "متحف أم كلثوم",
        "name:ar": "متحف أم كلثوم",
        "name:en": "Om Kalthom Museum",
        "name:fa": "موزه ام کلثوم",
        "tourism": "museum",
        "wikidata": "Q7881638",
        "wikimedia_commons": "Category:Umm Kulthum Museum",
        "wikipedia": "en:Umm Kulthum Museum"
      },
      "geometry": {
        "type": "Point",
        "coordinates": [
          31.2248842,
          30.0076221
        ]
      },
      "id": "node/670115369"
    },
    {
      "type": "Feature",
      "properties": {
        "@id": "way/675978560",
        "building": "mosque",
        "historic": "tomb",
        "name": "Mausoleum des Abū el-Ḥasan ʿAlī esch-Schādhilī",
        "name:de": "Shrine of Imam Shadhili",
        "wikidata": "Q39087910",
        "wikipedia": "en:Shrine of Imam Shadhili",
        "@geometry": "center"
      },
      "geometry": {
        "type": "Point",
        "coordinates": [
          34.6357166,
          24.2007841
        ]
      },
      "id": "way/675978560"
    },
    {
      "type": "Feature",
      "properties": {
        "@id": "way/677182494",
        "historic": "ruins",
        "int_name": "Sikīt",
        "name": "سكيت",
        "name:ar": "سكيت",
        "name:de": "Süd-Sikait",
        "name:en": "South-Sikait",
        "old_name": "Senskis",
        "website": "https://de.wikivoyage.org/wiki/Sikait",
        "wikidata": "Q9336835",
        "wikipedia": "es:Sikait",
        "@geometry": "center"
      },
      "geometry": {
        "type": "Point",
        "coordinates": [
          34.7953923,
          24.6317992
        ]
      },
      "id": "way/677182494"
    },
    {
      "type": "Feature",
      "properties": {
        "@id": "way/677436130",
        "archaeological_site": "settlement",
        "historic": "archaeological_site",
        "int_name": "Kaʿb Marfūʿ",
        "name": "كعب مرفوع",
        "name:ar": "كعب مرفوع",
        "name:de": "Kab Marfua",
        "name:en": "Kab Marfua",
        "name:fr": "Kab Marfua",
        "source": "https://de.wikivoyage.org/wiki/Ka%CA%BFb_Marf%C5%AB%CA%BF",
        "wikidata": "Q56231835",
        "@geometry": "center"
      },
      "geometry": {
        "type": "Point",
        "coordinates": [
          34.7380306,
          24.5430122
        ]
      },
      "id": "way/677436130"
    },
    {
      "type": "Feature",
      "properties": {
        "@id": "way/699259094",
        "archaeological_site": "necropolis",
        "historic": "archaeological_site",
        "name": "Northern tombs",
        "name:hu": "Északi sírok",
        "tomb": "rock-cut",
        "tourism": "attraction",
        "wikipedia": "en:Amarna",
        "@geometry": "center"
      },
      "geometry": {
        "type": "Point",
        "coordinates": [
          30.9212807,
          27.6698153
        ]
      },
      "id": "way/699259094"
    },
    {
      "type": "Feature",
      "properties": {
        "@id": "way/699517819",
        "archaeological_site": "settlement",
        "heritage": "1",
        "historic": "archaeological_site",
        "layer": "-1",
        "name": "كهف الدكة",
        "name:ar": "كهف الدكة",
        "name:ca": "Dakka",
        "name:de": "Ad-Dakka",
        "name:en": "Dakka Cave",
        "name:es": "Dakka",
        "name:fr": "Temple de Dakka",
        "name:hu": "Dakkai templom",
        "name:nl": "Dakka",
        "name:pt": "Templo de Daca",
        "opening_hours": "24/7",
        "tourism": "attraction",
        "wheelchair": "no",
        "wikidata": "Q291241",
        "wikimedia_commons": "Category:Temple of Dakka",
        "wikipedia": "en:Temple of Dakka",
        "@geometry": "center"
      },
      "geometry": {
        "type": "Point",
        "coordinates": [
          32.5467654,
          22.7989759
        ]
      },
      "id": "way/699517819"
    },
    {
      "type": "Feature",
      "properties": {
        "@id": "way/699525712",
        "archaeological_site": "settlement",
        "building": "church",
        "heritage": "1",
        "historic": "archaeological_site",
        "layer": "-1",
        "name": "معبد رع وتحوت",
        "name:ar": "معبد رع وتحوت",
        "name:en": "Re & Thot Temple",
        "name:fr": "Temple Re & Thot",
        "opening_hours": "24/7",
        "tourism": "attraction",
        "wheelchair": "no",
        "@geometry": "center"
      },
      "geometry": {
        "type": "Point",
        "coordinates": [
          32.5446513,
          22.7941638
        ]
      },
      "id": "way/699525712"
    },
    {
      "type": "Feature",
      "properties": {
        "@id": "way/699526339",
        "archaeological_site": "settlement",
        "building": "temple",
        "heritage": "1",
        "historic": "archaeological_site",
        "layer": "-1",
        "opening_hours": "24/7",
        "tourism": "attraction",
        "wheelchair": "no",
        "@geometry": "center"
      },
      "geometry": {
        "type": "Point",
        "coordinates": [
          32.5471781,
          22.7943832
        ]
      },
      "id": "way/699526339"
    },
    {
      "type": "Feature",
      "properties": {
        "@id": "way/703035887",
        "historic": "memorial",
        "name": "Alamein Cremation Memorial",
        "wikidata": "Q65455986",
        "@geometry": "center"
      },
      "geometry": {
        "type": "Point",
        "coordinates": [
          28.9484368,
          30.8366404
        ]
      },
      "id": "way/703035887"
    },
    {
      "type": "Feature",
      "properties": {
        "@id": "way/711889183",
        "building": "ruins",
        "historic": "ruins",
        "name": "Pyramid of Amenemhet I",
        "name:ru": "пирамида Аменемхета I",
        "source": "wikipedia",
        "wikidata": "Q462160",
        "wikimedia_commons": "Category:Pyramid of Amenemhat I",
        "wikipedia": "en:Pyramid of Amenemhet I",
        "@geometry": "center"
      },
      "geometry": {
        "type": "Point",
        "coordinates": [
          31.2252959,
          29.5748413
        ]
      },
      "id": "way/711889183"
    },
    {
      "type": "Feature",
      "properties": {
        "@id": "way/729334608",
        "historic": "ruins",
        "name": "Umm Kābū",
        "wikidata": "Q56035692",
        "@geometry": "center"
      },
      "geometry": {
        "type": "Point",
        "coordinates": [
          34.8800797,
          24.571373
        ]
      },
      "id": "way/729334608"
    },
    {
      "type": "Feature",
      "properties": {
        "@id": "way/767933342",
        "addr:street": "البرج",
        "building": "yes",
        "height": "187",
        "man_made": "tower",
        "name": "برج القاهرة",
        "name:ar": "برج القاهرة",
        "name:en": "Cairo Tower",
        "name:es": "Torre del Cairo",
        "name:fa": "برج قاهره",
        "name:he": "מגדל קהיר",
        "name:hi": "काहिरा मीनार",
        "name:ko": "카이로 타워",
        "name:ml": "കെയ്റോ ഗോപുരം",
        "tourism": "attraction",
        "tower:construction": "lattice",
        "tower:type": "observation",
        "wikidata": "Q614684",
        "wikimedia_commons": "Category:Cairo Tower",
        "wikipedia": "en:Cairo Tower",
        "@geometry": "center"
      },
      "geometry": {
        "type": "Point",
        "coordinates": [
          31.2243127,
          30.04603
        ]
      },
      "id": "way/767933342"
    },
    {
      "type": "Feature",
      "properties": {
        "@id": "node/768030685",
        "historic": "castle",
        "name": "قلعة النخل",
        "name:ar": "قلعة النخل",
        "name:de": "Festung an-Nachl",
        "name:en": "An-Nekhel Fortress",
        "name:ur": "قلعہ نخل",
        "wikidata": "Q2975928",
        "wikimedia_commons": "Category:An-Nekhel Fortress",
        "wikipedia": "en:An-Nekhel Fortress"
      },
      "geometry": {
        "type": "Point",
        "coordinates": [
          33.7460393,
          29.9119211
        ]
      },
      "id": "node/768030685"
    },
    {
      "type": "Feature",
      "properties": {
        "@id": "node/768081377",
        "alt_name": "الكوم الأحمر",
        "historic": "ruins",
        "int_name": "Nekhen, Nekhen",
        "name": "الكوم الأحمر",
        "name:ar": "الكوم الأحمر",
        "name:ar1": "الكوم الأحمر",
        "name:de": "Nekhen",
        "name:en": "Nekhen",
        "name:fr": "Nekhen",
        "place": "locality",
        "wikidata": "Q278988",
        "wikimedia_commons": "Category:Hierakonpolis",
        "wikipedia": "ar:نخن"
      },
      "geometry": {
        "type": "Point",
        "coordinates": [
          32.7,
          25.116667
        ]
      },
      "id": "node/768081377"
    },
    {
      "type": "Feature",
      "properties": {
        "@id": "node/768095281",
        "alt_name": "كوم أبو بلو",
        "historic": "yes",
        "int_name": "Terenuthis, Terenuthis",
        "name": "كوم أبو بلو",
        "name:ar": "كوم أبو بلو",
        "name:ar1": "كوم أبو بلو",
        "name:de": "Terenuthis",
        "name:en": "Terenuthis",
        "name:fr": "Terenuthis",
        "place": "locality",
        "wikidata": "Q2404564",
        "wikimedia_commons": "Category:Terenuthis",
        "wikipedia": "en:Tarrana"
      },
      "geometry": {
        "type": "Point",
        "coordinates": [
          30.816667,
          30.533333
        ]
      },
      "id": "node/768095281"
    },
    {
      "type": "Feature",
      "properties": {
        "@id": "node/768578101",
        "historic": "yes",
        "int_name": "Taposiris Magna, Taposiris Magna, Taposiris",
        "name": "تابوسيريس",
        "name:ar": "تابوسيريس",
        "name:de": "Taposiris Magna",
        "name:en": "Taposiris Magna",
        "name:fr": "Taposiris Magna",
        "place": "locality",
        "wikidata": "Q7684735",
        "wikimedia_commons": "Category:Taposiris Magna",
        "wikipedia": "en:Taposiris Magna"
      },
      "geometry": {
        "type": "Point",
        "coordinates": [
          29.520851,
          30.947236
        ]
      },
      "id": "node/768578101"
    },
    {
      "type": "Feature",
      "properties": {
        "@id": "node/768584771",
        "alt_name": "تل البهنسا",
        "historic": "ruins",
        "int_name": "Tall al Bahnasā, Tall al Bahnasa",
        "name": "تل البهنسا",
        "name:ar": "تل البهنسا",
        "name:ar1": "تل البهنسا",
        "name:de": "Tall al Bahnasa",
        "name:en": "Tall al Bahnasa",
        "name:fr": "Tall al Bahnasa",
        "place": "locality",
        "wikidata": "Q622640",
        "wikimedia_commons": "Category:Oxyrhynchus",
        "wikipedia": "en:Oxyrhynchus"
      },
      "geometry": {
        "type": "Point",
        "coordinates": [
          30.650278,
          28.5425
        ]
      },
      "id": "node/768584771"
    },
    {
      "type": "Feature",
      "properties": {
        "@id": "node/768586411",
        "historic": "monument",
        "int_name": "Qasr es Sāgha, Qasr al Sagha, Qasr al Saghah",
        "name": "قصر الصاغة",
        "name:ar": "قصر الصاغة",
        "name:de": "Qasr al Sagha",
        "name:en": "Qasr al Sagha",
        "name:fr": "Qasr al Sagha",
        "name:hu": "Kasr el Saga",
        "place": "village",
        "wikidata": "Q11944150",
        "wikimedia_commons": "Category:Qasr el-Sagha",
        "wikipedia": "ar:قصر الصاغة"
      },
      "geometry": {
        "type": "Point",
        "coordinates": [
          30.6777957,
          29.595351
        ]
      },
      "id": "node/768586411"
    },
    {
      "type": "Feature",
      "properties": {
        "@id": "node/768586646",
        "alt_name": "فيلوترس",
        "historic": "ruins",
        "int_name": "Philoteris, Philoteris",
        "name": "فيلوترس",
        "name:ar": "فيلوترس",
        "name:de": "Philoteris",
        "name:en": "Philoteris",
        "name:fr": "Philoteris",
        "place": "locality",
        "wikidata": "Q42834453",
        "wikipedia": "en:Philoteris"
      },
      "geometry": {
        "type": "Point",
        "coordinates": [
          30.466667,
          29.383333
        ]
      },
      "id": "node/768586646"
    },
    {
      "type": "Feature",
      "properties": {
        "@id": "node/768595636",
        "historic": "yes",
        "int_name": "Pithom, Pithom",
        "name": "بيتوم",
        "name:ar": "بيتوم",
        "name:de": "Pithom",
        "name:en": "Pithom",
        "name:fr": "Pithom",
        "name:he": "פיתום ורעמסס",
        "place": "locality",
        "wikidata": "Q1630019",
        "wikimedia_commons": "Category:Pithom",
        "wikipedia": "en:Pithom"
      },
      "geometry": {
        "type": "Point",
        "coordinates": [
          32.066667,
          30.55
        ]
      },
      "id": "node/768595636"
    },
    {
      "type": "Feature",
      "properties": {
        "@id": "node/768598442",
        "alt_name": "طابية الجميل",
        "historic": "castle",
        "int_name": "El Gamil Fort, Al Gamil Fort",
        "name": "طابية الجميل",
        "name:ar": "طابية الجميل",
        "name:ar1": "طابية الجميل",
        "name:de": "Al Gamil Fort",
        "name:en": "Al Gamil Fort",
        "name:fr": "Al Gamil Fort",
        "place": "locality",
        "wikidata": "Q5351300",
        "wikimedia_commons": "Category:El Gamil",
        "wikipedia": "en:El Gamil"
      },
      "geometry": {
        "type": "Point",
        "coordinates": [
          32.2025,
          31.284444
        ]
      },
      "id": "node/768598442"
    },
    {
      "type": "Feature",
      "properties": {
        "@id": "node/768725512",
        "alt_name": "الإسم العربي ؟",
        "historic": "ruins",
        "int_name": "Antaeopolis, Antaeopolis",
        "name": "الإسم العربي ؟",
        "name:ar": "الإسم العربي ؟",
        "name:ar1": "الإسم العربي ؟",
        "name:de": "Antaeopolis",
        "name:en": "Antaeopolis",
        "name:fr": "Antaeopolis",
        "place": "locality",
        "wikidata": "Q548283",
        "wikimedia_commons": "Category:Antaeopolis",
        "wikipedia": "ar:العتمانية (أسيوط)"
      },
      "geometry": {
        "type": "Point",
        "coordinates": [
          31.5,
          26.95
        ]
      },
      "id": "node/768725512"
    },
    {
      "type": "Feature",
      "properties": {
        "@id": "node/768774632",
        "alt_name": "مصطبة مروروكة",
        "amenity": "grave_yard",
        "heritage": "yes",
        "historic": "archaeological_site",
        "historic:civilization": "ancient_egyptian",
        "int_name": "Maṣṭaba of Meruduka, Mastaba of Meruduka",
        "name": "مصطبة مروروكة",
        "name:ar": "مصطبة مروروكة",
        "name:ar1": "مصطبة مروروكة",
        "name:de": "Mastaba of Meruduka",
        "name:en": "Mastaba of Meruduka",
        "name:fr": "Mastaba of Meruduka",
        "tourism": "attraction"
      },
      "geometry": {
        "type": "Point",
        "coordinates": [
          31.2166617,
          29.8833055
        ]
      },
      "id": "node/768774632"
    },
    {
      "type": "Feature",
      "properties": {
        "@id": "node/768794811",
        "alt_name": "يميت",
        "historic": "ruins",
        "int_name": "Yamit",
        "name": "يميت",
        "name:ar": "يميت",
        "name:ar1": "يميت",
        "name:de": "Yamit",
        "name:en": "Yamit",
        "name:fr": "Yamit",
        "name:he": "ימית",
        "place": "locality",
        "wikidata": "Q1681445",
        "wikimedia_commons": "Category:Yamit",
        "wikipedia": "ar:ياميت"
      },
      "geometry": {
        "type": "Point",
        "coordinates": [
          34.1679931,
          31.2740264
        ]
      },
      "id": "node/768794811"
    },
    {
      "type": "Feature",
      "properties": {
        "@id": "way/771817571",
        "amenity": "place_of_worship",
        "building": "church",
        "denomination": "coptic",
        "name": "دير العذراء - السريان",
        "name:ar": "دير العذراء - السريان",
        "name:en": "Monastery of Saint Mary Deipara",
        "name:pl": "Klasztor Syryjczyków",
        "religion": "christian",
        "tourism": "attraction",
        "wikipedia": "pl:Klasztor Syryjczyków",
        "@geometry": "center"
      },
      "geometry": {
        "type": "Point",
        "coordinates": [
          30.3592893,
          30.3188437
        ]
      },
      "id": "way/771817571"
    },
    {
      "type": "Feature",
      "properties": {
        "@id": "way/773773382",
        "boundary": "protected_area",
        "leisure": "nature_reserve",
        "name": "محمية وادي دجلة",
        "name:ar": "محمية وادي دجلة",
        "name:en": "Wadi Degla Protectorate Area",
        "name:fr": "Réserve de Wadi Degla",
        "opening_hours": "07:00-18:00",
        "protect_class": "3",
        "protection_title": "Special Protected Area",
        "tourism": "attraction",
        "wikidata": "Q12241414",
        "wikimedia_commons": "Category:Wadi Degla",
        "wikipedia": "arz:محمية وادى دجله",
        "@geometry": "center"
      },
      "geometry": {
        "type": "Point",
        "coordinates": [
          31.391146,
          29.9393975
        ]
      },
      "id": "way/773773382"
    },
    {
      "type": "Feature",
      "properties": {
        "@id": "way/775853319",
        "alt_name:en": "Bab Zuwayla Gate",
        "building": "yes",
        "description": "Fatimid era city gate built in 1092, serves as on of the entrances to Al-Moez street.",
        "historic": "city_gate",
        "name": "باب زويلة",
        "name:ar": "باب زويلة",
        "name:en": "Bab Zuweila",
        "name:es": "Puerta Bab Zuwayla",
        "tourism": "attraction",
        "wikidata": "Q2041270",
        "wikimedia_commons": "Category:Bab Zuwayla",
        "wikipedia": "en:Bab Zuweila",
        "@geometry": "center"
      },
      "geometry": {
        "type": "Point",
        "coordinates": [
          31.2577817,
          30.0427938
        ]
      },
      "id": "way/775853319"
    },
    {
      "type": "Feature",
      "properties": {
        "@id": "way/785187117",
        "archaeological_site": "settlement",
        "historic": "archaeological_site",
        "name": "'Ain el-Gedida",
        "wikidata": "Q88802946",
        "wikimedia_commons": "Category:Ain el-Gedida",
        "@geometry": "center"
      },
      "geometry": {
        "type": "Point",
        "coordinates": [
          29.0452053,
          25.5398822
        ]
      },
      "id": "way/785187117"
    },
    {
      "type": "Feature",
      "properties": {
        "@id": "way/813714511",
        "building": "yes",
        "historic": "tomb",
        "name": "KV18",
        "wikidata": "Q1719122",
        "wikimedia_commons": "Category:KV18",
        "wikipedia": "ar:مقبرة 18",
        "@geometry": "center"
      },
      "geometry": {
        "type": "Point",
        "coordinates": [
          32.6022406,
          25.7398071
        ]
      },
      "id": "way/813714511"
    },
    {
      "type": "Feature",
      "properties": {
        "@id": "way/813717250",
        "building": "yes",
        "historic": "tomb",
        "name": "KV17",
        "tomb": "egyptian",
        "wikidata": "Q1420195",
        "wikimedia_commons": "Category:KV17",
        "wikipedia": "ar:مقبرة 17 (وادي الملوك)",
        "@geometry": "center"
      },
      "geometry": {
        "type": "Point",
        "coordinates": [
          32.6019701,
          25.7399231
        ]
      },
      "id": "way/813717250"
    },
    {
      "type": "Feature",
      "properties": {
        "@id": "way/813717251",
        "building": "yes",
        "historic": "tomb",
        "name": "KV-3",
        "tomb": "yes",
        "wikidata": "Q589651",
        "wikimedia_commons": "Category:KV3",
        "wikipedia": "ar:مقبرة 3",
        "@geometry": "center"
      },
      "geometry": {
        "type": "Point",
        "coordinates": [
          32.6026812,
          25.7410354
        ]
      },
      "id": "way/813717251"
    },
    {
      "type": "Feature",
      "properties": {
        "@id": "way/813717252",
        "building": "yes",
        "historic": "tomb",
        "name": "KV-4",
        "wikidata": "Q591894",
        "wikimedia_commons": "Category:KV4",
        "wikipedia": "ar:مقبرة 4",
        "@geometry": "center"
      },
      "geometry": {
        "type": "Point",
        "coordinates": [
          32.6029155,
          25.7407445
        ]
      },
      "id": "way/813717252"
    },
    {
      "type": "Feature",
      "properties": {
        "@id": "way/813717253",
        "building": "yes",
        "historic": "tomb",
        "name": "KV-46",
        "wikidata": "Q1719159",
        "wikimedia_commons": "Category:KV46",
        "wikipedia": "ar:مقبرة 46",
        "@geometry": "center"
      },
      "geometry": {
        "type": "Point",
        "coordinates": [
          32.6027713,
          25.7408802
        ]
      },
      "id": "way/813717253"
    },
    {
      "type": "Feature",
      "properties": {
        "@id": "way/813717254",
        "building": "yes",
        "historic": "tomb",
        "name": "KV47",
        "wikidata": "Q366941",
        "wikimedia_commons": "Category:KV47",
        "wikipedia": "ar:مقبرة 47",
        "@geometry": "center"
      },
      "geometry": {
        "type": "Point",
        "coordinates": [
          32.6000411,
          25.7392131
        ]
      },
      "id": "way/813717254"
    },
    {
      "type": "Feature",
      "properties": {
        "@id": "way/813717255",
        "building": "yes",
        "historic": "tomb",
        "name": "KV11",
        "wikidata": "Q385280",
        "wikimedia_commons": "Category:KV11",
        "wikipedia": "ar:مقبرة 11",
        "@geometry": "center"
      },
      "geometry": {
        "type": "Point",
        "coordinates": [
          32.6011393,
          25.7400243
        ]
      },
      "id": "way/813717255"
    },
    {
      "type": "Feature",
      "properties": {
        "@id": "way/813718169",
        "building": "yes",
        "historic": "tomb",
        "name": "KV16",
        "wikidata": "Q2634186",
        "wikimedia_commons": "Category:KV16",
        "wikipedia": "ar:مقبرة 16",
        "@geometry": "center"
      },
      "geometry": {
        "type": "Point",
        "coordinates": [
          32.6018445,
          25.7399791
        ]
      },
      "id": "way/813718169"
    },
    {
      "type": "Feature",
      "properties": {
        "@id": "way/813718170",
        "building": "yes",
        "historic": "tomb",
        "name": "KV9",
        "wikidata": "Q1520987",
        "wikimedia_commons": "Category:KV9",
        "wikipedia": "ar:مقبرة 9",
        "@geometry": "center"
      },
      "geometry": {
        "type": "Point",
        "coordinates": [
          32.6013301,
          25.7403237
        ]
      },
      "id": "way/813718170"
    },
    {
      "type": "Feature",
      "properties": {
        "@id": "way/813718171",
        "building": "yes",
        "historic": "tomb",
        "name": "KV6",
        "wikidata": "Q1499244",
        "wikimedia_commons": "Category:KV6",
        "wikipedia": "ar:مقبرة 6",
        "@geometry": "center"
      },
      "geometry": {
        "type": "Point",
        "coordinates": [
          32.6018537,
          25.7405442
        ]
      },
      "id": "way/813718171"
    },
    {
      "type": "Feature",
      "properties": {
        "@id": "way/813718172",
        "building": "yes",
        "historic": "tomb",
        "name": "KV5",
        "wikidata": "Q1348082",
        "wikimedia_commons": "Category:KV5",
        "wikipedia": "ar:مقبرة 5",
        "@geometry": "center"
      },
      "geometry": {
        "type": "Point",
        "coordinates": [
          32.6020331,
          25.7406992
        ]
      },
      "id": "way/813718172"
    },
    {
      "type": "Feature",
      "properties": {
        "@id": "way/813718173",
        "building": "yes",
        "historic": "tomb",
        "name": "KV7",
        "wikidata": "Q1051476",
        "wikimedia_commons": "Category:KV7",
        "wikipedia": "ar:مقبرة 7",
        "@geometry": "center"
      },
      "geometry": {
        "type": "Point",
        "coordinates": [
          32.6016434,
          25.7407269
        ]
      },
      "id": "way/813718173"
    },
    {
      "type": "Feature",
      "properties": {
        "@id": "way/813718960",
        "building": "yes",
        "historic": "tomb",
        "name": "KV21",
        "wikidata": "Q742922",
        "wikimedia_commons": "Category:KV21",
        "wikipedia": "ar:مقبرة 21",
        "@geometry": "center"
      },
      "geometry": {
        "type": "Point",
        "coordinates": [
          32.6030817,
          25.7396585
        ]
      },
      "id": "way/813718960"
    },
    {
      "type": "Feature",
      "properties": {
        "@id": "way/813718961",
        "building": "yes",
        "historic": "tomb",
        "name": "KV28",
        "wikidata": "Q1719135",
        "wikimedia_commons": "Category:KV28",
        "wikipedia": "ar:مقبرة 28",
        "@geometry": "center"
      },
      "geometry": {
        "type": "Point",
        "coordinates": [
          32.6032018,
          25.7398879
        ]
      },
      "id": "way/813718961"
    },
    {
      "type": "Feature",
      "properties": {
        "@id": "way/813718963",
        "building": "yes",
        "historic": "tomb",
        "name": "KV44",
        "wikidata": "Q1661091",
        "wikimedia_commons": "Category:KV44",
        "wikipedia": "ar:مقبرة 44",
        "@geometry": "center"
      },
      "geometry": {
        "type": "Point",
        "coordinates": [
          32.6031761,
          25.7401239
        ]
      },
      "id": "way/813718963"
    },
    {
      "type": "Feature",
      "properties": {
        "@id": "way/813718964",
        "building": "yes",
        "historic": "tomb",
        "name": "KV45",
        "wikidata": "Q662744",
        "wikimedia_commons": "Category:KV45",
        "wikipedia": "ar:مقبرة 45",
        "@geometry": "center"
      },
      "geometry": {
        "type": "Point",
        "coordinates": [
          32.6030861,
          25.7401812
        ]
      },
      "id": "way/813718964"
    },
    {
      "type": "Feature",
      "properties": {
        "@id": "way/813719783",
        "building": "yes",
        "historic": "tomb",
        "name": "KV8",
        "wikidata": "Q590096",
        "wikimedia_commons": "Category:KV8",
        "wikipedia": "ar:مقبرة 8",
        "@geometry": "center"
      },
      "geometry": {
        "type": "Point",
        "coordinates": [
          32.601068,
          25.7407952
        ]
      },
      "id": "way/813719783"
    },
    {
      "type": "Feature",
      "properties": {
        "@id": "way/813722273",
        "building": "yes",
        "historic": "tomb",
        "name": "KV2",
        "wikidata": "Q1347523",
        "wikimedia_commons": "Category:KV2",
        "wikipedia": "ar:مقبرة 2",
        "@geometry": "center"
      },
      "geometry": {
        "type": "Point",
        "coordinates": [
          32.602205,
          25.7415145
        ]
      },
      "id": "way/813722273"
    },
    {
      "type": "Feature",
      "properties": {
        "@id": "way/813722274",
        "building": "yes",
        "historic": "tomb",
        "name": "KV57",
        "wikidata": "Q947481",
        "wikimedia_commons": "Category:KV57",
        "wikipedia": "ar:مقبرة 57",
        "@geometry": "center"
      },
      "geometry": {
        "type": "Point",
        "coordinates": [
          32.6009092,
          25.7400429
        ]
      },
      "id": "way/813722274"
    },
    {
      "type": "Feature",
      "properties": {
        "@id": "way/813722275",
        "building": "yes",
        "historic": "tomb",
        "name": "KV56",
        "wikidata": "Q1719164",
        "wikimedia_commons": "Category:KV56",
        "wikipedia": "ar:مقبرة 56",
        "@geometry": "center"
      },
      "geometry": {
        "type": "Point",
        "coordinates": [
          32.6010843,
          25.7401435
        ]
      },
      "id": "way/813722275"
    },
    {
      "type": "Feature",
      "properties": {
        "@id": "way/813722276",
        "building": "yes",
        "historic": "tomb",
        "name": "KV49",
        "wikidata": "Q690563",
        "wikimedia_commons": "Category:KV49",
        "wikipedia": "ar:مقبرة 49",
        "@geometry": "center"
      },
      "geometry": {
        "type": "Point",
        "coordinates": [
          32.6006912,
          25.7399561
        ]
      },
      "id": "way/813722276"
    },
    {
      "type": "Feature",
      "properties": {
        "@id": "way/813722278",
        "building": "yes",
        "historic": "tomb",
        "name": "KV-12",
        "wikidata": "Q1719112",
        "wikimedia_commons": "Category:KV12",
        "wikipedia": "ar:مقبرة 12",
        "@geometry": "center"
      },
      "geometry": {
        "type": "Point",
        "coordinates": [
          32.6004833,
          25.7401064
        ]
      },
      "id": "way/813722278"
    },
    {
      "type": "Feature",
      "properties": {
        "@id": "way/813722279",
        "building": "yes",
        "historic": "tomb",
        "name": "KV48",
        "wikidata": "Q1716474",
        "wikimedia_commons": "Category:KV48",
        "wikipedia": "ar:مقبرة 48",
        "@geometry": "center"
      },
      "geometry": {
        "type": "Point",
        "coordinates": [
          32.6005752,
          25.7399718
        ]
      },
      "id": "way/813722279"
    },
    {
      "type": "Feature",
      "properties": {
        "@id": "way/813722280",
        "building": "yes",
        "historic": "tomb",
        "name": "KV10",
        "wikidata": "Q576793",
        "wikimedia_commons": "Category:KV10",
        "wikipedia": "ar:مقبرة 10",
        "@geometry": "center"
      },
      "geometry": {
        "type": "Point",
        "coordinates": [
          32.60137,
          25.7400644
        ]
      },
      "id": "way/813722280"
    },
    {
      "type": "Feature",
      "properties": {
        "@id": "way/813832362",
        "building": "yes",
        "historic": "tomb",
        "name": "KV14",
        "tomb": "yes",
        "wikidata": "Q684908",
        "wikimedia_commons": "Category:KV14",
        "wikipedia": "ar:مقبرة 14",
        "@geometry": "center"
      },
      "geometry": {
        "type": "Point",
        "coordinates": [
          32.5998025,
          25.7391509
        ]
      },
      "id": "way/813832362"
    },
    {
      "type": "Feature",
      "properties": {
        "@id": "way/813832363",
        "building": "yes",
        "historic": "tomb",
        "name": "KV61",
        "wikidata": "Q204004",
        "wikimedia_commons": "Category:KV61",
        "wikipedia": "ar:مقبرة 61",
        "@geometry": "center"
      },
      "geometry": {
        "type": "Point",
        "coordinates": [
          32.6006532,
          25.7395552
        ]
      },
      "id": "way/813832363"
    },
    {
      "type": "Feature",
      "properties": {
        "@id": "way/813832366",
        "building": "yes",
        "historic": "tomb",
        "name": "KV15",
        "wikidata": "Q2184354",
        "wikimedia_commons": "Category:KV15",
        "wikipedia": "ar:مقبرة 15",
        "@geometry": "center"
      },
      "geometry": {
        "type": "Point",
        "coordinates": [
          32.5998151,
          25.738797
        ]
      },
      "id": "way/813832366"
    },
    {
      "type": "Feature",
      "properties": {
        "@id": "way/813832367",
        "building": "yes",
        "historic": "tomb",
        "name": "KV34",
        "wikidata": "Q1719144",
        "wikimedia_commons": "Category:KV34",
        "wikipedia": "ar:مقبرة تحتمس الثالث",
        "@geometry": "center"
      },
      "geometry": {
        "type": "Point",
        "coordinates": [
          32.6007194,
          25.7379926
        ]
      },
      "id": "way/813832367"
    },
    {
      "type": "Feature",
      "properties": {
        "@id": "way/813832368",
        "building": "yes",
        "historic": "tomb",
        "name": "KV39",
        "wikidata": "Q1597218",
        "wikimedia_commons": "Category:KV39",
        "wikipedia": "ar:مقبرة 39",
        "@geometry": "center"
      },
      "geometry": {
        "type": "Point",
        "coordinates": [
          32.5999166,
          25.7364536
        ]
      },
      "id": "way/813832368"
    },
    {
      "type": "Feature",
      "properties": {
        "@id": "way/813832369",
        "building": "yes",
        "historic": "tomb",
        "name": "KV30",
        "wikidata": "Q1364533",
        "wikimedia_commons": "Category:KV30",
        "wikipedia": "ar:مقبرة 30",
        "@geometry": "center"
      },
      "geometry": {
        "type": "Point",
        "coordinates": [
          32.6004871,
          25.738841
        ]
      },
      "id": "way/813832369"
    },
    {
      "type": "Feature",
      "properties": {
        "@id": "way/813832370",
        "building": "yes",
        "historic": "tomb",
        "name": "KV31",
        "wikidata": "Q591371",
        "wikipedia": "ar:مقبرة 31",
        "@geometry": "center"
      },
      "geometry": {
        "type": "Point",
        "coordinates": [
          32.6006128,
          25.738694
        ]
      },
      "id": "way/813832370"
    },
    {
      "type": "Feature",
      "properties": {
        "@id": "way/813832371",
        "barrier": "wall",
        "building": "yes",
        "description": "unexcavated",
        "historic": "tomb",
        "level": "-1",
        "name": "KV59",
        "tunnel": "yes",
        "wikidata": "Q2133920",
        "@geometry": "center"
      },
      "geometry": {
        "type": "Point",
        "coordinates": [
          32.600708,
          25.7387235
        ]
      },
      "id": "way/813832371"
    },
    {
      "type": "Feature",
      "properties": {
        "@id": "way/813832372",
        "building": "yes",
        "historic": "tomb",
        "name": "KV52",
        "wikidata": "Q525882",
        "wikimedia_commons": "Category:KV52",
        "wikipedia": "ar:مقبرة 52",
        "@geometry": "center"
      },
      "geometry": {
        "type": "Point",
        "coordinates": [
          32.600454,
          25.7399694
        ]
      },
      "id": "way/813832372"
    },
    {
      "type": "Feature",
      "properties": {
        "@id": "way/813832373",
        "building": "yes",
        "historic": "tomb",
        "name": "KV53",
        "wikidata": "Q1719163",
        "wikimedia_commons": "Category:KV53",
        "wikipedia": "ar:مقبرة 53",
        "@geometry": "center"
      },
      "geometry": {
        "type": "Point",
        "coordinates": [
          32.6007711,
          25.7398081
        ]
      },
      "id": "way/813832373"
    },
    {
      "type": "Feature",
      "properties": {
        "@id": "way/813832374",
        "building": "yes",
        "historic": "tomb",
        "name": "KV62",
        "wikidata": "Q835309",
        "wikimedia_commons": "Category:KV62",
        "wikipedia": "en:Tomb of Tutankhamun",
        "@geometry": "center"
      },
      "geometry": {
        "type": "Point",
        "coordinates": [
          32.6014798,
          25.7403522
        ]
      },
      "id": "way/813832374"
    },
    {
      "type": "Feature",
      "properties": {
        "@id": "way/813832377",
        "building": "yes",
        "historic": "tomb",
        "name": "KV37",
        "wikidata": "Q1975338",
        "wikimedia_commons": "Category:KV37",
        "wikipedia": "ar:مقبرة 37",
        "@geometry": "center"
      },
      "geometry": {
        "type": "Point",
        "coordinates": [
          32.6007143,
          25.7384914
        ]
      },
      "id": "way/813832377"
    },
    {
      "type": "Feature",
      "properties": {
        "@id": "way/813832378",
        "barrier": "wall",
        "building": "yes",
        "historic": "tomb",
        "level": "-1",
        "name": "KV29",
        "tomb": "yes",
        "tunnel": "yes",
        "wikidata": "Q2128037",
        "@geometry": "center"
      },
      "geometry": {
        "type": "Point",
        "coordinates": [
          32.6006433,
          25.7394382
        ]
      },
      "id": "way/813832378"
    },
    {
      "type": "Feature",
      "properties": {
        "@id": "way/813947189",
        "building": "yes",
        "historic": "tomb",
        "name": "KV36",
        "wikidata": "Q1300297",
        "wikimedia_commons": "Category:KV36",
        "wikipedia": "ar:مقبرة 36",
        "@geometry": "center"
      },
      "geometry": {
        "type": "Point",
        "coordinates": [
          32.6002403,
          25.7396538
        ]
      },
      "id": "way/813947189"
    },
    {
      "type": "Feature",
      "properties": {
        "@id": "way/813947190",
        "building": "yes",
        "historic": "tomb",
        "name": "KV-51",
        "wikidata": "Q2910785",
        "@geometry": "center"
      },
      "geometry": {
        "type": "Point",
        "coordinates": [
          32.600506,
          25.7399669
        ]
      },
      "id": "way/813947190"
    },
    {
      "type": "Feature",
      "properties": {
        "@id": "way/813947191",
        "building": "yes",
        "historic": "tomb",
        "name": "KV58",
        "wikidata": "Q1465157",
        "wikimedia_commons": "Category:KV58",
        "wikipedia": "ar:مقبرة 58",
        "@geometry": "center"
      },
      "geometry": {
        "type": "Point",
        "coordinates": [
          32.600916,
          25.7400817
        ]
      },
      "id": "way/813947191"
    },
    {
      "type": "Feature",
      "properties": {
        "@id": "way/813947192",
        "building": "yes",
        "historic": "tomb",
        "name": "KV19",
        "wikidata": "Q1719126",
        "wikimedia_commons": "Category:KV19",
        "wikipedia": "ar:مقبرة 19",
        "@geometry": "center"
      },
      "geometry": {
        "type": "Point",
        "coordinates": [
          32.6032425,
          25.7391466
        ]
      },
      "id": "way/813947192"
    },
    {
      "type": "Feature",
      "properties": {
        "@id": "way/813947193",
        "building": "yes",
        "historic": "tomb",
        "name": "KV43",
        "wikidata": "Q593468",
        "wikimedia_commons": "Category:KV43",
        "wikipedia": "ar:مقبرة 43",
        "@geometry": "center"
      },
      "geometry": {
        "type": "Point",
        "coordinates": [
          32.6032132,
          25.7387273
        ]
      },
      "id": "way/813947193"
    },
    {
      "type": "Feature",
      "properties": {
        "@id": "way/813947194",
        "building": "yes",
        "historic": "tomb",
        "name": "KV27",
        "wikidata": "Q1976462",
        "wikimedia_commons": "Category:KV27",
        "wikipedia": "ar:مقبرة 27",
        "@geometry": "center"
      },
      "geometry": {
        "type": "Point",
        "coordinates": [
          32.6031774,
          25.7398324
        ]
      },
      "id": "way/813947194"
    },
    {
      "type": "Feature",
      "properties": {
        "@id": "way/813950034",
        "building": "yes",
        "historic": "tomb",
        "name": "KV20",
        "wikidata": "Q1477526",
        "wikimedia_commons": "Category:KV20",
        "wikipedia": "ar:مقبرة 20",
        "@geometry": "center"
      },
      "geometry": {
        "type": "Point",
        "coordinates": [
          32.6035978,
          25.7390901
        ]
      },
      "id": "way/813950034"
    },
    {
      "type": "Feature",
      "properties": {
        "@id": "way/813950036",
        "building": "yes",
        "historic": "tomb",
        "name": "KV40",
        "wikidata": "Q1719150",
        "wikipedia": "ar:مقبرة 40",
        "@geometry": "center"
      },
      "geometry": {
        "type": "Point",
        "coordinates": [
          32.6006101,
          25.7390327
        ]
      },
      "id": "way/813950036"
    },
    {
      "type": "Feature",
      "properties": {
        "@id": "way/813950037",
        "building": "yes",
        "historic": "tomb",
        "name": "KV26",
        "wikidata": "Q1719130",
        "wikimedia_commons": "Category:KV26",
        "wikipedia": "ar:مقبرة 26",
        "@geometry": "center"
      },
      "geometry": {
        "type": "Point",
        "coordinates": [
          32.6007033,
          25.7389427
        ]
      },
      "id": "way/813950037"
    },
    {
      "type": "Feature",
      "properties": {
        "@id": "way/813950038",
        "building": "yes",
        "historic": "tomb",
        "name": "KV42",
        "wikidata": "Q1719155",
        "wikimedia_commons": "Category:KV42",
        "wikipedia": "ar:مقبرة 42",
        "@geometry": "center"
      },
      "geometry": {
        "type": "Point",
        "coordinates": [
          32.6005874,
          25.7382893
        ]
      },
      "id": "way/813950038"
    },
    {
      "type": "Feature",
      "properties": {
        "@id": "way/813950039",
        "building": "yes",
        "historic": "tomb",
        "name": "KV35",
        "wikidata": "Q1633253",
        "wikimedia_commons": "Category:KV35",
        "wikipedia": "ar:مقبرة 35",
        "@geometry": "center"
      },
      "geometry": {
        "type": "Point",
        "coordinates": [
          32.6001919,
          25.7401403
        ]
      },
      "id": "way/813950039"
    },
    {
      "type": "Feature",
      "properties": {
        "@id": "way/814144093",
        "building": "yes",
        "historic": "tomb",
        "name": "WV23",
        "wikidata": "Q2706226",
        "wikimedia_commons": "Category:WV23",
        "wikipedia": "ar:مقبرة 23",
        "@geometry": "center"
      },
      "geometry": {
        "type": "Point",
        "coordinates": [
          32.592077,
          25.7415064
        ]
      },
      "id": "way/814144093"
    },
    {
      "type": "Feature",
      "properties": {
        "@id": "way/814144098",
        "building": "yes",
        "historic": "tomb",
        "name": "TT181",
        "wikidata": "Q48832034",
        "@geometry": "center"
      },
      "geometry": {
        "type": "Point",
        "coordinates": [
          32.612148,
          25.7326839
        ]
      },
      "id": "way/814144098"
    },
    {
      "type": "Feature",
      "properties": {
        "@id": "way/823117556",
        "building": "yes",
        "historic": "tomb",
        "name": "KV38",
        "wikidata": "Q2771864",
        "wikimedia_commons": "Category:KV38",
        "wikipedia": "ar:مقبرة 38",
        "@geometry": "center"
      },
      "geometry": {
        "type": "Point",
        "coordinates": [
          32.5998367,
          25.7390104
        ]
      },
      "id": "way/823117556"
    },
    {
      "type": "Feature",
      "properties": {
        "@id": "way/823159551",
        "building": "yes",
        "historic": "tomb",
        "name": "KV13",
        "wikidata": "Q1719116",
        "wikimedia_commons": "Category:KV13",
        "wikipedia": "ar:مقبرة 13",
        "@geometry": "center"
      },
      "geometry": {
        "type": "Point",
        "coordinates": [
          32.5998209,
          25.7393413
        ]
      },
      "id": "way/823159551"
    },
    {
      "type": "Feature",
      "properties": {
        "@id": "way/823896501",
        "building": "yes",
        "historic": "tomb",
        "name": "WV25",
        "wikidata": "Q2300538",
        "wikimedia_commons": "Category:WV25",
        "wikipedia": "ar:مقبرة 25",
        "@geometry": "center"
      },
      "geometry": {
        "type": "Point",
        "coordinates": [
          32.5928356,
          25.7412882
        ]
      },
      "id": "way/823896501"
    },
    {
      "type": "Feature",
      "properties": {
        "@id": "way/823896502",
        "building": "yes",
        "historic": "tomb",
        "name": "WV24",
        "wikidata": "Q200653",
        "wikimedia_commons": "Category:WV24",
        "wikipedia": "ar:مقبرة 24",
        "@geometry": "center"
      },
      "geometry": {
        "type": "Point",
        "coordinates": [
          32.5926702,
          25.7413232
        ]
      },
      "id": "way/823896502"
    },
    {
      "type": "Feature",
      "properties": {
        "@id": "way/823896503",
        "building": "yes",
        "historic": "tomb",
        "name": "VW22",
        "wikidata": "Q2480865",
        "wikimedia_commons": "Category:WV22",
        "wikipedia": "ar:مقبرة 22",
        "@geometry": "center"
      },
      "geometry": {
        "type": "Point",
        "coordinates": [
          32.5973624,
          25.7433306
        ]
      },
      "id": "way/823896503"
    },
    {
      "type": "Feature",
      "properties": {
        "@id": "way/823896504",
        "building": "yes",
        "historic": "tomb",
        "name": "WVA",
        "name:de": "Vorratskammer Amenhotep III.",
        "ref": "WVA",
        "wikidata": "Q1435650",
        "wikipedia": "en:WVA",
        "@geometry": "center"
      },
      "geometry": {
        "type": "Point",
        "coordinates": [
          32.5972077,
          25.7428673
        ]
      },
      "id": "way/823896504"
    },
    {
      "type": "Feature",
      "properties": {
        "@id": "way/830826589",
        "alt_name": "Tomb of Puimre",
        "archaeological_site": "tomb",
        "historic": "archaeological_site",
        "name": "Tomb of Puyemre (TT39)",
        "wikidata": "Q1485518",
        "wikipedia": "en:TT39",
        "@geometry": "center"
      },
      "geometry": {
        "type": "Point",
        "coordinates": [
          32.6134631,
          25.7336239
        ]
      },
      "id": "way/830826589"
    },
    {
      "type": "Feature",
      "properties": {
        "@id": "way/831179633",
        "building": "yes",
        "historic": "tomb",
        "name": "TT38",
        "wikidata": "Q3512433",
        "@geometry": "center"
      },
      "geometry": {
        "type": "Point",
        "coordinates": [
          32.6111291,
          25.7321936
        ]
      },
      "id": "way/831179633"
    },
    {
      "type": "Feature",
      "properties": {
        "@id": "way/832873687",
        "archaeological_site": "tomb",
        "historic": "archaeological_site",
        "historic:civilization": "ancient_egyptian",
        "inscription": "Ancient Egyptian tomb",
        "name": "Tomb of Sheshonk (TT27)",
        "wikidata": "Q3512417",
        "wikimedia_commons": "Category:Tomb of Sheshonk TT27",
        "wikipedia": "fr:TT27",
        "@geometry": "center"
      },
      "geometry": {
        "type": "Point",
        "coordinates": [
          32.6160988,
          25.7328624
        ]
      },
      "id": "way/832873687"
    },
    {
      "type": "Feature",
      "properties": {
        "@id": "way/833568145",
        "access": "customers",
        "alt_name:en": "Akhoris chapel;Shrine of Heker",
        "building": "temple",
        "building:condition": "ruinous",
        "building:levels": "1",
        "historic": "temple",
        "historic:civilization": "ancient_egyptian",
        "historic:era": "dynasty_XIX",
        "historic:period": "new_kingdom",
        "name": "مقصور هكر",
        "name:ar": "مقصور هكر",
        "name:en": "Barque Chapel of Hakoris",
        "name:fr": "Chapelle d’Achôris",
        "wheelchair": "no",
        "wikidata": "Q112074532",
        "wikimedia_commons": "Category:Chapel of Hakor in Karnak",
        "@geometry": "center"
      },
      "geometry": {
        "type": "Point",
        "coordinates": [
          32.656042,
          25.7188283
        ]
      },
      "id": "way/833568145"
    },
    {
      "type": "Feature",
      "properties": {
        "@id": "way/836353080",
        "building": "ruins",
        "heritage": "yes",
        "historic": "tomb",
        "historic:civilization": "ancient_egyptian",
        "tourism": "attraction",
        "@geometry": "center"
      },
      "geometry": {
        "type": "Point",
        "coordinates": [
          31.2212772,
          29.8759896
        ]
      },
      "id": "way/836353080"
    },
    {
      "type": "Feature",
      "properties": {
        "@id": "way/836353082",
        "building": "ruins",
        "historic": "tomb",
        "historic:civilization": "ancient_egyptian",
        "name": "الهرم مقطوع الرأس",
        "name:ar": "الهرم مقطوع الرأس",
        "name:en": "Headless Pyramid",
        "tomb": "pyramid",
        "tourism": "attraction",
        "wikidata": "Q821146",
        "wikipedia": "en:Headless Pyramid",
        "@geometry": "center"
      },
      "geometry": {
        "type": "Point",
        "coordinates": [
          31.2229255,
          29.8755638
        ]
      },
      "id": "way/836353082"
    },
    {
      "type": "Feature",
      "properties": {
        "@id": "node/868233671",
        "name": "دهشور",
        "name:ar": "دهشور",
        "name:de": "Dahschur",
        "name:en": "Dahshur",
        "name:zh": "曲面·代赫舒尔遗址 Dahshur",
        "tourism": "attraction",
        "wikipedia": "en:Dahshur"
      },
      "geometry": {
        "type": "Point",
        "coordinates": [
          31.2064059,
          29.7990412
        ]
      },
      "id": "node/868233671"
    },
    {
      "type": "Feature",
      "properties": {
        "@id": "way/941948174",
        "historic": "archaeological_site",
        "historic:civilization": "ancient_egyptian",
        "name": "Kom el-Nana",
        "wikidata": "Q1115948",
        "wikipedia": "en:Kom el-Nana",
        "@geometry": "center"
      },
      "geometry": {
        "type": "Point",
        "coordinates": [
          30.888607,
          27.6192254
        ]
      },
      "id": "way/941948174"
    },
    {
      "type": "Feature",
      "properties": {
        "@id": "way/981275979",
        "access": "private",
        "building": "yes",
        "castle_type": "palace",
        "historic": "castle",
        "name": "قصر راس التين",
        "name:ar": "قصر راس التين",
        "name:en": "Ras El Tin Palace",
        "name:fa": "کاخ راس التین",
        "wikidata": "Q1893940",
        "wikipedia": "en:Ras El Tin Palace",
        "@geometry": "center"
      },
      "geometry": {
        "type": "Point",
        "coordinates": [
          29.8682904,
          31.2001246
        ]
      },
      "id": "way/981275979"
    },
    {
      "type": "Feature",
      "properties": {
        "@id": "way/987803205",
        "historic": "archaeological_site",
        "name": "El-Lahuun",
        "wikidata": "Q56924",
        "wikimedia_commons": "Category:El-Lahun",
        "wikipedia": "en:El Lahun",
        "@geometry": "center"
      },
      "geometry": {
        "type": "Point",
        "coordinates": [
          30.9833106,
          29.236026
        ]
      },
      "id": "way/987803205"
    },
    {
      "type": "Feature",
      "properties": {
        "@id": "way/1014557172",
        "building": "ruins",
        "historic": "tomb",
        "historic:civilization": "ancient_egyptian",
        "name": "مقبرة تي",
        "name:ar": "مقبرة تي",
        "name:en": "Mastaba of Ti",
        "tomb": "yes",
        "tourism": "attraction",
        "wikidata": "Q1907814",
        "wikipedia": "en:Mastaba of Ti",
        "@geometry": "center"
      },
      "geometry": {
        "type": "Point",
        "coordinates": [
          31.2119188,
          29.8775861
        ]
      },
      "id": "way/1014557172"
    },
    {
      "type": "Feature",
      "properties": {
        "@id": "way/1014594075",
        "building": "ruins",
        "heritage": "yes",
        "historic": "archaeological_site",
        "historic:civilization": "ancient_egyptian",
        "tourism": "attraction",
        "@geometry": "center"
      },
      "geometry": {
        "type": "Point",
        "coordinates": [
          31.193816,
          29.9040528
        ]
      },
      "id": "way/1014594075"
    },
    {
      "type": "Feature",
      "properties": {
        "@id": "way/1014594115",
        "alt_name": "Unfinished Pyramid at South Saqqara",
        "building": "ruins",
        "heritage": "yes",
        "historic": "tomb",
        "historic:civilization": "ancient_egyptian",
        "name": "Southern South Saqqara pyramid",
        "tomb": "pyramid",
        "tourism": "attraction",
        "wikidata": "Q1694723",
        "wikimedia_commons": "Category:Unfinished Pyramid of Saqqara South",
        "wikipedia": "en:Southern South Saqqara pyramid",
        "@geometry": "center"
      },
      "geometry": {
        "type": "Point",
        "coordinates": [
          31.2224072,
          29.8306455
        ]
      },
      "id": "way/1014594115"
    },
    {
      "type": "Feature",
      "properties": {
        "@id": "way/1014594116",
        "building": "ruins",
        "heritage": "yes",
        "historic": "tomb",
        "historic:civilization": "ancient_egyptian",
        "name": "Pyramid of Khendjer",
        "tomb": "pyramid",
        "tourism": "attraction",
        "wikidata": "Q1069846",
        "wikimedia_commons": "Category:Pyramid of Khendjer",
        "wikipedia": "en:Pyramid of Khendjer",
        "@geometry": "center"
      },
      "geometry": {
        "type": "Point",
        "coordinates": [
          31.2239478,
          29.8323711
        ]
      },
      "id": "way/1014594116"
    },
    {
      "type": "Feature",
      "properties": {
        "@id": "way/1014594149",
        "building": "ruins",
        "historic": "tomb",
        "historic:civilization": "ancient_egyptian",
        "name": "مقبرة ميرينيث",
        "name:ar": "مقبرة ميرينيث",
        "name:en": "The Tomb Of Meryneith",
        "name:ru": "Гробница Меренета",
        "ruins": "building",
        "wikidata": "Q22936054",
        "wikipedia": "en:Meryneith",
        "@geometry": "center"
      },
      "geometry": {
        "type": "Point",
        "coordinates": [
          31.2174695,
          29.8660682
        ]
      },
      "id": "way/1014594149"
    },
    {
      "type": "Feature",
      "properties": {
        "@id": "node/1047911924",
        "alt_name": "رمسيس الأول",
        "amenity": "grave_yard",
        "historic": "tomb",
        "name": "رمسيس الأول",
        "name:ar": "رمسيس الأول",
        "name:de": "Grabmal von Ramses I.",
        "name:en": "KV16 Ramses I",
        "name:es": "Tumba de Ramses I",
        "name:fr": "Tombe de Ramsès I",
        "ref": "KV16",
        "website": "https://thebanmappingproject.com/tombs/kv-16-rameses-i",
        "wikidata": "Q2634186",
        "wikimedia_commons": "Category:KV16",
        "wikipedia": "en:KV16"
      },
      "geometry": {
        "type": "Point",
        "coordinates": [
          32.6015478,
          25.739829
        ]
      },
      "id": "node/1047911924"
    },
    {
      "type": "Feature",
      "properties": {
        "@id": "node/1047911935",
        "alt_name": "سبته",
        "amenity": "grave_yard",
        "historic": "tomb",
        "name": "سبته",
        "name:ar": "سبته",
        "name:de": "Grabmal von Siptah",
        "name:en": "Siptah",
        "name:es": "Tumba de Siptah",
        "name:fr": "KV47 Tombeau de Sptah",
        "ref": "KV47",
        "website": "https://thebanmappingproject.com/tombs/kv-47-siptah",
        "wikidata": "Q366941",
        "wikimedia_commons": "Category:KV47",
        "wikipedia": "en:KV47"
      },
      "geometry": {
        "type": "Point",
        "coordinates": [
          32.6001626,
          25.7382878
        ]
      },
      "id": "node/1047911935"
    },
    {
      "type": "Feature",
      "properties": {
        "@id": "node/1047911950",
        "alt_name": "توت أنغ أمون",
        "amenity": "grave_yard",
        "historic": "tomb",
        "name": "توت أنغ أمون",
        "name:ar": "توت أنغ أمون",
        "name:de": "Grabmal von Tutanchamun",
        "name:en": "KV62 Tomb of Tutankhamen",
        "name:es": "Tumba de Tutankamón",
        "name:fr": "KV62 Tombeau de Toutankhamon",
        "name:pl": "Grobowiec Tutanchamona:KV62",
        "name:zh": "KV62",
        "ref": "KV62",
        "website": "https://thebanmappingproject.com/tombs/kv-62-tutankhamen",
        "wikidata": "Q835309",
        "wikimedia_commons": "Category:KV62",
        "wikipedia": "en:KV62"
      },
      "geometry": {
        "type": "Point",
        "coordinates": [
          32.6012989,
          25.7402889
        ]
      },
      "id": "node/1047911950"
    },
    {
      "type": "Feature",
      "properties": {
        "@id": "node/1047911965",
        "alt_name": "حرمهب",
        "amenity": "grave_yard",
        "historic": "tomb",
        "name": "حرمهب",
        "name:ar": "حرمهب",
        "name:de": "Grabmal von Haremhab",
        "name:en": "KV57 Tomb of Horemheb",
        "name:es": "Tumba de Horemheb",
        "name:fr": "KV57 Tombe de Horemheb",
        "ref": "KV57",
        "website": "https://thebanmappingproject.com/tombs/kv-57-horemheb",
        "wikidata": "Q947481",
        "wikimedia_commons": "Category:KV57",
        "wikipedia": "en:KV57"
      },
      "geometry": {
        "type": "Point",
        "coordinates": [
          32.6007525,
          25.7407544
        ]
      },
      "id": "node/1047911965"
    },
    {
      "type": "Feature",
      "properties": {
        "@id": "node/1047911995",
        "alt_name": "تحوتموس الأول",
        "amenity": "grave_yard",
        "historic": "tomb",
        "name": "تحوتموس الأول",
        "name:ar": "تحوتموس الأول",
        "name:de": "Grabmal von Thutmosis I.",
        "name:en": "KV38 Thutmes I",
        "name:es": "Tumba de Thutmes I",
        "name:fr": "KV38 Tombeau de Thoutmôsis Ier",
        "ref": "KV38",
        "website": "https://thebanmappingproject.com/tombs/kv-38-thutmes-i",
        "wikidata": "Q2771864",
        "wikimedia_commons": "Category:KV38",
        "wikipedia": "en:KV38"
      },
      "geometry": {
        "type": "Point",
        "coordinates": [
          32.5995842,
          25.7389897
        ]
      },
      "id": "node/1047911995"
    },
    {
      "type": "Feature",
      "properties": {
        "@id": "node/1047912017",
        "alt_name": "أمين هوتيب",
        "amenity": "grave_yard",
        "historic": "tomb",
        "name": "أمين هوتيب",
        "name:ar": "أمين هوتيب",
        "name:de": "Grabmal von Amenophis II.",
        "name:en": "KV35 Amenhetep II",
        "name:es": "Tumba de Amenhotep II",
        "name:fr": "KV35 Tombeau d'Amenhotep II",
        "name:ru": "KV35",
        "ref": "KV35",
        "website": "https://thebanmappingproject.com/tombs/kv-35-amenhetep-ii",
        "wikidata": "Q1633253",
        "wikimedia_commons": "Category:KV35",
        "wikipedia": "en:KV35"
      },
      "geometry": {
        "type": "Point",
        "coordinates": [
          32.5998227,
          25.7400385
        ]
      },
      "id": "node/1047912017"
    },
    {
      "type": "Feature",
      "properties": {
        "@id": "node/1047912029",
        "alt_name": "رمسيس الخامس و السادس",
        "amenity": "grave_yard",
        "historic": "tomb",
        "name": "رمسيس الخامس و السادس",
        "name:ar": "رمسيس الخامس و السادس",
        "name:de": "Grabmal von Ramses V., später von Ramses VI.",
        "name:en": "KV9 Rameses V and Rameses VI",
        "name:es": "Tumba de Ramsés V y de Ramsés VI",
        "name:it": "رمسيس الخامس و السادس",
        "name:ru": "KV9",
        "ref": "KV9",
        "website": "https://thebanmappingproject.com/tombs/kv-09-rameses-v-and-rameses-vi",
        "wikidata": "Q1520987",
        "wikimedia_commons": "Category:KV9",
        "wikipedia": "en:KV9"
      },
      "geometry": {
        "type": "Point",
        "coordinates": [
          32.600399,
          25.7406493
        ]
      },
      "id": "node/1047912029"
    },
    {
      "type": "Feature",
      "properties": {
        "@id": "node/1047912060",
        "alt_name": "رمسيس الرابع",
        "amenity": "grave_yard",
        "historic": "tomb",
        "name": "رمسيس الرابع",
        "name:ar": "رمسيس الرابع",
        "name:de": "Grabmal von Ramses IV.",
        "name:en": "KV2 Ramses IV",
        "name:es": "Tumba de Ramses IV",
        "name:fr": "KV2 Tombeau de Ramsès IV",
        "name:zh": "KV2",
        "ref": "KV2",
        "website": "https://thebanmappingproject.com/tombs/kv-02-rameses-iv",
        "wikidata": "Q1347523",
        "wikimedia_commons": "Category:KV2",
        "wikipedia": "en:KV2"
      },
      "geometry": {
        "type": "Point",
        "coordinates": [
          32.6016924,
          25.7417202
        ]
      },
      "id": "node/1047912060"
    },
    {
      "type": "Feature",
      "properties": {
        "@id": "node/1047912073",
        "alt_name": "رمسيس العاشر",
        "amenity": "grave_yard",
        "historic": "tomb",
        "name": "رمسيس العاشر",
        "name:ar": "رمسيس العاشر",
        "name:de": "Grabmal von Ramses X.",
        "name:en": "KV18 Rameses X",
        "name:es": "Tumba de Ramsés X",
        "name:fr": "KV18 Tombe de Ramsès X",
        "ref": "KV18",
        "website": "https://thebanmappingproject.com/tombs/kv-18-rameses-x",
        "wikidata": "Q1719122",
        "wikimedia_commons": "Category:KV18",
        "wikipedia": "en:KV18"
      },
      "geometry": {
        "type": "Point",
        "coordinates": [
          32.6022109,
          25.7395484
        ]
      },
      "id": "node/1047912073"
    },
    {
      "type": "Feature",
      "properties": {
        "@id": "node/1047912086",
        "alt_name": "ميرينبتاه",
        "amenity": "grave_yard",
        "historic": "tomb",
        "name": "ميرينبتاه",
        "name:ar": "ميرينبتاه",
        "name:de": "Grabmal von Merenptah",
        "name:en": "KV8 Merenptah",
        "name:es": "Tumba de Merenptah",
        "name:fr": "Tombeau de Merenptah",
        "name:zh": "KV8",
        "ref": "KV8",
        "website": "https://thebanmappingproject.com/tombs/kv-08-merenptah",
        "wikidata": "Q590096",
        "wikimedia_commons": "Category:KV8",
        "wikipedia": "en:KV8"
      },
      "geometry": {
        "type": "Point",
        "coordinates": [
          32.6000718,
          25.7409834
        ]
      },
      "id": "node/1047912086"
    },
    {
      "type": "Feature",
      "properties": {
        "@id": "node/1047912114",
        "alt_name": "أمنميزيس",
        "amenity": "grave_yard",
        "historic": "tomb",
        "name": "أمنميزيس",
        "name:ar": "أمنميزيس",
        "name:de": "Grabmal von Amenmesse",
        "name:en": "Tomb of Amenmeses",
        "name:es": "Tumba de Amenmeses",
        "name:fr": "KV10 Tombe d'Amenmesses",
        "ref": "KV10",
        "website": "https://thebanmappingproject.com/tombs/kv-10-amenmeses",
        "wikidata": "Q576793",
        "wikimedia_commons": "Category:KV10",
        "wikipedia": "en:KV10"
      },
      "geometry": {
        "type": "Point",
        "coordinates": [
          32.6012341,
          25.7395572
        ]
      },
      "id": "node/1047912114"
    },
    {
      "type": "Feature",
      "properties": {
        "@id": "node/1047912133",
        "amenity": "grave_yard",
        "historic": "tomb",
        "name:es": "Tumba de Rameses II",
        "name:fr": "KV7 Tombeau de Ramsès II",
        "name:it": "KV7 Rameses II",
        "ref": "KV7",
        "tomb": "tombstone",
        "website": "https://thebanmappingproject.com/tombs/kv-07-rameses-ii",
        "wikidata": "Q1051476",
        "wikimedia_commons": "Category:KV7",
        "wikipedia": "en:KV7"
      },
      "geometry": {
        "type": "Point",
        "coordinates": [
          32.601343,
          25.7413847
        ]
      },
      "id": "node/1047912133"
    },
    {
      "type": "Feature",
      "properties": {
        "@id": "node/1047912183",
        "alt_name": "ستي الأول",
        "alt_name:de": "Belzonis Grab",
        "amenity": "grave_yard",
        "historic": "tomb",
        "name": "ستي الأول",
        "name:ar": "ستي الأول",
        "name:de": "Grabmal von Sethos I.",
        "name:en": "KV17 Sety I",
        "name:es": "Tumba de Sety I",
        "name:fr": "Tombeau de Séthi I",
        "name:ru": "KV17",
        "ref": "KV17",
        "website": "https://thebanmappingproject.com/tombs/kv-17-sety-i",
        "wikidata": "Q1420195",
        "wikimedia_commons": "Category:KV17",
        "wikipedia": "en:KV17"
      },
      "geometry": {
        "type": "Point",
        "coordinates": [
          32.6015191,
          25.73937
        ]
      },
      "id": "node/1047912183"
    },
    {
      "type": "Feature",
      "properties": {
        "@id": "node/1047983708",
        "alt_name": "رمسيس التاسع",
        "amenity": "grave_yard",
        "historic": "tomb",
        "name": "رمسيس التاسع",
        "name:ar": "رمسيس التاسع",
        "name:de": "Grabmal von Ramses IX.",
        "name:en": "KV6 Rameses IX",
        "name:es": "Tumba de Rameses IX",
        "name:fr": "KV6 Tombe de Ramsès IX",
        "ref": "KV6",
        "website": "https://thebanmappingproject.com/tombs/kv-06-rameses-ix",
        "wikidata": "Q1499244",
        "wikimedia_commons": "Category:KV6",
        "wikipedia": "en:KV6"
      },
      "geometry": {
        "type": "Point",
        "coordinates": [
          32.6022832,
          25.7402643
        ]
      },
      "id": "node/1047983708"
    },
    {
      "type": "Feature",
      "properties": {
        "@id": "node/1047983721",
        "amenity": "grave_yard",
        "historic": "tomb",
        "name:de": "Grabmal von unbekannt",
        "name:en": "KV21",
        "name:fr": "KV21 Inconnu",
        "ref": "KV21",
        "wikidata": "Q742922",
        "wikimedia_commons": "Category:KV21",
        "wikipedia": "en:KV21"
      },
      "geometry": {
        "type": "Point",
        "coordinates": [
          32.602774,
          25.739645
        ]
      },
      "id": "node/1047983721"
    },
    {
      "type": "Feature",
      "properties": {
        "@id": "node/1047983931",
        "alt_name": "يويا و ثيو",
        "amenity": "grave_yard",
        "historic": "tomb",
        "name": "يويا و ثيو",
        "name:ar": "يويا و ثيو",
        "name:de": "Grabmal von Tuja und Juja",
        "name:en": "KV46 Yuya and Thuyu",
        "name:es": "Tumba de Yuya y Tuyu",
        "name:fr": "KV46 Tombe de Yuya et Thuyu",
        "ref": "KV46",
        "website": "https://thebanmappingproject.com/tombs/kv-46-yuya-and-thuyu",
        "wikidata": "Q1719159",
        "wikimedia_commons": "Category:KV46",
        "wikipedia": "en:KV46"
      },
      "geometry": {
        "type": "Point",
        "coordinates": [
          32.6029317,
          25.7409568
        ]
      },
      "id": "node/1047983931"
    },
    {
      "type": "Feature",
      "properties": {
        "@id": "node/1047983952",
        "alt_name": "أبناء رمسيس الثاني",
        "amenity": "grave_yard",
        "historic": "tomb",
        "name": "أبناء رمسيس الثاني",
        "name:ar": "أبناء رمسيس الثاني",
        "name:de": "Grabmal von den Söhnen des Ramses II.",
        "name:en": "KV5 Sons of Rameses II",
        "name:es": "Tumba de los hijos de Ramsés II",
        "name:fr": "KV5 Tombeau des enfantsde Ramsès II",
        "ref": "KV5",
        "website": "https://thebanmappingproject.com/tombs/kv-05-sons-rameses-ii",
        "wikidata": "Q1348082",
        "wikimedia_commons": "Category:KV5",
        "wikipedia": "en:KV5"
      },
      "geometry": {
        "type": "Point",
        "coordinates": [
          32.6022151,
          25.7405781
        ]
      },
      "id": "node/1047983952"
    },
    {
      "type": "Feature",
      "properties": {
        "@id": "node/1047983957",
        "amenity": "grave_yard",
        "historic": "tomb",
        "name:de": "Grabmal von Thutmosis IV.",
        "name:en": "Thutmes IV",
        "name:es": "Tumba de Thutmes IV",
        "name:fr": "KV43 Tombe de Thoutmôsis IV",
        "ref": "KV43",
        "website": "https://thebanmappingproject.com/tombs/kv-43-thutmes-iv",
        "wikidata": "Q593468",
        "wikimedia_commons": "Category:KV43",
        "wikipedia": "en:KV43"
      },
      "geometry": {
        "type": "Point",
        "coordinates": [
          32.6034052,
          25.7384508
        ]
      },
      "id": "node/1047983957"
    },
    {
      "type": "Feature",
      "properties": {
        "@id": "node/1047983999",
        "alt_name": "ستي الثاني",
        "amenity": "grave_yard",
        "historic": "tomb",
        "name": "ستي الثاني",
        "name:ar": "ستي الثاني",
        "name:de": "Grabmal von Sethos II.",
        "name:en": "KV15 Sety II",
        "name:es": "Tumba de Sety II",
        "name:fr": "KV15 Tombeau de Séthi II",
        "name:ru": "KV15",
        "ref": "KV15",
        "website": "https://thebanmappingproject.com/tombs/kv-15-sety-ii",
        "wikidata": "Q2184354",
        "wikimedia_commons": "Category:KV15",
        "wikipedia": "en:KV15"
      },
      "geometry": {
        "type": "Point",
        "coordinates": [
          32.5993746,
          25.7383764
        ]
      },
      "id": "node/1047983999"
    },
    {
      "type": "Feature",
      "properties": {
        "@id": "node/1047984082",
        "alt_name": "رمسيس الحادي عشر",
        "amenity": "grave_yard",
        "historic": "tomb",
        "name": "رمسيس الحادي عشر",
        "name:ar": "رمسيس الحادي عشر",
        "name:de": "Grabmal von Ramses XI.",
        "name:en": "KV4 Rameses XI",
        "name:es": "Tumba de Rameses XI",
        "name:fr": "KV4 Tombe de Ramsès XI",
        "name:zh": "KV4",
        "ref": "KV4",
        "website": "https://thebanmappingproject.com/tombs/kv-04-rameses-xi",
        "wikidata": "Q591894",
        "wikimedia_commons": "Category:KV4",
        "wikipedia": "en:KV4"
      },
      "geometry": {
        "type": "Point",
        "coordinates": [
          32.6036751,
          25.7410101
        ]
      },
      "id": "node/1047984082"
    },
    {
      "type": "Feature",
      "properties": {
        "@id": "node/1047984111",
        "alt_name": "إبن رمسيس الثالث",
        "amenity": "grave_yard",
        "historic": "tomb",
        "name": "إبن رمسيس الثالث",
        "name:ar": "إبن رمسيس الثالث",
        "name:de": "Grabmal von einem unbekannten Sohn des Ramses III.",
        "name:en": "KV3 Son of Rameses III",
        "name:es": "Tumba de un hijo de Ramsés III",
        "name:fr": "KV3 Tome du fils de Ramsès III",
        "name:zh": "KV3",
        "ref": "KV3",
        "website": "https://thebanmappingproject.com/tombs/kv-03-son-rameses-iii",
        "wikidata": "Q589651",
        "wikimedia_commons": "Category:KV3",
        "wikipedia": "en:KV3"
      },
      "geometry": {
        "type": "Point",
        "coordinates": [
          32.6028632,
          25.7410935
        ]
      },
      "id": "node/1047984111"
    },
    {
      "type": "Feature",
      "properties": {
        "@id": "node/1047984139",
        "alt_name": "رمسيس السابع",
        "amenity": "grave_yard",
        "historic": "tomb",
        "name": "رمسيس السابع",
        "name:ar": "رمسيس السابع",
        "name:de": "Grabmal von Ramses VII.",
        "name:en": "Rameses VII",
        "name:es": "KV1",
        "name:fr": "KV1 Tombe de Ramsès VII",
        "name:zh": "KV1",
        "ref": "KV1",
        "website": "https://thebanmappingproject.com/tombs/kv-01-rameses-vii",
        "wikidata": "Q778902",
        "wikimedia_commons": "Category:KV1",
        "wikipedia": "en:KV1"
      },
      "geometry": {
        "type": "Point",
        "coordinates": [
          32.6018154,
          25.7426656
        ]
      },
      "id": "node/1047984139"
    },
    {
      "type": "Feature",
      "properties": {
        "@id": "node/1047984166",
        "amenity": "grave_yard",
        "historic": "tomb",
        "name:de": "Grabmal von Montuherchepschef",
        "name:en": "Mentuherkhepeshef",
        "name:es": "Tumba de Mentuherkhepeshef",
        "name:fr": "KV19 Tombe de Mentuherk Hepeshef",
        "ref": "KV19",
        "website": "https://thebanmappingproject.com/tombs/kv-19-mentuherkhepeshef",
        "wikidata": "Q1719126",
        "wikimedia_commons": "Category:KV19",
        "wikipedia": "en:KV19"
      },
      "geometry": {
        "type": "Point",
        "coordinates": [
          32.6034665,
          25.7389319
        ]
      },
      "id": "node/1047984166"
    },
    {
      "type": "Feature",
      "properties": {
        "@id": "node/1048381835",
        "alt_name": "توسرت و ستنخت",
        "amenity": "grave_yard",
        "historic": "tomb",
        "name": "توسرت و ستنخت",
        "name:ar": "توسرت و ستنخت",
        "name:de": "Grabmal von Tausret und Sethnacht",
        "name:en": "KV14 Tausert and Setnakht",
        "name:es": "Tumba de Tausert y Sethnajt",
        "name:fr": "Tombe de Taousert et Sethnakht",
        "name:ru": "Гробница Таусерт",
        "ref": "KV14",
        "website": "https://thebanmappingproject.com/tombs/kv-14-tausert-and-setnakht",
        "wikidata": "Q684908",
        "wikimedia_commons": "Category:KV14",
        "wikipedia": "en:KV14"
      },
      "geometry": {
        "type": "Point",
        "coordinates": [
          32.5988042,
          25.7390741
        ]
      },
      "id": "node/1048381835"
    },
    {
      "type": "Feature",
      "properties": {
        "@id": "node/1048381875",
        "amenity": "grave_yard",
        "historic": "tomb",
        "name:de": "Grabmal von unbekannt",
        "name:es": "KV61",
        "name:fr": "KV61 Inconnu",
        "ref": "KV61",
        "wikidata": "Q204004",
        "wikimedia_commons": "Category:KV61",
        "wikipedia": "en:KV61"
      },
      "geometry": {
        "type": "Point",
        "coordinates": [
          32.6007033,
          25.7395273
        ]
      },
      "id": "node/1048381875"
    },
    {
      "type": "Feature",
      "properties": {
        "@id": "node/1048381876",
        "amenity": "grave_yard",
        "historic": "tomb",
        "name:de": "Grabmal von unbekannt",
        "name:fr": "KV29 Inconnu",
        "ref": "KV29",
        "wikidata": "Q2128037",
        "wikipedia": "de:KV29"
      },
      "geometry": {
        "type": "Point",
        "coordinates": [
          32.6006476,
          25.7394202
        ]
      },
      "id": "node/1048381876"
    },
    {
      "type": "Feature",
      "properties": {
        "@id": "node/1048381883",
        "alt_name": "ميهربري",
        "amenity": "grave_yard",
        "historic": "tomb",
        "name": "ميهربري",
        "name:ar": "ميهربري",
        "name:de": "Grabmal von Maiherperi",
        "name:en": "KV36 Maiherperi",
        "name:es": "Tumba de Maiherperi",
        "name:fr": "KV336 Tombeau Maiherpri",
        "ref": "KV36",
        "website": "https://thebanmappingproject.com/tombs/kv-36-maiherperi",
        "wikidata": "Q1300297",
        "wikimedia_commons": "Category:KV36",
        "wikipedia": "en:KV36"
      },
      "geometry": {
        "type": "Point",
        "coordinates": [
          32.6001701,
          25.7396767
        ]
      },
      "id": "node/1048381883"
    },
    {
      "type": "Feature",
      "properties": {
        "@id": "node/1048381913",
        "amenity": "grave_yard",
        "historic": "tomb",
        "name": "Unknown tomb",
        "name:de": "Grabmal von unbekannt",
        "name:fr": "KV12 Tobeau inconnu",
        "ref": "KV12",
        "wikidata": "Q1719112",
        "wikimedia_commons": "Category:KV12",
        "wikipedia": "en:KV12"
      },
      "geometry": {
        "type": "Point",
        "coordinates": [
          32.6004726,
          25.7405023
        ]
      },
      "id": "node/1048381913"
    },
    {
      "type": "Feature",
      "properties": {
        "@id": "node/1048381927",
        "amenity": "grave_yard",
        "historic": "tomb",
        "name": "KV13 Bay",
        "name:de": "Grabmal von Bay",
        "name:en": "Bay",
        "name:es": "Tumba de Bay",
        "name:fr": "KV13 Tombeau de Bay",
        "ref": "KV13",
        "website": "https://thebanmappingproject.com/tombs/kv-13-bay",
        "wikidata": "Q1719116",
        "wikimedia_commons": "Category:KV13",
        "wikipedia": "en:KV13"
      },
      "geometry": {
        "type": "Point",
        "coordinates": [
          32.5994326,
          25.7395033
        ]
      },
      "id": "node/1048381927"
    },
    {
      "type": "Feature",
      "properties": {
        "@id": "node/1048418279",
        "amenity": "grave_yard",
        "historic": "tomb",
        "name:de": "Grabmal von Sitre In",
        "name:en": "Sit-Ra",
        "name:fr": "KV60 Tombe de Sit-Ra",
        "ref": "KV60",
        "website": "https://thebanmappingproject.com/tombs/kv-60-sit-ra-called",
        "wikidata": "Q1109547",
        "wikimedia_commons": "Category:KV60",
        "wikipedia": "en:KV60"
      },
      "geometry": {
        "type": "Point",
        "coordinates": [
          32.6033143,
          25.7392788
        ]
      },
      "id": "node/1048418279"
    },
    {
      "type": "Feature",
      "properties": {
        "@id": "node/1048418298",
        "historic": "tomb",
        "name": "KV56 Gold Tomb",
        "name:de": "Goldgrab",
        "name:en": "The gold Tomb",
        "name:es": "Tumba de Oro",
        "name:fr": "KV56 La tombe d'or",
        "ref": "KV56",
        "wikidata": "Q1719164",
        "wikimedia_commons": "Category:KV56",
        "wikipedia": "en:KV56"
      },
      "geometry": {
        "type": "Point",
        "coordinates": [
          32.6010659,
          25.7401953
        ]
      },
      "id": "node/1048418298"
    },
    {
      "type": "Feature",
      "properties": {
        "@id": "node/1048418309",
        "amenity": "grave_yard",
        "historic": "tomb",
        "name:de": "Grabmal von Hatschepsut und Thutmosis I.",
        "name:en": "Thutmes I and Hatshepsut",
        "name:es": "Tumba de Thutmose I y de Hatshepsut",
        "name:fr": "KV20 Tombe de Thoutmosis et Hatshepsout",
        "ref": "KV20",
        "website": "https://thebanmappingproject.com/tombs/kv-20-thutmes-i-and-hatshepsut",
        "wikidata": "Q1477526",
        "wikimedia_commons": "Category:KV20",
        "wikipedia": "en:KV20"
      },
      "geometry": {
        "type": "Point",
        "coordinates": [
          32.6035511,
          25.7381653
        ]
      },
      "id": "node/1048418309"
    },
    {
      "type": "Feature",
      "properties": {
        "@id": "node/1048418328",
        "historic": "tomb",
        "name:de": "Earl Belmore's Grab",
        "name:en": "Lord Belmore's tomb",
        "name:fr": "KV30 Tombe d'inconnu découverte par Lord Belmore",
        "ref": "KV30",
        "wikidata": "Q1364533",
        "wikimedia_commons": "Category:KV30",
        "wikipedia": "en:KV30"
      },
      "geometry": {
        "type": "Point",
        "coordinates": [
          32.6003276,
          25.7388484
        ]
      },
      "id": "node/1048418328"
    },
    {
      "type": "Feature",
      "properties": {
        "@id": "node/1048418341",
        "alt_name": "حتشبسوت",
        "amenity": "grave_yard",
        "historic": "tomb",
        "name": "حتشبسوت",
        "name:ar": "حتشبسوت",
        "name:de": "Grabmal von Merit-Re-Hatschepsut",
        "name:en": "KV42 Hatshepsut-Meryet-Ra",
        "ref": "KV42",
        "website": "https://thebanmappingproject.com/tombs/kv-42-hatshepsut-meryet-ra",
        "wikidata": "Q1719155",
        "wikimedia_commons": "Category:KV42",
        "wikipedia": "en:KV42"
      },
      "geometry": {
        "type": "Point",
        "coordinates": [
          32.6007485,
          25.7380644
        ]
      },
      "id": "node/1048418341"
    },
    {
      "type": "Feature",
      "properties": {
        "@id": "node/1048418367",
        "amenity": "grave_yard",
        "historic": "tomb",
        "name:de": "Grabmal von Tiaa",
        "name:en": "Tia'a",
        "name:fr": "KV32 Tombe de Tia'a",
        "ref": "KV32",
        "website": "https://thebanmappingproject.com/node/5740",
        "wikidata": "Q1868880",
        "wikimedia_commons": "Category:KV32",
        "wikipedia": "en:KV32"
      },
      "geometry": {
        "type": "Point",
        "coordinates": [
          32.600255,
          25.7384305
        ]
      },
      "id": "node/1048418367"
    },
    {
      "type": "Feature",
      "properties": {
        "@id": "node/1048418372",
        "alt_name": "تاي أو أخناطون",
        "amenity": "grave_yard",
        "historic": "tomb",
        "name": "تاي أو أخناطون",
        "name:ar": "تاي أو أخناطون",
        "name:de": "Grabmal von Teje, Semenchkare oder Echnaton",
        "name:en": "KV55 Tiye or Akhenaten",
        "name:fr": "KV55 Tombeau de Akhenaton",
        "name:he": "קבר KV55",
        "ref": "KV55",
        "website": "https://thebanmappingproject.com/tombs/kv-55-tiye-or-akhenaten",
        "wikidata": "Q1636434",
        "wikimedia_commons": "Category:KV55",
        "wikipedia": "en:KV55"
      },
      "geometry": {
        "type": "Point",
        "coordinates": [
          32.6019363,
          25.7404522
        ]
      },
      "id": "node/1048418372"
    },
    {
      "type": "Feature",
      "properties": {
        "@id": "node/1048464147",
        "alt_name": "أمنحوتيب الثالث",
        "historic": "tomb",
        "name": "أمنحوتيب الثالث",
        "name:ar": "أمنحوتيب الثالث",
        "name:de": "Grabmal von Amenophis III.",
        "name:en": "Amenhetep III",
        "name:es": "WV22",
        "name:fr": "WV22 Tombeau d'Amenhetep III",
        "ref": "WV22",
        "wikidata": "Q2480865",
        "wikimedia_commons": "Category:WV22",
        "wikipedia": "en:WV22"
      },
      "geometry": {
        "type": "Point",
        "coordinates": [
          32.5975883,
          25.7433103
        ]
      },
      "id": "node/1048464147"
    },
    {
      "type": "Feature",
      "properties": {
        "@id": "node/1048464160",
        "amenity": "grave_yard",
        "historic": "tomb",
        "name": "Tomb of Amunherkhepshef",
        "name:en": "Tomb of Prince Amen Khopshef",
        "name:fr": "Tombe du prince Amon-Her-Khépeshef",
        "name:pl": "Grobowiec Amunherkhepshefa",
        "ref": "QV55",
        "website": "https://thebanmappingproject.com/tombs/qv-55-prince-amenherkhepshef",
        "wikidata": "Q846281",
        "wikimedia_commons": "Category:QV55"
      },
      "geometry": {
        "type": "Point",
        "coordinates": [
          32.5917486,
          25.7275719
        ]
      },
      "id": "node/1048464160"
    },
    {
      "type": "Feature",
      "properties": {
        "@id": "node/1048464164",
        "alt_name:de": "Affengrab",
        "historic": "tomb",
        "name": "Ay",
        "name:de": "Grabmal von Eje",
        "name:en": "Ay tomb",
        "name:fr": "WV23 Tombeau d'Ay",
        "ref": "WV23",
        "wikidata": "Q2706226",
        "wikimedia_commons": "Category:WV23",
        "wikipedia": "ar:مقبرة 23"
      },
      "geometry": {
        "type": "Point",
        "coordinates": [
          32.591876,
          25.7416003
        ]
      },
      "id": "node/1048464164"
    },
    {
      "type": "Feature",
      "properties": {
        "@id": "way/1049371378",
        "historic": "archaeological_site",
        "name": "مقبرة تي تي 34",
        "name:ar": "مقبرة تي تي 34",
        "name:en": "Tomb of Montuemhet (TT 34)",
        "name:fa": "قبرستان تی‌تی ۳۴",
        "wikidata": "Q3512426",
        "@geometry": "center"
      },
      "geometry": {
        "type": "Point",
        "coordinates": [
          32.6104879,
          25.7353298
        ]
      },
      "id": "way/1049371378"
    },
    {
      "type": "Feature",
      "properties": {
        "@id": "way/1058766113",
        "building": "yes",
        "name": "متحف السويس القومى",
        "name:ar": "متحف السويس القومى",
        "name:en": "Suez National Museum",
        "tourism": "museum",
        "wikidata": "Q63973129",
        "wikimedia_commons": "Category:Suez National Museum",
        "@geometry": "center"
      },
      "geometry": {
        "type": "Point",
        "coordinates": [
          32.5668976,
          29.9551745
        ]
      },
      "id": "way/1058766113"
    },
    {
      "type": "Feature",
      "properties": {
        "@id": "way/1065705099",
        "archaeological_site": "necropolis",
        "historic": "archaeological_site",
        "historic:civilization": "ancient_egyptian",
        "name": "Sacred Animal Necropolis Site",
        "name:ru": "Место захоронения священных животных",
        "wikidata": "Q136281122",
        "@geometry": "center"
      },
      "geometry": {
        "type": "Point",
        "coordinates": [
          31.2152874,
          29.8817323
        ]
      },
      "id": "way/1065705099"
    },
    {
      "type": "Feature",
      "properties": {
        "@id": "way/1074968157",
        "historic": "archaeological_site",
        "name:en": "Aten",
        "name:fr": "Aton",
        "wikidata": "Q106427400",
        "@geometry": "center"
      },
      "geometry": {
        "type": "Point",
        "coordinates": [
          32.6017287,
          25.7228203
        ]
      },
      "id": "way/1074968157"
    },
    {
      "type": "Feature",
      "properties": {
        "@id": "way/1078803648",
        "area": "yes",
        "boundary": "protected_area",
        "heritage": "1",
        "heritage:operator": "whc",
        "name": "منطقة الأهرام من الجيزة إلى دهشور",
        "name:ar": "منطقة الأهرام من الجيزة إلى دهشور",
        "name:de": "Pyramidenfelder von Giseh bis Dahschur",
        "name:en": "Pyramid fields from Giza to Dahshur",
        "name:fa": "مزارع اهرام از جیزه تا دهشور",
        "name:ru": "Поля пирамид от Гизы до Дахшура",
        "name:tt": "Гизадан Дахшурга кадәр пирамида кырлары",
        "protect_class": "98",
        "ref:whc": "86-002",
        "source": "https://whc.unesco.org/en/list/86/multiple=1&unique_number=92",
        "type": "boundary",
        "whc:criteria": "(i),(iii),(vi)",
        "whc:inscription_date": "1979",
        "wikidata": "Q65815537",
        "@geometry": "center"
      },
      "geometry": {
        "type": "Point",
        "coordinates": [
          31.1568825,
          29.8580961
        ]
      },
      "id": "way/1078803648"
    },
    {
      "type": "Feature",
      "properties": {
        "@id": "way/1078995980",
        "archaeological_site": "necropolis",
        "heritage": "1",
        "heritage:name": "Ancient Thebes Necropolis",
        "heritage:operator": "whc",
        "historic": "archaeological_site",
        "historic:civilization": "ancient_egyptian",
        "name": "مدينة طيبة الجنائزية",
        "name:de": "Thebanische Nekropole",
        "name:en": "Theban Necropolis",
        "name:fa": "شهر تشییع جنازه تبس",
        "ref:whc": "087-003",
        "source": "https://whc.unesco.org/document/100843",
        "whc:criteria": "(i),(iii),(vi)",
        "whc:inscription_date": "1979",
        "wikidata": "Q29223",
        "wikimedia_commons": "Category:Theban Necropolis",
        "wikipedia": "ar:مدينة طيبة الجنائزية",
        "@geometry": "center"
      },
      "geometry": {
        "type": "Point",
        "coordinates": [
          32.6117131,
          25.7057129
        ]
      },
      "id": "way/1078995980"
    },
    {
      "type": "Feature",
      "properties": {
        "@id": "way/1079039494",
        "archaeological_site": "temple",
        "heritage": "1",
        "heritage:name": "Temple of Luxor",
        "heritage:operator": "whc",
        "historic": "archaeological_site",
        "historic:civilization": "ancient_egyptian",
        "int_name": "Luxor Temple",
        "name": "معبد الأقصر",
        "name:ar": "معبد الأقصر",
        "name:cs": "Luxorský chrám",
        "name:de": "Luxor-Tempel",
        "name:en": "Luxor Temple",
        "name:es": "Templo de Luxor",
        "name:fa": "معبد اقصر",
        "name:fr": "Temple de Louxor",
        "name:lb": "Luxor-Tempel",
        "name:ml": "ലക്സർ ക്ഷേത്രം",
        "name:pt": "Templo de Luxor",
        "name:ru": "Луксорский храм",
        "name:sk": "Luxorský chrám",
        "name:tr": "Luksor Tapınağı",
        "name:zh": "卢克索神庙",
        "ref:whc": "087-002",
        "source": "https://whc.unesco.org/document/100844",
        "tourism": "attraction",
        "whc:criteria": "(i),(iii),(vi)",
        "whc:inscription_date": "1979",
        "wikidata": "Q319841",
        "wikimedia_commons": "Category:Luxor Temple",
        "wikipedia": "en:Luxor Temple",
        "wikipedia:de": "Luxor-Tempel",
        "wikipedia:en": "Luxor Temple",
        "@geometry": "center"
      },
      "geometry": {
        "type": "Point",
        "coordinates": [
          32.6393621,
          25.6995992
        ]
      },
      "id": "way/1079039494"
    },
    {
      "type": "Feature",
      "properties": {
        "@id": "way/1079542368",
        "historic": "archaeological_site",
        "image": "https://upload.wikimedia.org/wikipedia/commons/9/94/Hatshetsup-temple-1by7.jpg",
        "name": "Mortuary Temple of Hatshepsut",
        "name:fr": "Temple funéraire d’Hatchepsout",
        "name:it": "Tempio funerario di Hatshepsut",
        "wikidata": "Q660692",
        "wikimedia_commons": "Category:Mortuary Temple of Hatshepsut",
        "@geometry": "center"
      },
      "geometry": {
        "type": "Point",
        "coordinates": [
          32.607468,
          25.7378484
        ]
      },
      "id": "way/1079542368"
    },
    {
      "type": "Feature",
      "properties": {
        "@id": "way/1079728124",
        "boundary": "protected_area",
        "heritage": "1",
        "heritage:operator": "whc",
        "name": "معبد أبو سمبل",
        "name:af": "Aboe Simbel-Tempels",
        "name:ar": "معبد أبو سمبل",
        "name:de": "Tempel von Abu Simbel",
        "name:en": "Temples of Abu Simbel",
        "name:es": "Templos de Abu Simbel",
        "name:pt": "Templos de Abu Simbel",
        "protect_class": "98",
        "ref:whc": "88-001",
        "whc:criteria": "(i),(iii),(vi)",
        "whc:inscription_date": "1979",
        "wikidata": "Q134140",
        "wikimedia_commons": "Category:Abu Simbel temples",
        "wikipedia": "ar:أبو سمبل",
        "@geometry": "center"
      },
      "geometry": {
        "type": "Point",
        "coordinates": [
          31.6247839,
          22.338282
        ]
      },
      "id": "way/1079728124"
    },
    {
      "type": "Feature",
      "properties": {
        "@id": "way/1079843712",
        "boundary": "protected_area",
        "heritage": "1",
        "heritage:operator": "whc",
        "name": "أمادا",
        "name:de": "Amada",
        "name:en": "Amada",
        "protect_class": "98",
        "ref:whc": "88-002",
        "source": "https://whc.unesco.org/document/100846",
        "whc:criteria": "(i),(iii),(vi)",
        "whc:inscription_date": "1979",
        "wikidata": "Q115517727",
        "wikimedia_commons": "Category:New Amada",
        "wikipedia": "en:New Amada",
        "@geometry": "center"
      },
      "geometry": {
        "type": "Point",
        "coordinates": [
          32.2636593,
          22.7338063
        ]
      },
      "id": "way/1079843712"
    },
    {
      "type": "Feature",
      "properties": {
        "@id": "way/1079851911",
        "boundary": "protected_area",
        "heritage": "1",
        "heritage:operator": "whc",
        "name": "وادي السبوع",
        "name:de": "Wadi es-Sebua",
        "name:en": "Wadi Sebua",
        "protect_class": "98",
        "ref:whc": "88-003",
        "source": "https://whc.unesco.org/document/100847",
        "whc:criteria": "(i),(iii),(vi)",
        "whc:inscription_date": "1979",
        "wikidata": "Q1728322",
        "wikimedia_commons": "Category:Wadi es-Sebua",
        "wikipedia": "ar:وادي السبوع",
        "@geometry": "center"
      },
      "geometry": {
        "type": "Point",
        "coordinates": [
          32.5443578,
          22.797171
        ]
      },
      "id": "way/1079851911"
    },
    {
      "type": "Feature",
      "properties": {
        "@id": "way/1080026211",
        "alt_name": "قبة الهوا",
        "alt_name:de": "Qubbet el-Hawa",
        "alt_name:en": "Qubbet el-Hawa",
        "boundary": "protected_area",
        "heritage": "1",
        "heritage:operator": "whc",
        "name:de": "Gräber des Alten und Mittleren Reiches",
        "name:en": "Old and Middle Kingdom Tombs",
        "protect_class": "98",
        "ref:whc": "88-006",
        "source": "https://whc.unesco.org/document/100850",
        "whc:criteria": "(i),(iii),(vi)",
        "whc:inscription_date": "1979",
        "@geometry": "center"
      },
      "geometry": {
        "type": "Point",
        "coordinates": [
          32.8883404,
          24.1026172
        ]
      },
      "id": "way/1080026211"
    },
    {
      "type": "Feature",
      "properties": {
        "@id": "way/1080040769",
        "archaeological_site": "city",
        "boundary": "protected_area",
        "fee": "yes",
        "heritage": "1",
        "heritage:operator": "whc",
        "historic": "archaeological_site",
        "historic:civilization": "ancient_egyptian",
        "name:de": "Ruinen der Stadt Elephantine",
        "name:en": "Ruins of town of Elephantine",
        "protect_class": "98",
        "ref:whc": "88-007",
        "tourism": "attraction",
        "whc:criteria": "(i),(iii),(vi)",
        "whc:inscription_date": "1979",
        "wikidata": "Q113162530",
        "@geometry": "center"
      },
      "geometry": {
        "type": "Point",
        "coordinates": [
          32.8856823,
          24.0847552
        ]
      },
      "id": "way/1080040769"
    },
    {
      "type": "Feature",
      "properties": {
        "@id": "way/1080076880",
        "boundary": "protected_area",
        "heritage": "1",
        "heritage:operator": "whc",
        "name": "دير سمان",
        "name:de": "Simeonskloster",
        "name:en": "Monastery of St. Simeon",
        "name:fr": "Monastère Saint Siméon",
        "note": "world heritage map inaccurate, border had to be adjusted slightly",
        "protect_class": "98",
        "ref:whc": "88-009",
        "source": "https://whc.unesco.org/document/100850; Mapbox Satelite",
        "whc:criteria": "(i),(iii),(vi)",
        "whc:inscription_date": "1979",
        "wikidata": "Q3320333",
        "wikimedia_commons": "Category:Monastery of Saint Simeon in Aswan",
        "wikipedia": "ar:دير الأنبا سمعان بأسوان",
        "@geometry": "center"
      },
      "geometry": {
        "type": "Point",
        "coordinates": [
          32.8763643,
          24.0942998
        ]
      },
      "id": "way/1080076880"
    },
    {
      "type": "Feature",
      "properties": {
        "@id": "way/1080076881",
        "boundary": "protected_area",
        "heritage": "1",
        "heritage:operator": "whc",
        "name": "المقابر الفاطمية",
        "name:de": "Islamischer Friedhof",
        "name:en": "Islamic Cemetery",
        "protect_class": "98",
        "ref:whc": "88-010",
        "source": "https://whc.unesco.org/document/100850",
        "whc:criteria": "(i),(iii),(vi)",
        "whc:inscription_date": "1979",
        "wikidata": "Q18915139",
        "wikimedia_commons": "Category:Fatimid Cemetery in Aswan",
        "wikipedia": "ar:المقابر الفاطمية (اسوان)",
        "@geometry": "center"
      },
      "geometry": {
        "type": "Point",
        "coordinates": [
          32.8923743,
          24.0787484
        ]
      },
      "id": "way/1080076881"
    },
    {
      "type": "Feature",
      "properties": {
        "@id": "way/1080195900",
        "boundary": "protected_area",
        "heritage": "1",
        "heritage:name": "Al-Fustat",
        "heritage:operator": "whc",
        "historic": "district",
        "name": "الفسطاط",
        "name:de": "Fustat",
        "name:en": "Fustat",
        "name:fa": "فسطاط",
        "protect_class": "98",
        "ref:whc": "89-001",
        "source": "https://whc.unesco.org/document/100855",
        "whc:criteria": "(i),(v),(vi)",
        "whc:inscription_date": "1979",
        "wikidata": "Q839456",
        "wikimedia_commons": "Category:Fustat",
        "wikipedia": "en:Fustat",
        "@geometry": "center"
      },
      "geometry": {
        "type": "Point",
        "coordinates": [
          31.2353566,
          30.0073595
        ]
      },
      "id": "way/1080195900"
    },
    {
      "type": "Feature",
      "properties": {
        "@id": "way/1109040868",
        "historic": "archaeological_site",
        "name": "TT 414",
        "wikidata": "Q60841959",
        "wikipedia": "en:TT414",
        "@geometry": "center"
      },
      "geometry": {
        "type": "Point",
        "coordinates": [
          32.6143991,
          25.7336135
        ]
      },
      "id": "way/1109040868"
    },
    {
      "type": "Feature",
      "properties": {
        "@id": "way/1125521445",
        "historic": "archaeological_site",
        "name": "تل البلامون",
        "wikidata": "Q2402247",
        "wikipedia": "en:Tell el-Balamun",
        "@geometry": "center"
      },
      "geometry": {
        "type": "Point",
        "coordinates": [
          31.5731277,
          31.2598818
        ]
      },
      "id": "way/1125521445"
    },
    {
      "type": "Feature",
      "properties": {
        "@id": "way/1128059224",
        "building": "yes",
        "fee": "yes",
        "name": "متحف النوبة",
        "name:ar": "متحف النوبة",
        "name:en": "Nubian Museum",
        "name:fr": "Musée nubien",
        "name:ru": "Нубийский музей",
        "opening_hours": "Sa-We 09:00-17:00; Th,Fr 09:00-17:00,18:00-21:00",
        "tourism": "museum",
        "website": "https://egymonuments.gov.eg/en/museums/nubia-museum",
        "wikidata": "Q2354677",
        "wikimedia_commons": "Category:Nubia Museum, Aswan",
        "wikipedia": "ar:متحف النوبة",
        "@geometry": "center"
      },
      "geometry": {
        "type": "Point",
        "coordinates": [
          32.8891931,
          24.0794505
        ]
      },
      "id": "way/1128059224"
    },
    {
      "type": "Feature",
      "properties": {
        "@id": "node/1139038011",
        "archaeological_site": "necropolis",
        "heritage": "yes",
        "historic": "archaeological_site",
        "historic:civilization": "ancient_egyptian",
        "name": "Tombs of 3rd Dynasty",
        "name:en": "Tombs of 3rd Dynasty",
        "name:es": "Tumbas de la 3ª Dinastía",
        "name:hu": "3. dinasztia sírjai",
        "name:ru": "Гробницы 3-й династии",
        "tourism": "attraction",
        "wikidata": "Q220276",
        "wikimedia_commons": "Category:3rd dynasty of Egypt",
        "wikipedia": "en:Third Dynasty of Egypt"
      },
      "geometry": {
        "type": "Point",
        "coordinates": [
          31.2132845,
          29.8768204
        ]
      },
      "id": "node/1139038011"
    },
    {
      "type": "Feature",
      "properties": {
        "@id": "node/1139038014",
        "heritage": "yes",
        "historic": "archaeological_site",
        "historic:civilization": "ancient_egyptian",
        "name": "Philosopher's Circle",
        "name:en": "Philosopher's Circle",
        "name:hu": "Filozófusok köre",
        "name:ru": "Филосоский круг"
      },
      "geometry": {
        "type": "Point",
        "coordinates": [
          31.2125335,
          29.8748295
        ]
      },
      "id": "node/1139038014"
    },
    {
      "type": "Feature",
      "properties": {
        "@id": "way/1149043043",
        "historic": "archaeological_site",
        "name": "Deir Abu Matta",
        "wikidata": "Q14207544",
        "wikimedia_commons": "Category:Deir Abu Matta",
        "@geometry": "center"
      },
      "geometry": {
        "type": "Point",
        "coordinates": [
          28.912056,
          25.5937317
        ]
      },
      "id": "way/1149043043"
    },
    {
      "type": "Feature",
      "properties": {
        "@id": "way/1164197661",
        "historic": "archaeological_site",
        "name": "Hermopolis Magna",
        "wikidata": "Q732908",
        "wikimedia_commons": "Category:Hermopolis Magna",
        "wikipedia": "en:Hermopolis",
        "@geometry": "center"
      },
      "geometry": {
        "type": "Point",
        "coordinates": [
          30.8041479,
          27.7814632
        ]
      },
      "id": "way/1164197661"
    },
    {
      "type": "Feature",
      "properties": {
        "@id": "way/1164198800",
        "historic": "archaeological_site",
        "name": "Tomb of Petosiris at Tuna el-Gebel",
        "wikidata": "Q71990944",
        "@geometry": "center"
      },
      "geometry": {
        "type": "Point",
        "coordinates": [
          30.7042445,
          27.7365048
        ]
      },
      "id": "way/1164198800"
    },
    {
      "type": "Feature",
      "properties": {
        "@id": "way/1176141274",
        "building": "yes",
        "historic": "tomb",
        "name": "قبة الامام الشافعي",
        "name:ar": "الامام الشافعي",
        "name:en": "Mausoleum of Imam al-Shafi'i",
        "wikidata": "Q12242699",
        "wikimedia_commons": "Category:Al-Shafi‘i Tomb",
        "wikipedia": "en:Mausoleum of Imam al-Shafi'i",
        "@geometry": "center"
      },
      "geometry": {
        "type": "Point",
        "coordinates": [
          31.2580764,
          30.0117304
        ]
      },
      "id": "way/1176141274"
    },
    {
      "type": "Feature",
      "properties": {
        "@id": "way/1230328824",
        "addr:city": "القاهرة",
        "alt_name": "متحف الركايب الملكية",
        "alt_name:ar": "متحف الركايب الملكية",
        "building": "yes",
        "name": "متحف المركبات الملكية",
        "name:ar": "متحف المركبات الملكية",
        "name:en": "The Carriage Museum",
        "name:fr": "Musée des Attelages",
        "tourism": "museum",
        "wikidata": "Q5046116",
        "wikipedia": "ar:متحف المركبات الملكية",
        "@geometry": "center"
      },
      "geometry": {
        "type": "Point",
        "coordinates": [
          31.2635146,
          30.0294231
        ]
      },
      "id": "way/1230328824"
    },
    {
      "type": "Feature",
      "properties": {
        "@id": "way/1232940947",
        "historic": "archaeological_site",
        "name": "Temple of Ramesses II",
        "wikidata": "Q1881992",
        "wikimedia_commons": "Category:Mortuary Temple of Ramses II in Abydos",
        "wikipedia": "ar:معبد رمسيس الثاني (أبيدوس)",
        "@geometry": "center"
      },
      "geometry": {
        "type": "Point",
        "coordinates": [
          31.9163467,
          26.1866177
        ]
      },
      "id": "way/1232940947"
    },
    {
      "type": "Feature",
      "properties": {
        "@id": "way/1237878963",
        "barrier": "wall",
        "historic": "tomb",
        "tunnel": "yes",
        "website": "https://thebanmappingproject.com/tombs/kv-03-son-rameses-iii",
        "wikidata": "Q589651",
        "@geometry": "center"
      },
      "geometry": {
        "type": "Point",
        "coordinates": [
          32.6028665,
          25.7410917
        ]
      },
      "id": "way/1237878963"
    },
    {
      "type": "Feature",
      "properties": {
        "@id": "way/1238098224",
        "barrier": "wall",
        "historic": "tomb",
        "level": "-1",
        "tunnel": "yes",
        "wikidata": "Q778902",
        "@geometry": "center"
      },
      "geometry": {
        "type": "Point",
        "coordinates": [
          32.6018382,
          25.742621
        ]
      },
      "id": "way/1238098224"
    },
    {
      "type": "Feature",
      "properties": {
        "@id": "way/1238121173",
        "barrier": "wall",
        "historic": "tomb",
        "tunnel": "yes",
        "wikidata": "Q1719159",
        "@geometry": "center"
      },
      "geometry": {
        "type": "Point",
        "coordinates": [
          32.602874,
          25.7409423
        ]
      },
      "id": "way/1238121173"
    },
    {
      "type": "Feature",
      "properties": {
        "@id": "way/1238121175",
        "barrier": "wall",
        "historic": "tomb",
        "level": "-1",
        "tunnel": "yes",
        "wikidata": "Q1347523",
        "@geometry": "center"
      },
      "geometry": {
        "type": "Point",
        "coordinates": [
          32.6018616,
          25.7416543
        ]
      },
      "id": "way/1238121175"
    },
    {
      "type": "Feature",
      "properties": {
        "@id": "way/1238291498",
        "barrier": "wall",
        "historic": "tomb",
        "level": "-1",
        "tunnel": "yes",
        "wikidata": "Q1420195",
        "@geometry": "center"
      },
      "geometry": {
        "type": "Point",
        "coordinates": [
          32.601635,
          25.7395094
        ]
      },
      "id": "way/1238291498"
    },
    {
      "type": "Feature",
      "properties": {
        "@id": "way/1238291503",
        "barrier": "wall",
        "historic": "tomb",
        "level": "-1",
        "tunnel": "yes",
        "wikidata": "Q1477526",
        "@geometry": "center"
      },
      "geometry": {
        "type": "Point",
        "coordinates": [
          32.6037573,
          25.7385703
        ]
      },
      "id": "way/1238291503"
    },
    {
      "type": "Feature",
      "properties": {
        "@id": "way/1238291514",
        "barrier": "wall",
        "historic": "tomb",
        "level": "-1",
        "tunnel": "yes",
        "wikidata": "Q1719126",
        "@geometry": "center"
      },
      "geometry": {
        "type": "Point",
        "coordinates": [
          32.6033941,
          25.7390008
        ]
      },
      "id": "way/1238291514"
    },
    {
      "type": "Feature",
      "properties": {
        "@id": "way/1238291515",
        "barrier": "wall",
        "historic": "tomb",
        "level": "-1",
        "tunnel": "yes",
        "wikidata": "Q1109547",
        "@geometry": "center"
      },
      "geometry": {
        "type": "Point",
        "coordinates": [
          32.6032931,
          25.7392374
        ]
      },
      "id": "way/1238291515"
    },
    {
      "type": "Feature",
      "properties": {
        "@id": "way/1238291517",
        "barrier": "wall",
        "historic": "tomb",
        "level": "-1",
        "tunnel": "yes",
        "wikidata": "Q742922",
        "@geometry": "center"
      },
      "geometry": {
        "type": "Point",
        "coordinates": [
          32.6029046,
          25.739647
        ]
      },
      "id": "way/1238291517"
    },
    {
      "type": "Feature",
      "properties": {
        "@id": "way/1238291518",
        "barrier": "wall",
        "historic": "tomb",
        "level": "-2",
        "tunnel": "yes",
        "wikidata": "Q1976462",
        "@geometry": "center"
      },
      "geometry": {
        "type": "Point",
        "coordinates": [
          32.6030904,
          25.7398328
        ]
      },
      "id": "way/1238291518"
    },
    {
      "type": "Feature",
      "properties": {
        "@id": "way/1238291519",
        "barrier": "wall",
        "historic": "tomb",
        "level": "-1",
        "tunnel": "yes",
        "wikidata": "Q1719135",
        "@geometry": "center"
      },
      "geometry": {
        "type": "Point",
        "coordinates": [
          32.6031308,
          25.7398825
        ]
      },
      "id": "way/1238291519"
    },
    {
      "type": "Feature",
      "properties": {
        "@id": "way/1238291520",
        "barrier": "wall",
        "historic": "tomb",
        "tunnel": "yes",
        "wikidata": "Q1661091",
        "@geometry": "center"
      },
      "geometry": {
        "type": "Point",
        "coordinates": [
          32.6031347,
          25.7400921
        ]
      },
      "id": "way/1238291520"
    },
    {
      "type": "Feature",
      "properties": {
        "@id": "way/1238291521",
        "barrier": "wall",
        "historic": "tomb",
        "tunnel": "yes",
        "wikidata": "Q662744",
        "@geometry": "center"
      },
      "geometry": {
        "type": "Point",
        "coordinates": [
          32.6030631,
          25.7401368
        ]
      },
      "id": "way/1238291521"
    },
    {
      "type": "Feature",
      "properties": {
        "@id": "way/1238291529",
        "barrier": "wall",
        "historic": "tomb",
        "tunnel": "yes",
        "wikidata": "Q591894",
        "@geometry": "center"
      },
      "geometry": {
        "type": "Point",
        "coordinates": [
          32.6033604,
          25.7409071
        ]
      },
      "id": "way/1238291529"
    },
    {
      "type": "Feature",
      "properties": {
        "@id": "way/1238396992",
        "barrier": "wall",
        "historic": "tomb",
        "tunnel": "yes",
        "wikidata": "Q947481",
        "@geometry": "center"
      },
      "geometry": {
        "type": "Point",
        "coordinates": [
          32.6007443,
          25.7405417
        ]
      },
      "id": "way/1238396992"
    },
    {
      "type": "Feature",
      "properties": {
        "@id": "way/1238396993",
        "barrier": "wall",
        "historic": "tomb",
        "level": "-1",
        "tunnel": "yes",
        "wikidata": "Q1465157",
        "@geometry": "center"
      },
      "geometry": {
        "type": "Point",
        "coordinates": [
          32.6009069,
          25.7401136
        ]
      },
      "id": "way/1238396993"
    },
    {
      "type": "Feature",
      "properties": {
        "@id": "way/1238396994",
        "barrier": "wall",
        "historic": "tomb",
        "level": "-1",
        "tunnel": "yes",
        "wikidata": "Q1719164",
        "@geometry": "center"
      },
      "geometry": {
        "type": "Point",
        "coordinates": [
          32.601051,
          25.7401897
        ]
      },
      "id": "way/1238396994"
    },
    {
      "type": "Feature",
      "properties": {
        "@id": "way/1238397009",
        "barrier": "wall",
        "historic": "tomb",
        "level": "-1",
        "tunnel": "yes",
        "wikidata": "Q385280",
        "@geometry": "center"
      },
      "geometry": {
        "type": "Point",
        "coordinates": [
          32.6010819,
          25.7394192
        ]
      },
      "id": "way/1238397009"
    },
    {
      "type": "Feature",
      "properties": {
        "@id": "way/1238397014",
        "barrier": "wall",
        "historic": "tomb",
        "level": "-1",
        "tunnel": "yes",
        "wikidata": "Q576793",
        "@geometry": "center"
      },
      "geometry": {
        "type": "Point",
        "coordinates": [
          32.6012454,
          25.7396685
        ]
      },
      "id": "way/1238397014"
    },
    {
      "type": "Feature",
      "properties": {
        "@id": "way/1238397015",
        "barrier": "wall",
        "historic": "tomb",
        "level": "-1",
        "tunnel": "yes",
        "wikidata": "Q1109560",
        "@geometry": "center"
      },
      "geometry": {
        "type": "Point",
        "coordinates": [
          32.6015051,
          25.7401021
        ]
      },
      "id": "way/1238397015"
    },
    {
      "type": "Feature",
      "properties": {
        "@id": "way/1238397016",
        "barrier": "wall",
        "historic": "tomb",
        "level": "-1",
        "tunnel": "yes",
        "wikidata": "Q2634186",
        "@geometry": "center"
      },
      "geometry": {
        "type": "Point",
        "coordinates": [
          32.6016626,
          25.7398705
        ]
      },
      "id": "way/1238397016"
    },
    {
      "type": "Feature",
      "properties": {
        "@id": "way/1238397018",
        "barrier": "wall",
        "historic": "tomb",
        "level": "-2",
        "tunnel": "yes",
        "wikidata": "Q1975338",
        "@geometry": "center"
      },
      "geometry": {
        "type": "Point",
        "coordinates": [
          32.6010675,
          25.7388675
        ]
      },
      "id": "way/1238397018"
    },
    {
      "type": "Feature",
      "properties": {
        "@id": "way/1238397040",
        "barrier": "wall",
        "historic": "tomb",
        "level": "-1",
        "tunnel": "yes",
        "wikidata": "Q1719122",
        "@geometry": "center"
      },
      "geometry": {
        "type": "Point",
        "coordinates": [
          32.6022175,
          25.7396064
        ]
      },
      "id": "way/1238397040"
    },
    {
      "type": "Feature",
      "properties": {
        "@id": "way/1238397052",
        "barrier": "wall",
        "historic": "tomb",
        "level": "-1",
        "tunnel": "yes",
        "wikidata": "Q593468",
        "@geometry": "center"
      },
      "geometry": {
        "type": "Point",
        "coordinates": [
          32.6032688,
          25.7384888
        ]
      },
      "id": "way/1238397052"
    },
    {
      "type": "Feature",
      "properties": {
        "@id": "way/1238523831",
        "historic": "temple",
        "historic:civilization": "ancient_egyptian",
        "material": "stone",
        "name": "معبد أمنحتب الثاني",
        "name:ar": "معبد أمنحتب الثاني",
        "name:en": "Amenhotep II Temple",
        "name:fa": "معبد آمنحتپ دوم",
        "name:fr": "Temple d'Amenhotep II",
        "name:hu": "II. Amenhotep temploma",
        "name:ko": "아멘호테프 2세의 신전",
        "name:pl": "Świątynia Amenhotepa II",
        "name:ru": "Храм Аменхотепа II",
        "ruins": "yes",
        "tourism": "attraction",
        "wikidata": "Q18008311",
        "wikimedia_commons": "Category:New Kingdom Sphinx Temple",
        "@geometry": "center"
      },
      "geometry": {
        "type": "Point",
        "coordinates": [
          31.13811,
          29.9755978
        ]
      },
      "id": "way/1238523831"
    },
    {
      "type": "Feature",
      "properties": {
        "@id": "way/1238523832",
        "historic": "temple",
        "historic:civilization": "ancient_egyptian",
        "material": "stone",
        "name": "معبد الوادي لخفرع",
        "name:ar": "معبد الوادي لخفرع",
        "name:de": "Taltempel des Chephren",
        "name:en": "Valley Temple of Khafre",
        "name:es": "Templo del Valle de Kefrén",
        "name:fr": "Temple de la Vallée de Képhren",
        "name:hu": "Kefrén Völgytemploma",
        "name:zh": "哈夫拉河谷庙",
        "ruins": "yes",
        "tourism": "attraction",
        "wikidata": "Q1585619",
        "wikimedia_commons": "Category:Ancient Egyptian Valley Temples",
        "@geometry": "center"
      },
      "geometry": {
        "type": "Point",
        "coordinates": [
          31.1382939,
          29.974737
        ]
      },
      "id": "way/1238523832"
    },
    {
      "type": "Feature",
      "properties": {
        "@id": "way/1238523833",
        "historic": "temple",
        "historic:civilization": "ancient_egyptian",
        "material": "stone",
        "name": "معبد أبو الهول",
        "name:ar": "معبد أبو الهول",
        "name:de": "Sphinxtempel",
        "name:en": "Sphinx Temple",
        "name:fa": "معبد ابوالهول",
        "name:fr": "Temple du Sphinx",
        "name:hi": "स्फिंक्स मंदिर",
        "name:hu": "Szfinksz temploma",
        "name:ko": "스핑크스의 신전",
        "name:pl": "Świątynia Sfinksa",
        "name:ru": "Храм Сфинкса",
        "name:tt": "Сфинкс гыйбадәтханәсе",
        "name:zh": "斯芬克斯神庙",
        "ruins": "temple",
        "tourism": "attraction",
        "wikidata": "Q2309639",
        "wikimedia_commons": "Category:Sphinx Temple of Giza",
        "wikipedia": "de:Sphinxtempel von Gizeh (Altes Reich)",
        "@geometry": "center"
      },
      "geometry": {
        "type": "Point",
        "coordinates": [
          31.1382798,
          29.9752153
        ]
      },
      "id": "way/1238523833"
    },
    {
      "type": "Feature",
      "properties": {
        "@id": "way/1238551545",
        "building": "yes",
        "historic": "tomb",
        "name": "KV32",
        "wikidata": "Q1868880",
        "wikimedia_commons": "Category:KV32",
        "wikipedia": "ar:مقبرة 32",
        "@geometry": "center"
      },
      "geometry": {
        "type": "Point",
        "coordinates": [
          32.6005779,
          25.7384829
        ]
      },
      "id": "way/1238551545"
    },
    {
      "type": "Feature",
      "properties": {
        "@id": "way/1238551546",
        "barrier": "wall",
        "historic": "tomb",
        "level": "-1",
        "tunnel": "yes",
        "wikidata": "Q1868880",
        "@geometry": "center"
      },
      "geometry": {
        "type": "Point",
        "coordinates": [
          32.6003703,
          25.7384276
        ]
      },
      "id": "way/1238551546"
    },
    {
      "type": "Feature",
      "properties": {
        "@id": "way/1238551547",
        "barrier": "wall",
        "historic": "tomb",
        "level": "-1",
        "tunnel": "yes",
        "wikidata": "Q1719155",
        "@geometry": "center"
      },
      "geometry": {
        "type": "Point",
        "coordinates": [
          32.6006868,
          25.7381294
        ]
      },
      "id": "way/1238551547"
    },
    {
      "type": "Feature",
      "properties": {
        "@id": "way/1238551548",
        "barrier": "wall",
        "historic": "tomb",
        "level": "-1",
        "tunnel": "yes",
        "wikidata": "Q1719144",
        "@geometry": "center"
      },
      "geometry": {
        "type": "Point",
        "coordinates": [
          32.6009054,
          25.7378475
        ]
      },
      "id": "way/1238551548"
    },
    {
      "type": "Feature",
      "properties": {
        "@id": "way/1238551549",
        "barrier": "wall",
        "historic": "tomb",
        "level": "-1",
        "tunnel": "yes",
        "wikidata": "Q1975338",
        "@geometry": "center"
      },
      "geometry": {
        "type": "Point",
        "coordinates": [
          32.6007183,
          25.7384092
        ]
      },
      "id": "way/1238551549"
    },
    {
      "type": "Feature",
      "properties": {
        "@id": "way/1238551552",
        "barrier": "wall",
        "historic": "tomb",
        "level": "-1",
        "tunnel": "yes",
        "wikidata": "Q591371",
        "@geometry": "center"
      },
      "geometry": {
        "type": "Point",
        "coordinates": [
          32.6005481,
          25.7386315
        ]
      },
      "id": "way/1238551552"
    },
    {
      "type": "Feature",
      "properties": {
        "@id": "way/1238551553",
        "barrier": "wall",
        "historic": "tomb",
        "level": "-1",
        "tunnel": "yes",
        "wikidata": "Q1719130",
        "@geometry": "center"
      },
      "geometry": {
        "type": "Point",
        "coordinates": [
          32.600765,
          25.7389634
        ]
      },
      "id": "way/1238551553"
    },
    {
      "type": "Feature",
      "properties": {
        "@id": "way/1238551554",
        "barrier": "wall",
        "historic": "tomb",
        "level": "-1",
        "tunnel": "yes",
        "wikidata": "Q1719150",
        "@geometry": "center"
      },
      "geometry": {
        "type": "Point",
        "coordinates": [
          32.6005867,
          25.7390288
        ]
      },
      "id": "way/1238551554"
    },
    {
      "type": "Feature",
      "properties": {
        "@id": "way/1238551555",
        "barrier": "wall",
        "historic": "tomb",
        "level": "-1",
        "tunnel": "yes",
        "wikidata": "Q204004",
        "@geometry": "center"
      },
      "geometry": {
        "type": "Point",
        "coordinates": [
          32.6006919,
          25.739525
        ]
      },
      "id": "way/1238551555"
    },
    {
      "type": "Feature",
      "properties": {
        "@id": "way/1238601784",
        "historic": "archaeological_site",
        "name": "Temple of Montu",
        "wikidata": "Q1720771",
        "wikimedia_commons": "Category:Temple of Montu in Tod",
        "wikipedia": "ar:معبد الطود",
        "@geometry": "center"
      },
      "geometry": {
        "type": "Point",
        "coordinates": [
          32.533525,
          25.5833928
        ]
      },
      "id": "way/1238601784"
    },
    {
      "type": "Feature",
      "properties": {
        "@id": "way/1238606990",
        "building": "yes",
        "historic": "tower",
        "man_made": "tower",
        "name": "باب العزب",
        "name:ar": "باب العزب",
        "name:en": "Bab al-Azab",
        "name:fa": "باب العزب",
        "tower:type": "defensive",
        "wikidata": "Q28715270",
        "wikimedia_commons": "Category:Bab al-Azab",
        "wikipedia": "ar:باب العزب (القاهرة)",
        "@geometry": "center"
      },
      "geometry": {
        "type": "Point",
        "coordinates": [
          31.2581273,
          30.0310482
        ]
      },
      "id": "way/1238606990"
    },
    {
      "type": "Feature",
      "properties": {
        "@id": "way/1238679361",
        "archaeological_site": "temple",
        "historic": "archaeological_site",
        "historic:civilization": "ancient_egyptian",
        "name": "Sanctuary of Montu",
        "wikidata": "Q1720771",
        "wikimedia_commons": "Category:Temple of Montu in Tod",
        "wikipedia": "ar:معبد الطود",
        "@geometry": "center"
      },
      "geometry": {
        "type": "Point",
        "coordinates": [
          32.5333191,
          25.5834096
        ]
      },
      "id": "way/1238679361"
    },
    {
      "type": "Feature",
      "properties": {
        "@id": "way/1238687490",
        "barrier": "wall",
        "historic": "tomb",
        "level": "-1",
        "tunnel": "yes",
        "wikidata": "Q1300297",
        "@geometry": "center"
      },
      "geometry": {
        "type": "Point",
        "coordinates": [
          32.6001866,
          25.7396717
        ]
      },
      "id": "way/1238687490"
    },
    {
      "type": "Feature",
      "properties": {
        "@id": "way/1238687491",
        "barrier": "wall",
        "historic": "tomb",
        "level": "-1",
        "tunnel": "yes",
        "wikidata": "Q1719116",
        "@geometry": "center"
      },
      "geometry": {
        "type": "Point",
        "coordinates": [
          32.5995002,
          25.7394775
        ]
      },
      "id": "way/1238687491"
    },
    {
      "type": "Feature",
      "properties": {
        "@id": "way/1238687505",
        "barrier": "wall",
        "historic": "tomb",
        "level": "-1",
        "tunnel": "yes",
        "wikidata": "Q684908",
        "@geometry": "center"
      },
      "geometry": {
        "type": "Point",
        "coordinates": [
          32.5992079,
          25.7390746
        ]
      },
      "id": "way/1238687505"
    },
    {
      "type": "Feature",
      "properties": {
        "@id": "way/1238687513",
        "barrier": "wall",
        "historic": "tomb",
        "level": "-1",
        "tunnel": "yes",
        "wikidata": "Q2771864",
        "@geometry": "center"
      },
      "geometry": {
        "type": "Point",
        "coordinates": [
          32.5996651,
          25.7389922
        ]
      },
      "id": "way/1238687513"
    },
    {
      "type": "Feature",
      "properties": {
        "@id": "way/1238687518",
        "barrier": "wall",
        "historic": "tomb",
        "level": "-1",
        "tunnel": "yes",
        "wikidata": "Q2184354",
        "@geometry": "center"
      },
      "geometry": {
        "type": "Point",
        "coordinates": [
          32.5995314,
          25.7385334
        ]
      },
      "id": "way/1238687518"
    },
    {
      "type": "Feature",
      "properties": {
        "@id": "way/1238687527",
        "barrier": "wall",
        "historic": "tomb",
        "level": "-1",
        "tunnel": "yes",
        "wikidata": "Q366941",
        "@geometry": "center"
      },
      "geometry": {
        "type": "Point",
        "coordinates": [
          32.6001424,
          25.7387105
        ]
      },
      "id": "way/1238687527"
    },
    {
      "type": "Feature",
      "properties": {
        "@id": "way/1238687528",
        "barrier": "wall",
        "historic": "tomb",
        "level": "-1",
        "tunnel": "yes",
        "wikidata": "Q1364533",
        "@geometry": "center"
      },
      "geometry": {
        "type": "Point",
        "coordinates": [
          32.6003456,
          25.7388529
        ]
      },
      "id": "way/1238687528"
    },
    {
      "type": "Feature",
      "properties": {
        "@id": "way/1238891773",
        "barrier": "wall",
        "historic": "tomb",
        "level": "-1",
        "name": "أمين هوتيب",
        "name:ar": "أمين هوتيب",
        "name:de": "Grabmal von Amenophis II.",
        "name:en": "KV35 Amenhetep II",
        "name:es": "Tumba de Amenhotep II",
        "name:fr": "KV-35 Tombeau d'Amenhotep II",
        "name:ru": "KV35",
        "ref": "KV35",
        "tunnel": "yes",
        "wikidata": "Q1633253",
        "wikipedia": "en:KV35",
        "@geometry": "center"
      },
      "geometry": {
        "type": "Point",
        "coordinates": [
          32.5999424,
          25.740118
        ]
      },
      "id": "way/1238891773"
    },
    {
      "type": "Feature",
      "properties": {
        "@id": "way/1238891774",
        "building": "yes",
        "historic": "tomb",
        "name": "KV50",
        "wikidata": "Q655583",
        "wikimedia_commons": "Category:KV50",
        "wikipedia": "ar:مقبرة 50",
        "@geometry": "center"
      },
      "geometry": {
        "type": "Point",
        "coordinates": [
          32.6004693,
          25.7399538
        ]
      },
      "id": "way/1238891774"
    },
    {
      "type": "Feature",
      "properties": {
        "@id": "way/1238891775",
        "barrier": "wall",
        "historic": "tomb",
        "level": "-1",
        "name:en": "Animal Tomb",
        "name:fr": "KV-51 Tombeau d'animaux",
        "tunnel": "yes",
        "wikidata": "Q2910785",
        "@geometry": "center"
      },
      "geometry": {
        "type": "Point",
        "coordinates": [
          32.6005054,
          25.7399674
        ]
      },
      "id": "way/1238891775"
    },
    {
      "type": "Feature",
      "properties": {
        "@id": "way/1238891776",
        "alt_name:en": "Tomb KV48",
        "barrier": "wall",
        "historic": "tomb",
        "level": "-1",
        "name:de": "Grabmal von Amenemope",
        "name:en": "Tomb of Amenemopet",
        "name:fr": "KV48 Tombeau d'Amenemopet",
        "ref": "KV48",
        "tunnel": "yes",
        "wikidata": "Q1716474",
        "wikipedia": "en:KV48",
        "@geometry": "center"
      },
      "geometry": {
        "type": "Point",
        "coordinates": [
          32.6005718,
          25.7399731
        ]
      },
      "id": "way/1238891776"
    },
    {
      "type": "Feature",
      "properties": {
        "@id": "way/1238891778",
        "barrier": "wall",
        "historic": "tomb",
        "level": "-1",
        "tunnel": "yes",
        "wikidata": "Q690563",
        "@geometry": "center"
      },
      "geometry": {
        "type": "Point",
        "coordinates": [
          32.6005764,
          25.7399172
        ]
      },
      "id": "way/1238891778"
    },
    {
      "type": "Feature",
      "properties": {
        "@id": "way/1238953524",
        "barrier": "wall",
        "historic": "tomb",
        "level": "-1",
        "tunnel": "yes",
        "wikidata": "Q590096",
        "@geometry": "center"
      },
      "geometry": {
        "type": "Point",
        "coordinates": [
          32.6004195,
          25.7409537
        ]
      },
      "id": "way/1238953524"
    },
    {
      "type": "Feature",
      "properties": {
        "@id": "way/1238953533",
        "barrier": "wall",
        "historic": "tomb",
        "level": "-2",
        "tunnel": "yes",
        "wikidata": "Q1520987",
        "@geometry": "center"
      },
      "geometry": {
        "type": "Point",
        "coordinates": [
          32.6007989,
          25.740526
        ]
      },
      "id": "way/1238953533"
    },
    {
      "type": "Feature",
      "properties": {
        "@id": "way/1238953535",
        "barrier": "wall",
        "historic": "tomb",
        "level": "-3",
        "tunnel": "yes",
        "wikidata": "Q835309",
        "@geometry": "center"
      },
      "geometry": {
        "type": "Point",
        "coordinates": [
          32.6013413,
          25.7403419
        ]
      },
      "id": "way/1238953535"
    },
    {
      "type": "Feature",
      "properties": {
        "@id": "way/1238953539",
        "barrier": "wall",
        "historic": "tomb",
        "level": "-1",
        "tunnel": "yes",
        "wikidata": "Q1719112",
        "@geometry": "center"
      },
      "geometry": {
        "type": "Point",
        "coordinates": [
          32.6004549,
          25.7403858
        ]
      },
      "id": "way/1238953539"
    },
    {
      "type": "Feature",
      "properties": {
        "@id": "way/1239162412",
        "barrier": "wall",
        "historic": "tomb",
        "level": "-3",
        "tunnel": "yes",
        "wikidata": "Q1348082",
        "@geometry": "center"
      },
      "geometry": {
        "type": "Point",
        "coordinates": [
          32.601923,
          25.7406768
        ]
      },
      "id": "way/1239162412"
    },
    {
      "type": "Feature",
      "properties": {
        "@id": "way/1239162414",
        "barrier": "wall",
        "historic": "tomb",
        "level": "-3",
        "tunnel": "yes",
        "wikidata": "Q1348082",
        "@geometry": "center"
      },
      "geometry": {
        "type": "Point",
        "coordinates": [
          32.6020714,
          25.7407722
        ]
      },
      "id": "way/1239162414"
    },
    {
      "type": "Feature",
      "properties": {
        "@id": "way/1239162415",
        "barrier": "wall",
        "historic": "tomb",
        "level": "-3",
        "tunnel": "yes",
        "wikidata": "Q1348082",
        "@geometry": "center"
      },
      "geometry": {
        "type": "Point",
        "coordinates": [
          32.6024558,
          25.7403497
        ]
      },
      "id": "way/1239162415"
    },
    {
      "type": "Feature",
      "properties": {
        "@id": "way/1239162439",
        "barrier": "wall",
        "historic": "tomb",
        "level": "-2",
        "tunnel": "yes",
        "wikidata": "Q1348082",
        "@geometry": "center"
      },
      "geometry": {
        "type": "Point",
        "coordinates": [
          32.6021371,
          25.7405922
        ]
      },
      "id": "way/1239162439"
    },
    {
      "type": "Feature",
      "properties": {
        "@id": "way/1239162445",
        "barrier": "wall",
        "historic": "tomb",
        "level": "-1",
        "tunnel": "yes",
        "wikidata": "Q1499244",
        "@geometry": "center"
      },
      "geometry": {
        "type": "Point",
        "coordinates": [
          32.6021954,
          25.7403229
        ]
      },
      "id": "way/1239162445"
    },
    {
      "type": "Feature",
      "properties": {
        "@id": "way/1239162446",
        "barrier": "wall",
        "historic": "tomb",
        "level": "-0.5;0",
        "tunnel": "yes",
        "wikidata": "Q1636434",
        "@geometry": "center"
      },
      "geometry": {
        "type": "Point",
        "coordinates": [
          32.6018705,
          25.7404445
        ]
      },
      "id": "way/1239162446"
    },
    {
      "type": "Feature",
      "properties": {
        "@id": "way/1239162447",
        "building": "yes",
        "historic": "tomb",
        "name": "KV55",
        "wikidata": "Q1636434",
        "wikimedia_commons": "Category:KV55",
        "wikipedia": "ar:مقبرة 55",
        "@geometry": "center"
      },
      "geometry": {
        "type": "Point",
        "coordinates": [
          32.601749,
          25.7404574
        ]
      },
      "id": "way/1239162447"
    },
    {
      "type": "Feature",
      "properties": {
        "@id": "way/1239218291",
        "barrier": "wall",
        "historic": "tomb",
        "level": "-1",
        "tunnel": "yes",
        "wikidata": "Q1435650",
        "@geometry": "center"
      },
      "geometry": {
        "type": "Point",
        "coordinates": [
          32.5971645,
          25.7428318
        ]
      },
      "id": "way/1239218291"
    },
    {
      "type": "Feature",
      "properties": {
        "@id": "way/1239218302",
        "barrier": "wall",
        "historic": "tomb",
        "level": "-1",
        "tunnel": "yes",
        "wikidata": "Q2480865",
        "@geometry": "center"
      },
      "geometry": {
        "type": "Point",
        "coordinates": [
          32.5977272,
          25.7434796
        ]
      },
      "id": "way/1239218302"
    },
    {
      "type": "Feature",
      "properties": {
        "@id": "way/1239429414",
        "barrier": "wall",
        "historic": "tomb",
        "level": "-1",
        "tunnel": "yes",
        "wikidata": "Q1051476",
        "@geometry": "center"
      },
      "geometry": {
        "type": "Point",
        "coordinates": [
          32.6014069,
          25.7411416
        ]
      },
      "id": "way/1239429414"
    },
    {
      "type": "Feature",
      "properties": {
        "@id": "way/1239429415",
        "barrier": "wall",
        "historic": "tomb",
        "level": "-1",
        "tunnel": "yes",
        "wikidata": "Q2706226",
        "@geometry": "center"
      },
      "geometry": {
        "type": "Point",
        "coordinates": [
          32.591747,
          25.7416778
        ]
      },
      "id": "way/1239429415"
    },
    {
      "type": "Feature",
      "properties": {
        "@id": "way/1239429417",
        "barrier": "wall",
        "historic": "tomb",
        "level": "-1",
        "tunnel": "yes",
        "wikidata": "Q200653",
        "@geometry": "center"
      },
      "geometry": {
        "type": "Point",
        "coordinates": [
          32.5926511,
          25.7412842
        ]
      },
      "id": "way/1239429417"
    },
    {
      "type": "Feature",
      "properties": {
        "@id": "way/1239429418",
        "barrier": "wall",
        "historic": "tomb",
        "level": "-1",
        "tunnel": "yes",
        "wikidata": "Q2300538",
        "@geometry": "center"
      },
      "geometry": {
        "type": "Point",
        "coordinates": [
          32.5927891,
          25.7412068
        ]
      },
      "id": "way/1239429418"
    },
    {
      "type": "Feature",
      "properties": {
        "@id": "way/1239437450",
        "barrier": "wall",
        "historic": "tomb",
        "level": "-1",
        "tunnel": "yes",
        "wikidata": "Q1597218",
        "@geometry": "center"
      },
      "geometry": {
        "type": "Point",
        "coordinates": [
          32.6000183,
          25.7363815
        ]
      },
      "id": "way/1239437450"
    },
    {
      "type": "Feature",
      "properties": {
        "@id": "way/1239469210",
        "building": "yes",
        "entrance": "yes",
        "historic": "tomb",
        "name": "QV80",
        "wikidata": "Q19298829",
        "wikipedia": "en:QV80",
        "@geometry": "center"
      },
      "geometry": {
        "type": "Point",
        "coordinates": [
          32.5925683,
          25.7279769
        ]
      },
      "id": "way/1239469210"
    },
    {
      "type": "Feature",
      "properties": {
        "@id": "way/1239469211",
        "barrier": "wall",
        "cemetery": "grave",
        "historic": "tomb",
        "level": "-1",
        "name": "QV80",
        "name:en": "Quenn tuy tomb",
        "name:fr": "QV80 Tombe de Nefertari-Merymut",
        "tunnel": "yes",
        "website": "https://thebanmappingproject.com/tombs/qv-80-queen-tuy",
        "wikidata": "Q19298829",
        "wikipedia": "en:QV80",
        "@geometry": "center"
      },
      "geometry": {
        "type": "Point",
        "coordinates": [
          32.59252,
          25.7281147
        ]
      },
      "id": "way/1239469211"
    },
    {
      "type": "Feature",
      "properties": {
        "@id": "way/1239469212",
        "barrier": "wall",
        "cemetery": "grave",
        "historic": "tomb",
        "level": "-1",
        "name": "QV66",
        "name:en": "Nefertari-Merymut tomb",
        "name:fr": "Tombe de Nefertari-Merymut",
        "name:pl": "Grobowiec Nefertari",
        "ref": "QV66",
        "stars": "7",
        "tunnel": "yes",
        "website": "https://thebanmappingproject.com/tombs/qv-66-queen-nefertari-merymut",
        "wikidata": "Q926366",
        "wikipedia": "en:Tomb of Nefertari",
        "@geometry": "center"
      },
      "geometry": {
        "type": "Point",
        "coordinates": [
          32.5927217,
          25.7280961
        ]
      },
      "id": "way/1239469212"
    },
    {
      "type": "Feature",
      "properties": {
        "@id": "way/1239469213",
        "building": "yes",
        "entrance": "yes",
        "historic": "tomb",
        "name": "QV66",
        "wikidata": "Q926366",
        "wikimedia_commons": "Category:Tomb of Nefertari",
        "wikipedia": "en:Tomb of Nefertari",
        "@geometry": "center"
      },
      "geometry": {
        "type": "Point",
        "coordinates": [
          32.5927443,
          25.7279447
        ]
      },
      "id": "way/1239469213"
    },
    {
      "type": "Feature",
      "properties": {
        "@id": "way/1239967297",
        "building": "yes",
        "entrance": "yes",
        "historic": "tomb",
        "name": "QV75",
        "wikidata": "Q3412376",
        "wikipedia": "en:QV75",
        "@geometry": "center"
      },
      "geometry": {
        "type": "Point",
        "coordinates": [
          32.5934922,
          25.7279352
        ]
      },
      "id": "way/1239967297"
    },
    {
      "type": "Feature",
      "properties": {
        "@id": "way/1239967303",
        "barrier": "wall",
        "cemetery": "grave",
        "historic": "tomb",
        "level": "-1",
        "name": "QV75",
        "name:en": "Henutmire Queen tomb",
        "name:fr": "QV75 Tombe de la reine Henutmire",
        "tunnel": "yes",
        "website": "https://thebanmappingproject.com/tombs/qv-75-queen-henutmire",
        "wikidata": "Q3412376",
        "wikipedia": "en:QV75",
        "@geometry": "center"
      },
      "geometry": {
        "type": "Point",
        "coordinates": [
          32.5935078,
          25.728024
        ]
      },
      "id": "way/1239967303"
    },
    {
      "type": "Feature",
      "properties": {
        "@id": "way/1239967307",
        "barrier": "wall",
        "cemetery": "grave",
        "historic": "tomb",
        "level": "-1",
        "name": "QV74",
        "name:en": "Anonymus princess and Duatentipet Queen tomb",
        "name:fr": "QV74 Tombe de la reine Duatentipet et d'une princess anonyme",
        "tunnel": "yes",
        "website": "https://thebanmappingproject.com/tombs/qv-74-anonymous-princess-queen-duatentipet",
        "wikidata": "Q48515036",
        "@geometry": "center"
      },
      "geometry": {
        "type": "Point",
        "coordinates": [
          32.5933883,
          25.7280431
        ]
      },
      "id": "way/1239967307"
    },
    {
      "type": "Feature",
      "properties": {
        "@id": "way/1239967308",
        "building": "yes",
        "entrance": "yes",
        "historic": "tomb",
        "name": "QV73",
        "wikidata": "Q47538653",
        "@geometry": "center"
      },
      "geometry": {
        "type": "Point",
        "coordinates": [
          32.5933851,
          25.7279622
        ]
      },
      "id": "way/1239967308"
    },
    {
      "type": "Feature",
      "properties": {
        "@id": "way/1239967309",
        "barrier": "wall",
        "cemetery": "grave",
        "historic": "tomb",
        "level": "-1",
        "name": "QV73",
        "name:en": "Queen Henuttauy tomb",
        "name:fr": "QV73 Tombe de la reine Henuttauy",
        "tunnel": "yes",
        "website": "https://thebanmappingproject.com/tombs/qv-73-princess-henuttauy",
        "wikidata": "Q47538653",
        "@geometry": "center"
      },
      "geometry": {
        "type": "Point",
        "coordinates": [
          32.5932816,
          25.7279962
        ]
      },
      "id": "way/1239967309"
    },
    {
      "type": "Feature",
      "properties": {
        "@id": "way/1239967310",
        "building": "yes",
        "entrance": "yes",
        "historic": "tomb",
        "name": "QV73",
        "wikidata": "Q47538653",
        "@geometry": "center"
      },
      "geometry": {
        "type": "Point",
        "coordinates": [
          32.5932591,
          25.7279654
        ]
      },
      "id": "way/1239967310"
    },
    {
      "type": "Feature",
      "properties": {
        "@id": "way/1239967311",
        "building": "yes",
        "entrance": "yes",
        "historic": "tomb",
        "name": "QV71",
        "wikidata": "Q18286359",
        "wikipedia": "ar:مقبرة 71",
        "@geometry": "center"
      },
      "geometry": {
        "type": "Point",
        "coordinates": [
          32.5931302,
          25.7279689
        ]
      },
      "id": "way/1239967311"
    },
    {
      "type": "Feature",
      "properties": {
        "@id": "way/1239967315",
        "barrier": "wall",
        "cemetery": "grave",
        "historic": "tomb",
        "level": "-1",
        "name": "QV71",
        "name:en": "Queen Bentanat tomb",
        "name:fr": "QV71 Tombe de la reine Bentanat",
        "tunnel": "yes",
        "website": "https://thebanmappingproject.com/tombs/qv-71-queen-bentanat",
        "wikidata": "Q18286359",
        "wikipedia": "en:QV71",
        "@geometry": "center"
      },
      "geometry": {
        "type": "Point",
        "coordinates": [
          32.5931154,
          25.7280208
        ]
      },
      "id": "way/1239967315"
    },
    {
      "type": "Feature",
      "properties": {
        "@id": "way/1239967316",
        "barrier": "wall",
        "cemetery": "grave",
        "historic": "tomb",
        "level": "-1",
        "name": "QV68",
        "name:en": "Queen Merytamen tomb",
        "name:fr": "QV68 Tombe de la reine Merytamen",
        "tunnel": "yes",
        "website": "https://thebanmappingproject.com/tombs/qv-68-queen-merytamen",
        "wikidata": "Q20716016",
        "wikipedia": "en:QV68",
        "@geometry": "center"
      },
      "geometry": {
        "type": "Point",
        "coordinates": [
          32.592947,
          25.7280305
        ]
      },
      "id": "way/1239967316"
    },
    {
      "type": "Feature",
      "properties": {
        "@id": "way/1239967317",
        "building": "yes",
        "entrance": "yes",
        "historic": "tomb",
        "name": "QV68",
        "wikidata": "Q20716016",
        "wikimedia_commons": "Category:QV68",
        "wikipedia": "ar:مقبرة ميريت آمون",
        "@geometry": "center"
      },
      "geometry": {
        "type": "Point",
        "coordinates": [
          32.5929426,
          25.7279736
        ]
      },
      "id": "way/1239967317"
    },
    {
      "type": "Feature",
      "properties": {
        "@id": "way/1240260793",
        "barrier": "wall",
        "cemetery": "grave",
        "historic": "tomb",
        "level": "-1",
        "name": "QV17",
        "name:en": "Princess Merytra (I) and princess Urmerutes tomb",
        "name:fr": "QV17 Tombe des princesses Merytra (I) et Urmerutes",
        "tunnel": "yes",
        "website": "https://thebanmappingproject.com/tombs/qv-17-princess-merytra-i-princess-urmerutes",
        "wikidata": "Q124713596",
        "@geometry": "center"
      },
      "geometry": {
        "type": "Point",
        "coordinates": [
          32.5934697,
          25.7275887
        ]
      },
      "id": "way/1240260793"
    },
    {
      "type": "Feature",
      "properties": {
        "@id": "way/1240260794",
        "building": "yes",
        "entrance": "yes",
        "historic": "tomb",
        "name": "QV17",
        "wikidata": "Q124713596",
        "@geometry": "center"
      },
      "geometry": {
        "type": "Point",
        "coordinates": [
          32.5934929,
          25.7275387
        ]
      },
      "id": "way/1240260794"
    },
    {
      "type": "Feature",
      "properties": {
        "@id": "way/1240260795",
        "barrier": "wall",
        "cemetery": "grave",
        "historic": "tomb",
        "level": "-1",
        "name": "QV14",
        "name:en": "Anonymus Tomb",
        "name:fr": "QV14 Tombe anonyme",
        "tunnel": "yes",
        "wikidata": "Q124713593",
        "@geometry": "center"
      },
      "geometry": {
        "type": "Point",
        "coordinates": [
          32.5935273,
          25.7275848
        ]
      },
      "id": "way/1240260795"
    },
    {
      "type": "Feature",
      "properties": {
        "@id": "way/1240260796",
        "building": "yes",
        "entrance": "yes",
        "historic": "tomb",
        "name": "QV14",
        "wikidata": "Q124713593",
        "@geometry": "center"
      },
      "geometry": {
        "type": "Point",
        "coordinates": [
          32.5935568,
          25.7275749
        ]
      },
      "id": "way/1240260796"
    },
    {
      "type": "Feature",
      "properties": {
        "@id": "way/1240260797",
        "barrier": "wall",
        "cemetery": "grave",
        "historic": "tomb",
        "level": "-1",
        "name": "QV12",
        "name:en": "Anonymus Tomb",
        "name:fr": "QV12 Tombe anonyme",
        "tunnel": "yes",
        "wikidata": "Q124713591",
        "@geometry": "center"
      },
      "geometry": {
        "type": "Point",
        "coordinates": [
          32.5935395,
          25.7276473
        ]
      },
      "id": "way/1240260797"
    },
    {
      "type": "Feature",
      "properties": {
        "@id": "way/1240260798",
        "building": "yes",
        "entrance": "yes",
        "historic": "tomb",
        "name": "QV12",
        "wikidata": "Q124713591",
        "@geometry": "center"
      },
      "geometry": {
        "type": "Point",
        "coordinates": [
          32.5935222,
          25.7276796
        ]
      },
      "id": "way/1240260798"
    },
    {
      "type": "Feature",
      "properties": {
        "@id": "way/1240260799",
        "barrier": "wall",
        "cemetery": "grave",
        "historic": "tomb",
        "level": "-1",
        "name": "QV11",
        "name:en": "Anonymus Tomb",
        "name:fr": "QV11 Tombe anonyme",
        "tunnel": "yes",
        "wikidata": "Q124713590",
        "@geometry": "center"
      },
      "geometry": {
        "type": "Point",
        "coordinates": [
          32.5935906,
          25.7276329
        ]
      },
      "id": "way/1240260799"
    },
    {
      "type": "Feature",
      "properties": {
        "@id": "way/1240260800",
        "building": "yes",
        "entrance": "yes",
        "historic": "tomb",
        "name": "QV11",
        "wikidata": "Q124713590",
        "@geometry": "center"
      },
      "geometry": {
        "type": "Point",
        "coordinates": [
          32.5935854,
          25.7276916
        ]
      },
      "id": "way/1240260800"
    },
    {
      "type": "Feature",
      "properties": {
        "@id": "way/1240260803",
        "barrier": "wall",
        "cemetery": "grave",
        "historic": "tomb",
        "level": "-1",
        "name": "QV88",
        "name:en": "Prince Hamose Tomb",
        "name:fr": "QV88 Tombe du prince Hamose",
        "tunnel": "yes",
        "wikidata": "Q47518960",
        "@geometry": "center"
      },
      "geometry": {
        "type": "Point",
        "coordinates": [
          32.5938455,
          25.7270312
        ]
      },
      "id": "way/1240260803"
    },
    {
      "type": "Feature",
      "properties": {
        "@id": "way/1240260804",
        "building": "yes",
        "entrance": "yes",
        "historic": "tomb",
        "name": "QV88",
        "wikidata": "Q47518960",
        "@geometry": "center"
      },
      "geometry": {
        "type": "Point",
        "coordinates": [
          32.59383,
          25.7270708
        ]
      },
      "id": "way/1240260804"
    },
    {
      "type": "Feature",
      "properties": {
        "@id": "way/1240260805",
        "barrier": "wall",
        "cemetery": "grave",
        "historic": "tomb",
        "level": "-1",
        "name": "QV16",
        "name:en": "Anonymus Tomb",
        "name:fr": "QV16 Tombe anonyme",
        "tunnel": "yes",
        "wikidata": "Q124713595",
        "@geometry": "center"
      },
      "geometry": {
        "type": "Point",
        "coordinates": [
          32.5936213,
          25.727424
        ]
      },
      "id": "way/1240260805"
    },
    {
      "type": "Feature",
      "properties": {
        "@id": "way/1240260806",
        "building": "yes",
        "entrance": "yes",
        "historic": "tomb",
        "name": "QV16",
        "wikidata": "Q124713595",
        "@geometry": "center"
      },
      "geometry": {
        "type": "Point",
        "coordinates": [
          32.5935849,
          25.7274695
        ]
      },
      "id": "way/1240260806"
    },
    {
      "type": "Feature",
      "properties": {
        "@id": "way/1240260807",
        "barrier": "wall",
        "cemetery": "grave",
        "historic": "tomb",
        "level": "-1",
        "name": "QV15",
        "name:en": "Anonymus Tomb",
        "name:fr": "QV15 Tombe anonyme",
        "tunnel": "yes",
        "wikidata": "Q124713594",
        "@geometry": "center"
      },
      "geometry": {
        "type": "Point",
        "coordinates": [
          32.593716,
          25.7274425
        ]
      },
      "id": "way/1240260807"
    },
    {
      "type": "Feature",
      "properties": {
        "@id": "way/1240260808",
        "building": "yes",
        "entrance": "yes",
        "historic": "tomb",
        "name": "QV15",
        "wikidata": "Q124713594",
        "@geometry": "center"
      },
      "geometry": {
        "type": "Point",
        "coordinates": [
          32.5936661,
          25.7274923
        ]
      },
      "id": "way/1240260808"
    },
    {
      "type": "Feature",
      "properties": {
        "@id": "way/1240260809",
        "barrier": "wall",
        "cemetery": "grave",
        "historic": "tomb",
        "level": "-1",
        "name": "QV13",
        "name:en": "Anonymus Tomb",
        "name:fr": "QV13 Tombe anonyme",
        "tunnel": "yes",
        "wikidata": "Q124713592",
        "@geometry": "center"
      },
      "geometry": {
        "type": "Point",
        "coordinates": [
          32.5936978,
          25.7275324
        ]
      },
      "id": "way/1240260809"
    },
    {
      "type": "Feature",
      "properties": {
        "@id": "way/1240260810",
        "building": "yes",
        "entrance": "yes",
        "historic": "tomb",
        "name": "QV13",
        "wikidata": "Q124713592",
        "@geometry": "center"
      },
      "geometry": {
        "type": "Point",
        "coordinates": [
          32.5936825,
          25.7275677
        ]
      },
      "id": "way/1240260810"
    },
    {
      "type": "Feature",
      "properties": {
        "@id": "way/1240260811",
        "barrier": "wall",
        "cemetery": "grave",
        "historic": "tomb",
        "level": "-1",
        "name": "QV10",
        "name:en": "Anonymus Tomb",
        "name:fr": "QV10 Tombe anonyme",
        "tunnel": "yes",
        "wikidata": "Q124713589",
        "@geometry": "center"
      },
      "geometry": {
        "type": "Point",
        "coordinates": [
          32.5936753,
          25.7276643
        ]
      },
      "id": "way/1240260811"
    },
    {
      "type": "Feature",
      "properties": {
        "@id": "way/1240260812",
        "barrier": "wall",
        "cemetery": "grave",
        "historic": "tomb",
        "level": "-1",
        "name": "QV9",
        "name:en": "Anonymus Tomb",
        "name:fr": "QV9 Tombe anonyme",
        "tunnel": "yes",
        "wikidata": "Q124713588",
        "@geometry": "center"
      },
      "geometry": {
        "type": "Point",
        "coordinates": [
          32.5937265,
          25.7276754
        ]
      },
      "id": "way/1240260812"
    },
    {
      "type": "Feature",
      "properties": {
        "@id": "way/1240260813",
        "barrier": "wall",
        "cemetery": "grave",
        "historic": "tomb",
        "level": "-1",
        "name": "QV8",
        "name:en": "Anonymus Tomb",
        "name:fr": "QV8 Tombe anonyme",
        "tunnel": "yes",
        "wikidata": "Q124713586",
        "@geometry": "center"
      },
      "geometry": {
        "type": "Point",
        "coordinates": [
          32.5937888,
          25.7277025
        ]
      },
      "id": "way/1240260813"
    },
    {
      "type": "Feature",
      "properties": {
        "@id": "way/1240260814",
        "barrier": "wall",
        "cemetery": "grave",
        "historic": "tomb",
        "level": "-1",
        "name": "QV7",
        "name:en": "Anonymus Tomb",
        "name:fr": "QV7 Tombe anonyme",
        "tunnel": "yes",
        "wikidata": "Q124713585",
        "@geometry": "center"
      },
      "geometry": {
        "type": "Point",
        "coordinates": [
          32.5938354,
          25.7277173
        ]
      },
      "id": "way/1240260814"
    },
    {
      "type": "Feature",
      "properties": {
        "@id": "way/1240260815",
        "building": "yes",
        "entrance": "yes",
        "historic": "tomb",
        "name": "QV10",
        "wikidata": "Q124713589",
        "@geometry": "center"
      },
      "geometry": {
        "type": "Point",
        "coordinates": [
          32.5936622,
          25.7276961
        ]
      },
      "id": "way/1240260815"
    },
    {
      "type": "Feature",
      "properties": {
        "@id": "way/1240260816",
        "building": "yes",
        "entrance": "yes",
        "historic": "tomb",
        "name": "QV9",
        "wikidata": "Q124713588",
        "@geometry": "center"
      },
      "geometry": {
        "type": "Point",
        "coordinates": [
          32.5937239,
          25.7277055
        ]
      },
      "id": "way/1240260816"
    },
    {
      "type": "Feature",
      "properties": {
        "@id": "way/1240260817",
        "building": "yes",
        "entrance": "yes",
        "historic": "tomb",
        "name": "QV8",
        "wikidata": "Q124713586",
        "@geometry": "center"
      },
      "geometry": {
        "type": "Point",
        "coordinates": [
          32.5937727,
          25.7277352
        ]
      },
      "id": "way/1240260817"
    },
    {
      "type": "Feature",
      "properties": {
        "@id": "way/1240260818",
        "building": "yes",
        "entrance": "yes",
        "historic": "tomb",
        "name": "QV7",
        "wikidata": "Q124713585",
        "@geometry": "center"
      },
      "geometry": {
        "type": "Point",
        "coordinates": [
          32.5938412,
          25.7277487
        ]
      },
      "id": "way/1240260818"
    },
    {
      "type": "Feature",
      "properties": {
        "@id": "way/1240260819",
        "building": "yes",
        "entrance": "yes",
        "historic": "tomb",
        "name": "QV6",
        "name:en": "Anoniymus tomb",
        "name:fr": "KV6 Tombe anonyme",
        "wikidata": "Q124713584",
        "@geometry": "center"
      },
      "geometry": {
        "type": "Point",
        "coordinates": [
          32.593929,
          25.7277221
        ]
      },
      "id": "way/1240260819"
    },
    {
      "type": "Feature",
      "properties": {
        "@id": "way/1240260820",
        "building": "yes",
        "entrance": "yes",
        "historic": "tomb",
        "name": "QV5",
        "name:en": "Anoniymus tomb",
        "name:fr": "KV5 Tombe anonyme",
        "wikidata": "Q124713578",
        "@geometry": "center"
      },
      "geometry": {
        "type": "Point",
        "coordinates": [
          32.5939679,
          25.7277578
        ]
      },
      "id": "way/1240260820"
    },
    {
      "type": "Feature",
      "properties": {
        "@id": "way/1240260822",
        "building": "yes",
        "entrance": "yes",
        "historic": "tomb",
        "name": "QV4",
        "wikidata": "Q124713576",
        "@geometry": "center"
      },
      "geometry": {
        "type": "Point",
        "coordinates": [
          32.5939559,
          25.7278169
        ]
      },
      "id": "way/1240260822"
    },
    {
      "type": "Feature",
      "properties": {
        "@id": "way/1240260823",
        "barrier": "wall",
        "cemetery": "grave",
        "historic": "tomb",
        "level": "-1",
        "name": "QV4",
        "name:en": "Anonymus Tomb",
        "name:fr": "QV4 Tombe anonyme",
        "tunnel": "yes",
        "wikidata": "Q124713576",
        "@geometry": "center"
      },
      "geometry": {
        "type": "Point",
        "coordinates": [
          32.5939515,
          25.7278108
        ]
      },
      "id": "way/1240260823"
    },
    {
      "type": "Feature",
      "properties": {
        "@id": "way/1240260824",
        "barrier": "wall",
        "cemetery": "grave",
        "historic": "tomb",
        "level": "-1",
        "name": "QV3",
        "name:en": "Anonymus Tomb",
        "name:fr": "QV3 Tombe anonyme",
        "tunnel": "yes",
        "wikidata": "Q124713575",
        "@geometry": "center"
      },
      "geometry": {
        "type": "Point",
        "coordinates": [
          32.5940195,
          25.7277648
        ]
      },
      "id": "way/1240260824"
    },
    {
      "type": "Feature",
      "properties": {
        "@id": "way/1240260825",
        "barrier": "wall",
        "cemetery": "grave",
        "historic": "tomb",
        "level": "-1",
        "name": "QV2",
        "name:en": "Anonymus Tomb",
        "name:fr": "QV2 Tombe anonyme",
        "tunnel": "yes",
        "wikidata": "Q124713574",
        "@geometry": "center"
      },
      "geometry": {
        "type": "Point",
        "coordinates": [
          32.5941353,
          25.7277964
        ]
      },
      "id": "way/1240260825"
    },
    {
      "type": "Feature",
      "properties": {
        "@id": "way/1240260826",
        "barrier": "wall",
        "cemetery": "grave",
        "historic": "tomb",
        "level": "-1",
        "name": "QV1",
        "name:en": "Coptic hermitage",
        "name:fr": "QV1 Hermitage copte",
        "tunnel": "yes",
        "wikidata": "Q124713572",
        "@geometry": "center"
      },
      "geometry": {
        "type": "Point",
        "coordinates": [
          32.5945445,
          25.7276138
        ]
      },
      "id": "way/1240260826"
    },
    {
      "type": "Feature",
      "properties": {
        "@id": "way/1240260879",
        "barrier": "wall",
        "cemetery": "grave",
        "historic": "tomb",
        "level": "-2",
        "name": "QV60",
        "name:en": "Nebettauy tomb",
        "name:fr": "QV60 Tombe de Nebettauy",
        "tunnel": "yes",
        "website": "https://thebanmappingproject.com/tombs/qv-60-queen-nebettauy",
        "wikidata": "Q20716009",
        "wikipedia": "en:QV60",
        "@geometry": "center"
      },
      "geometry": {
        "type": "Point",
        "coordinates": [
          32.5926263,
          25.7277916
        ]
      },
      "id": "way/1240260879"
    },
    {
      "type": "Feature",
      "properties": {
        "@id": "way/1240260880",
        "building": "yes",
        "entrance": "yes",
        "historic": "tomb",
        "name": "QV60",
        "wikidata": "Q20716009",
        "wikipedia": "ar:مقبرة 60 (وادي الملكات)",
        "@geometry": "center"
      },
      "geometry": {
        "type": "Point",
        "coordinates": [
          32.5926295,
          25.7276992
        ]
      },
      "id": "way/1240260880"
    },
    {
      "type": "Feature",
      "properties": {
        "@id": "way/1240260881",
        "building": "yes",
        "entrance": "yes",
        "historic": "tomb",
        "name": "KV62",
        "wikidata": "Q835309",
        "wikimedia_commons": "Category:KV62",
        "wikipedia": "en:Tomb of Tutankhamun",
        "@geometry": "center"
      },
      "geometry": {
        "type": "Point",
        "coordinates": [
          32.592729,
          25.7277015
        ]
      },
      "id": "way/1240260881"
    },
    {
      "type": "Feature",
      "properties": {
        "@id": "way/1240459640",
        "barrier": "wall",
        "landuse": "religious",
        "name": "المعبد اليهودى",
        "name:ar": "المعبد اليهودى",
        "name:de": "Ben-Ezra Synagoge",
        "name:en": "Ben Ezra Synagogue",
        "name:es": "Sinagoga de Ben Ezra",
        "name:fa": "کنیسه بن عزرا",
        "name:ml": "ബെൻ എസ്ര ജൂതപ്പള്ളി",
        "name:pt": "Sinagoga Ben Ezra",
        "religion": "jewish",
        "tourism": "attraction",
        "wikidata": "Q2474653",
        "wikimedia_commons": "Category:Ben Ezra Synagogue",
        "wikipedia": "en:Ben Ezra Synagogue",
        "@geometry": "center"
      },
      "geometry": {
        "type": "Point",
        "coordinates": [
          31.2310536,
          30.005803
        ]
      },
      "id": "way/1240459640"
    },
    {
      "type": "Feature",
      "properties": {
        "@id": "way/1240551397",
        "barrier": "wall",
        "cemetery": "grave",
        "historic": "tomb",
        "level": "-1",
        "name": "QV41",
        "name:en": "Anonymus tomb",
        "name:fr": "QV41 Tombe anonyme",
        "tomb": "rock-cut",
        "tunnel": "yes",
        "wikidata": "Q124713669",
        "@geometry": "center"
      },
      "geometry": {
        "type": "Point",
        "coordinates": [
          32.5925436,
          25.7267438
        ]
      },
      "id": "way/1240551397"
    },
    {
      "type": "Feature",
      "properties": {
        "@id": "way/1240551400",
        "building": "yes",
        "entrance": "yes",
        "historic": "tomb",
        "name": "QV40",
        "wikidata": "Q47513974",
        "wikimedia_commons": "Category:Tomb of unnamed queen QV40",
        "@geometry": "center"
      },
      "geometry": {
        "type": "Point",
        "coordinates": [
          32.5924715,
          25.7268649
        ]
      },
      "id": "way/1240551400"
    },
    {
      "type": "Feature",
      "properties": {
        "@id": "way/1240551401",
        "barrier": "wall",
        "cemetery": "grave",
        "historic": "tomb",
        "level": "-2",
        "name": "QV40",
        "name:en": "Anonymus queen tomb",
        "name:fr": "QV40 Tombe d'une reine anonyme",
        "tunnel": "yes",
        "wikidata": "Q47513974",
        "@geometry": "center"
      },
      "geometry": {
        "type": "Point",
        "coordinates": [
          32.5925144,
          25.7268667
        ]
      },
      "id": "way/1240551401"
    },
    {
      "type": "Feature",
      "properties": {
        "@id": "way/1240551402",
        "building": "yes",
        "entrance": "yes",
        "historic": "tomb",
        "name": "QV40",
        "wikidata": "Q47513974",
        "wikimedia_commons": "Category:Tomb of unnamed queen QV40",
        "@geometry": "center"
      },
      "geometry": {
        "type": "Point",
        "coordinates": [
          32.5925144,
          25.7269308
        ]
      },
      "id": "way/1240551402"
    },
    {
      "type": "Feature",
      "properties": {
        "@id": "way/1240551403",
        "building": "yes",
        "entrance": "yes",
        "historic": "tomb",
        "name": "QV38",
        "wikidata": "Q9065064",
        "wikimedia_commons": "Category:Tomb of Sitre QV38",
        "@geometry": "center"
      },
      "geometry": {
        "type": "Point",
        "coordinates": [
          32.5926008,
          25.7269877
        ]
      },
      "id": "way/1240551403"
    },
    {
      "type": "Feature",
      "properties": {
        "@id": "way/1240551404",
        "barrier": "wall",
        "cemetery": "grave",
        "historic": "tomb",
        "level": "-1",
        "name": "QV38",
        "name:en": "Queen Satra tomb",
        "name:fr": "QV38 Tombe de la reine Satra",
        "tunnel": "yes",
        "website": "https://thebanmappingproject.com/tombs/qv-38-queen-satra",
        "wikidata": "Q9065064",
        "@geometry": "center"
      },
      "geometry": {
        "type": "Point",
        "coordinates": [
          32.592643,
          25.7269208
        ]
      },
      "id": "way/1240551404"
    },
    {
      "type": "Feature",
      "properties": {
        "@id": "way/1240551405",
        "building": "yes",
        "entrance": "yes",
        "historic": "tomb",
        "name": "QV39",
        "name:en": "Anonymus tomb",
        "name:fr": "QV39 Tombe anonyme",
        "wikidata": "Q124713667",
        "@geometry": "center"
      },
      "geometry": {
        "type": "Point",
        "coordinates": [
          32.5925594,
          25.7269567
        ]
      },
      "id": "way/1240551405"
    },
    {
      "type": "Feature",
      "properties": {
        "@id": "way/1240551407",
        "barrier": "wall",
        "cemetery": "grave",
        "historic": "tomb",
        "level": "-1",
        "name": "QV37",
        "name:en": "Anonymus Tomb",
        "name:fr": "QV37 Tombe anonyme",
        "tunnel": "yes",
        "wikidata": "Q124713665",
        "@geometry": "center"
      },
      "geometry": {
        "type": "Point",
        "coordinates": [
          32.5927044,
          25.7269614
        ]
      },
      "id": "way/1240551407"
    },
    {
      "type": "Feature",
      "properties": {
        "@id": "way/1240551408",
        "building": "yes",
        "entrance": "yes",
        "historic": "tomb",
        "name": "QV37",
        "wikidata": "Q124713665",
        "wikimedia_commons": "Category:Tomb QV37",
        "@geometry": "center"
      },
      "geometry": {
        "type": "Point",
        "coordinates": [
          32.5926919,
          25.7269709
        ]
      },
      "id": "way/1240551408"
    },
    {
      "type": "Feature",
      "properties": {
        "@id": "way/1240551409",
        "building": "yes",
        "entrance": "yes",
        "historic": "tomb",
        "name": "QV35",
        "name:en": "Anonymus tomb",
        "name:fr": "QV35 Tombe anonyme",
        "wikidata": "Q124713664",
        "@geometry": "center"
      },
      "geometry": {
        "type": "Point",
        "coordinates": [
          32.5927698,
          25.7270001
        ]
      },
      "id": "way/1240551409"
    },
    {
      "type": "Feature",
      "properties": {
        "@id": "way/1240551410",
        "barrier": "wall",
        "cemetery": "grave",
        "historic": "tomb",
        "level": "-1",
        "name": "QV36",
        "name:en": "Princess Anonymus tomb",
        "name:fr": "QV36 Tombe d'une princesse Anonyme",
        "tunnel": "yes",
        "wikidata": "Q48603143",
        "@geometry": "center"
      },
      "geometry": {
        "type": "Point",
        "coordinates": [
          32.5927061,
          25.7270195
        ]
      },
      "id": "way/1240551410"
    },
    {
      "type": "Feature",
      "properties": {
        "@id": "way/1240551411",
        "building": "yes",
        "entrance": "yes",
        "historic": "tomb",
        "name": "QV36",
        "wikidata": "Q48603143",
        "wikimedia_commons": "Category:Tomb of unnamed princess QV36",
        "@geometry": "center"
      },
      "geometry": {
        "type": "Point",
        "coordinates": [
          32.592659,
          25.7270602
        ]
      },
      "id": "way/1240551411"
    },
    {
      "type": "Feature",
      "properties": {
        "@id": "way/1240551412",
        "building": "yes",
        "entrance": "yes",
        "historic": "tomb",
        "name": "QV34",
        "wikidata": "Q124713661",
        "@geometry": "center"
      },
      "geometry": {
        "type": "Point",
        "coordinates": [
          32.5927102,
          25.7270919
        ]
      },
      "id": "way/1240551412"
    },
    {
      "type": "Feature",
      "properties": {
        "@id": "way/1240551413",
        "barrier": "wall",
        "cemetery": "grave",
        "historic": "tomb",
        "level": "-1",
        "name": "QV34",
        "name:en": "Princess Anonymus or Queen tomb",
        "name:fr": "QV34 Tombe d'une princesse Anonyme ou reine",
        "tunnel": "yes",
        "wikidata": "Q124713661",
        "@geometry": "center"
      },
      "geometry": {
        "type": "Point",
        "coordinates": [
          32.5927447,
          25.7270553
        ]
      },
      "id": "way/1240551413"
    },
    {
      "type": "Feature",
      "properties": {
        "@id": "way/1240551415",
        "barrier": "wall",
        "cemetery": "grave",
        "historic": "tomb",
        "level": "-2",
        "name": "QV33",
        "name:en": "Queen Tanedjemy tomb",
        "name:fr": "QV33 Tombe de la reine Tanedjemy",
        "tunnel": "yes",
        "website": "https://thebanmappingproject.com/tombs/qv-33-queen-tanedjemy",
        "wikidata": "Q124713660",
        "@geometry": "center"
      },
      "geometry": {
        "type": "Point",
        "coordinates": [
          32.5928935,
          25.7270484
        ]
      },
      "id": "way/1240551415"
    },
    {
      "type": "Feature",
      "properties": {
        "@id": "way/1240551416",
        "building": "yes",
        "entrance": "yes",
        "historic": "tomb",
        "name": "QV33",
        "wikidata": "Q124713660",
        "wikipedia": "en:QV33",
        "@geometry": "center"
      },
      "geometry": {
        "type": "Point",
        "coordinates": [
          32.5928627,
          25.7270884
        ]
      },
      "id": "way/1240551416"
    },
    {
      "type": "Feature",
      "properties": {
        "@id": "way/1240551417",
        "barrier": "wall",
        "cemetery": "grave",
        "historic": "tomb",
        "level": "-1",
        "name": "QV32",
        "name:en": "Anonymus Tomb",
        "name:fr": "QV32 Tombe anonyme",
        "tunnel": "yes",
        "wikidata": "Q124713659",
        "@geometry": "center"
      },
      "geometry": {
        "type": "Point",
        "coordinates": [
          32.5929254,
          25.7270857
        ]
      },
      "id": "way/1240551417"
    },
    {
      "type": "Feature",
      "properties": {
        "@id": "way/1240551418",
        "barrier": "wall",
        "cemetery": "grave",
        "historic": "tomb",
        "level": "-1",
        "name": "QV31",
        "name:en": "Princess Anonymus or Queen tomb",
        "name:fr": "QV31 Tombe d'une princesse Anonyme ou reine",
        "tunnel": "yes",
        "website": "https://thebanmappingproject.com/tombs/qv-31-anonymous-queen-or-princess",
        "wikidata": "Q124713658",
        "@geometry": "center"
      },
      "geometry": {
        "type": "Point",
        "coordinates": [
          32.5930087,
          25.727031
        ]
      },
      "id": "way/1240551418"
    },
    {
      "type": "Feature",
      "properties": {
        "@id": "way/1240551419",
        "building": "yes",
        "entrance": "yes",
        "historic": "tomb",
        "name": "QV31",
        "wikidata": "Q124713658",
        "@geometry": "center"
      },
      "geometry": {
        "type": "Point",
        "coordinates": [
          32.5929849,
          25.7270637
        ]
      },
      "id": "way/1240551419"
    },
    {
      "type": "Feature",
      "properties": {
        "@id": "way/1240551420",
        "building": "yes",
        "entrance": "yes",
        "historic": "tomb",
        "name": "QV32",
        "wikidata": "Q124713659",
        "@geometry": "center"
      },
      "geometry": {
        "type": "Point",
        "coordinates": [
          32.5929212,
          25.7271132
        ]
      },
      "id": "way/1240551420"
    },
    {
      "type": "Feature",
      "properties": {
        "@id": "way/1240551421",
        "building": "yes",
        "entrance": "yes",
        "historic": "tomb",
        "name": "QV46",
        "name:en": "Vizier Imhotep tomb",
        "name:fr": "QV46 Tombe du vizir Imhotep",
        "website": "https://thebanmappingproject.com/tombs/qv-46-imhotep",
        "wikidata": "Q124713580",
        "wikimedia_commons": "Category:Tomb QV46",
        "@geometry": "center"
      },
      "geometry": {
        "type": "Point",
        "coordinates": [
          32.5926808,
          25.727157
        ]
      },
      "id": "way/1240551421"
    },
    {
      "type": "Feature",
      "properties": {
        "@id": "way/1240551422",
        "barrier": "wall",
        "cemetery": "grave",
        "historic": "tomb",
        "level": "-1",
        "name": "QV47",
        "name:en": "Princess Ahmose tomb",
        "name:fr": "QV47 Tombe du la princesse Ahmose",
        "tunnel": "yes",
        "wikidata": "Q6093975",
        "@geometry": "center"
      },
      "geometry": {
        "type": "Point",
        "coordinates": [
          32.5928161,
          25.727187
        ]
      },
      "id": "way/1240551422"
    },
    {
      "type": "Feature",
      "properties": {
        "@id": "way/1240551423",
        "building": "yes",
        "entrance": "yes",
        "historic": "tomb",
        "name": "QV47",
        "wikidata": "Q6093975",
        "wikimedia_commons": "Category:Tomb QV47",
        "@geometry": "center"
      },
      "geometry": {
        "type": "Point",
        "coordinates": [
          32.5928077,
          25.727224
        ]
      },
      "id": "way/1240551423"
    },
    {
      "type": "Feature",
      "properties": {
        "@id": "way/1240551424",
        "building": "yes",
        "entrance": "yes",
        "historic": "tomb",
        "name": "QV30",
        "wikidata": "Q124713657",
        "wikimedia_commons": "Category:Tomb of Nebiri QV30",
        "@geometry": "center"
      },
      "geometry": {
        "type": "Point",
        "coordinates": [
          32.5929582,
          25.7271853
        ]
      },
      "id": "way/1240551424"
    },
    {
      "type": "Feature",
      "properties": {
        "@id": "way/1240551425",
        "barrier": "wall",
        "cemetery": "grave",
        "historic": "tomb",
        "level": "-1",
        "name": "QV30",
        "name:en": "Nebiri tomb",
        "name:fr": "QV30 Tombe du super-intendant Nebiri",
        "tunnel": "yes",
        "wikidata": "Q124713657",
        "@geometry": "center"
      },
      "geometry": {
        "type": "Point",
        "coordinates": [
          32.5929744,
          25.727153
        ]
      },
      "id": "way/1240551425"
    },
    {
      "type": "Feature",
      "properties": {
        "@id": "way/1240551426",
        "barrier": "wall",
        "cemetery": "grave",
        "historic": "tomb",
        "level": "-1",
        "name": "QV29",
        "name:en": "Anonymus Tomb",
        "name:fr": "QV29 Tombe anonyme",
        "tunnel": "yes",
        "wikidata": "Q124713656",
        "@geometry": "center"
      },
      "geometry": {
        "type": "Point",
        "coordinates": [
          32.5930606,
          25.7271353
        ]
      },
      "id": "way/1240551426"
    },
    {
      "type": "Feature",
      "properties": {
        "@id": "way/1240551428",
        "barrier": "wall",
        "cemetery": "grave",
        "historic": "tomb",
        "level": "-1",
        "name": "QV27",
        "name:en": "Anonymus Tomb",
        "name:fr": "QV27 Tombe anonyme",
        "tunnel": "yes",
        "wikidata": "Q124713618",
        "@geometry": "center"
      },
      "geometry": {
        "type": "Point",
        "coordinates": [
          32.5930058,
          25.7272221
        ]
      },
      "id": "way/1240551428"
    },
    {
      "type": "Feature",
      "properties": {
        "@id": "way/1240551429",
        "barrier": "wall",
        "cemetery": "grave",
        "historic": "tomb",
        "level": "-1",
        "name": "QV26",
        "name:en": "Anonymus Tomb",
        "name:fr": "QV26 Tombe anonyme",
        "tunnel": "yes",
        "wikidata": "Q124713617",
        "@geometry": "center"
      },
      "geometry": {
        "type": "Point",
        "coordinates": [
          32.5930646,
          25.727272
        ]
      },
      "id": "way/1240551429"
    },
    {
      "type": "Feature",
      "properties": {
        "@id": "way/1240551430",
        "barrier": "wall",
        "cemetery": "grave",
        "historic": "tomb",
        "level": "-1",
        "name": "QV25",
        "name:en": "Anonymus Tomb",
        "name:fr": "QV25 Tombe anonyme",
        "tunnel": "yes",
        "wikidata": "Q124713616",
        "@geometry": "center"
      },
      "geometry": {
        "type": "Point",
        "coordinates": [
          32.5931251,
          25.7272734
        ]
      },
      "id": "way/1240551430"
    },
    {
      "type": "Feature",
      "properties": {
        "@id": "way/1240551431",
        "barrier": "wall",
        "cemetery": "grave",
        "historic": "tomb",
        "level": "-1",
        "name": "QV24",
        "name:en": "Anonymus Tomb",
        "name:fr": "QV24 Tombe anonyme",
        "tunnel": "yes",
        "wikidata": "Q124713614",
        "@geometry": "center"
      },
      "geometry": {
        "type": "Point",
        "coordinates": [
          32.5931138,
          25.7273467
        ]
      },
      "id": "way/1240551431"
    },
    {
      "type": "Feature",
      "properties": {
        "@id": "way/1240551432",
        "barrier": "wall",
        "cemetery": "grave",
        "historic": "tomb",
        "level": "-1",
        "name": "QV28",
        "source_ref": "https://thebanmappingproject.com/sites/default/files/plans/Map-VOQ%20.pdf",
        "tunnel": "yes",
        "wikidata": "Q124713648",
        "@geometry": "center"
      },
      "geometry": {
        "type": "Point",
        "coordinates": [
          32.5932663,
          25.7272749
        ]
      },
      "id": "way/1240551432"
    },
    {
      "type": "Feature",
      "properties": {
        "@id": "way/1240551433",
        "barrier": "wall",
        "cemetery": "grave",
        "historic": "tomb",
        "level": "-1",
        "name": "QV23",
        "name:en": "Anonymus Tomb",
        "name:fr": "QV23 Tombe anonyme",
        "tunnel": "yes",
        "wikidata": "Q124713613",
        "@geometry": "center"
      },
      "geometry": {
        "type": "Point",
        "coordinates": [
          32.593236,
          25.7273225
        ]
      },
      "id": "way/1240551433"
    },
    {
      "type": "Feature",
      "properties": {
        "@id": "way/1240551435",
        "building": "yes",
        "entrance": "yes",
        "historic": "tomb",
        "name": "QV26",
        "wikidata": "Q124713617",
        "@geometry": "center"
      },
      "geometry": {
        "type": "Point",
        "coordinates": [
          32.5930492,
          25.7273185
        ]
      },
      "id": "way/1240551435"
    },
    {
      "type": "Feature",
      "properties": {
        "@id": "way/1240551436",
        "building": "yes",
        "entrance": "yes",
        "historic": "tomb",
        "name": "QV25",
        "wikidata": "Q124713616",
        "@geometry": "center"
      },
      "geometry": {
        "type": "Point",
        "coordinates": [
          32.5931083,
          25.7273077
        ]
      },
      "id": "way/1240551436"
    },
    {
      "type": "Feature",
      "properties": {
        "@id": "way/1240551437",
        "building": "yes",
        "entrance": "yes",
        "historic": "tomb",
        "name": "QV23",
        "wikidata": "Q124713613",
        "@geometry": "center"
      },
      "geometry": {
        "type": "Point",
        "coordinates": [
          32.5932305,
          25.7273907
        ]
      },
      "id": "way/1240551437"
    },
    {
      "type": "Feature",
      "properties": {
        "@id": "way/1240551438",
        "barrier": "wall",
        "cemetery": "grave",
        "historic": "tomb",
        "level": "-1",
        "name": "QV22",
        "name:en": "Anonymus Tomb",
        "name:fr": "QV22 Tombe anonyme",
        "tunnel": "yes",
        "wikidata": "Q124713610",
        "@geometry": "center"
      },
      "geometry": {
        "type": "Point",
        "coordinates": [
          32.5932665,
          25.7274612
        ]
      },
      "id": "way/1240551438"
    },
    {
      "type": "Feature",
      "properties": {
        "@id": "way/1240551439",
        "barrier": "wall",
        "cemetery": "grave",
        "historic": "tomb",
        "level": "-1",
        "name": "QV21",
        "name:en": "Anonymus Tomb",
        "name:fr": "QV21 Tombe anonyme",
        "tunnel": "yes",
        "wikidata": "Q124713601",
        "@geometry": "center"
      },
      "geometry": {
        "type": "Point",
        "coordinates": [
          32.5931711,
          25.7274722
        ]
      },
      "id": "way/1240551439"
    },
    {
      "type": "Feature",
      "properties": {
        "@id": "way/1240551440",
        "building": "yes",
        "entrance": "yes",
        "historic": "tomb",
        "name": "QV22",
        "wikidata": "Q124713610",
        "@geometry": "center"
      },
      "geometry": {
        "type": "Point",
        "coordinates": [
          32.5932277,
          25.7274941
        ]
      },
      "id": "way/1240551440"
    },
    {
      "type": "Feature",
      "properties": {
        "@id": "way/1240551441",
        "building": "yes",
        "entrance": "yes",
        "historic": "tomb",
        "name": "QV21",
        "wikidata": "Q124713601",
        "@geometry": "center"
      },
      "geometry": {
        "type": "Point",
        "coordinates": [
          32.5931851,
          25.7275135
        ]
      },
      "id": "way/1240551441"
    },
    {
      "type": "Feature",
      "properties": {
        "@id": "way/1240551442",
        "barrier": "wall",
        "cemetery": "grave",
        "historic": "tomb",
        "level": "-1",
        "name": "QV20",
        "name:en": "Anonymus Tomb",
        "name:fr": "QV20 Tombe anonyme",
        "tunnel": "yes",
        "wikidata": "Q124713600",
        "@geometry": "center"
      },
      "geometry": {
        "type": "Point",
        "coordinates": [
          32.5932888,
          25.7275973
        ]
      },
      "id": "way/1240551442"
    },
    {
      "type": "Feature",
      "properties": {
        "@id": "way/1240551443",
        "building": "yes",
        "entrance": "yes",
        "historic": "tomb",
        "name": "QV20",
        "wikidata": "Q124713600",
        "@geometry": "center"
      },
      "geometry": {
        "type": "Point",
        "coordinates": [
          32.5932253,
          25.7275665
        ]
      },
      "id": "way/1240551443"
    },
    {
      "type": "Feature",
      "properties": {
        "@id": "way/1240551444",
        "barrier": "wall",
        "cemetery": "grave",
        "historic": "tomb",
        "level": "-2",
        "name": "QV19",
        "name:en": "Anonymus Tomb",
        "name:fr": "QV19 Tombe anonyme",
        "tunnel": "yes",
        "wikidata": "Q124713598",
        "@geometry": "center"
      },
      "geometry": {
        "type": "Point",
        "coordinates": [
          32.5933148,
          25.7275601
        ]
      },
      "id": "way/1240551444"
    },
    {
      "type": "Feature",
      "properties": {
        "@id": "way/1240551445",
        "building": "yes",
        "entrance": "yes",
        "historic": "tomb",
        "name": "QV19",
        "wikidata": "Q124713598",
        "@geometry": "center"
      },
      "geometry": {
        "type": "Point",
        "coordinates": [
          32.5933209,
          25.7275103
        ]
      },
      "id": "way/1240551445"
    },
    {
      "type": "Feature",
      "properties": {
        "@id": "way/1240551447",
        "building": "yes",
        "cemetery": "grave",
        "entrance": "yes",
        "historic": "tomb",
        "name": "QV18",
        "name:fr": "QV18 Tombe anonyme",
        "source_ref": "https://thebanmappingproject.com/sites/default/files/plans/Map-VOQ%20.pdf",
        "wikidata": "Q124713597",
        "@geometry": "center"
      },
      "geometry": {
        "type": "Point",
        "coordinates": [
          32.5933947,
          25.7274919
        ]
      },
      "id": "way/1240551447"
    },
    {
      "type": "Feature",
      "properties": {
        "@id": "way/1240729445",
        "alt_name": "كنيسة القديسة مريم العذراء",
        "alt_name:de": "Hängende Kirche",
        "alt_name:en": "Saint Virgin Mary's Church",
        "barrier": "wall",
        "denomination": "coptic_orthodox",
        "historic": "church",
        "landuse": "religious",
        "name": "الكنيسة المعلقة",
        "name:ar": "الكنيسة المعلقة",
        "name:de": "Kirche der Heiligen Jungfrau Maria",
        "name:en": "Hanging Church",
        "name:es": "Iglesia Colgante",
        "name:fa": "کلیسای معلق",
        "name:ml": "വിശുദ്ധ കന്യക മറിയത്തിന്റെ പള്ളി",
        "name:pt": "Igreja Suspensa",
        "name:zh": "悬空教堂",
        "religion": "christian",
        "tourism": "attraction",
        "wikidata": "Q2422298",
        "wikimedia_commons": "Category:Hanging Church",
        "wikipedia": "en:Hanging Church",
        "@geometry": "center"
      },
      "geometry": {
        "type": "Point",
        "coordinates": [
          31.2301665,
          30.0052517
        ]
      },
      "id": "way/1240729445"
    },
    {
      "type": "Feature",
      "properties": {
        "@id": "way/1240796867",
        "barrier": "wall",
        "cemetery": "grave",
        "historic": "tomb",
        "level": "-1",
        "name": "QV52",
        "name:en": "Tomb of queen Tyti",
        "name:fr": "QV52 Tombe de la reine Tyti",
        "tunnel": "yes",
        "website": "https://thebanmappingproject.com/tombs/qv-52-queen-tyti",
        "wikidata": "Q9065069",
        "@geometry": "center"
      },
      "geometry": {
        "type": "Point",
        "coordinates": [
          32.5921762,
          25.7274258
        ]
      },
      "id": "way/1240796867"
    },
    {
      "type": "Feature",
      "properties": {
        "@id": "way/1240796868",
        "building": "yes",
        "entrance": "yes",
        "historic": "tomb",
        "name": "QV52",
        "wikidata": "Q9065069",
        "wikimedia_commons": "Category:Tomb of Tyti QV52",
        "@geometry": "center"
      },
      "geometry": {
        "type": "Point",
        "coordinates": [
          32.5922661,
          25.7274856
        ]
      },
      "id": "way/1240796868"
    },
    {
      "type": "Feature",
      "properties": {
        "@id": "way/1240796869",
        "barrier": "wall",
        "cemetery": "grave",
        "historic": "tomb",
        "level": "-1",
        "name": "QV51",
        "name:en": "Queen Isis-ta-Hemdjeret",
        "name:fr": "QV51 Tombe de la reine Isis-ta-Hemdjeret",
        "tunnel": "yes",
        "website": "https://thebanmappingproject.com/tombs/qv-51-queen-isis-ta-hemdjeret",
        "wikidata": "Q48592439",
        "@geometry": "center"
      },
      "geometry": {
        "type": "Point",
        "coordinates": [
          32.5925125,
          25.7273517
        ]
      },
      "id": "way/1240796869"
    },
    {
      "type": "Feature",
      "properties": {
        "@id": "way/1240796870",
        "building": "yes",
        "entrance": "yes",
        "historic": "tomb",
        "name": "QV51",
        "wikidata": "Q48592439",
        "wikimedia_commons": "Category:Tomb of queen Isis QV51",
        "@geometry": "center"
      },
      "geometry": {
        "type": "Point",
        "coordinates": [
          32.5924662,
          25.7274671
        ]
      },
      "id": "way/1240796870"
    },
    {
      "type": "Feature",
      "properties": {
        "@id": "way/1240796877",
        "barrier": "wall",
        "cemetery": "grave",
        "historic": "tomb",
        "level": "-1",
        "name": "QV45",
        "name:en": "Unfinished Tomb",
        "name:fr": "QV45 Tombe non terminée",
        "tunnel": "yes",
        "wikidata": "Q124713581",
        "@geometry": "center"
      },
      "geometry": {
        "type": "Point",
        "coordinates": [
          32.5923092,
          25.7270015
        ]
      },
      "id": "way/1240796877"
    },
    {
      "type": "Feature",
      "properties": {
        "@id": "way/1240796878",
        "building": "yes",
        "entrance": "yes",
        "historic": "tomb",
        "name": "QV45",
        "wikidata": "Q124713581",
        "wikimedia_commons": "Category:Tomb QV45",
        "@geometry": "center"
      },
      "geometry": {
        "type": "Point",
        "coordinates": [
          32.5923584,
          25.7270256
        ]
      },
      "id": "way/1240796878"
    },
    {
      "type": "Feature",
      "properties": {
        "@id": "way/1240796879",
        "barrier": "wall",
        "cemetery": "grave",
        "historic": "tomb",
        "level": "-1",
        "name": "QV44",
        "name:en": "Tomb of Prince Kwa Em Waset",
        "name:fr": "QV44 Tombe du prince Kwa Em Waset",
        "tomb": "rock-cut",
        "tunnel": "yes",
        "website": "https://thebanmappingproject.com/tombs/qv-44-prince-khaemwaset",
        "wikidata": "Q648960",
        "@geometry": "center"
      },
      "geometry": {
        "type": "Point",
        "coordinates": [
          32.5922467,
          25.726822
        ]
      },
      "id": "way/1240796879"
    },
    {
      "type": "Feature",
      "properties": {
        "@id": "way/1240796880",
        "building": "yes",
        "entrance": "yes",
        "historic": "tomb",
        "name": "QV44",
        "wikidata": "Q648960",
        "wikimedia_commons": "Category:QV44",
        "wikipedia": "en:QV44",
        "@geometry": "center"
      },
      "geometry": {
        "type": "Point",
        "coordinates": [
          32.5923824,
          25.7269363
        ]
      },
      "id": "way/1240796880"
    },
    {
      "type": "Feature",
      "properties": {
        "@id": "way/1240796881",
        "barrier": "wall",
        "cemetery": "grave",
        "historic": "tomb",
        "level": "-1",
        "name": "QV43",
        "name:en": "Prince Sethherkhepshef tomb",
        "name:fr": "QV43 Tombe du prince Sethherkhepshef",
        "tomb": "rock-cut",
        "tunnel": "yes",
        "website": "https://thebanmappingproject.com/tombs/qv-43-prince-sethherkhepshef",
        "wikidata": "Q50320457",
        "@geometry": "center"
      },
      "geometry": {
        "type": "Point",
        "coordinates": [
          32.5922193,
          25.7267012
        ]
      },
      "id": "way/1240796881"
    },
    {
      "type": "Feature",
      "properties": {
        "@id": "way/1240796882",
        "building": "yes",
        "entrance": "yes",
        "historic": "tomb",
        "name": "QV43",
        "wikidata": "Q50320457",
        "wikimedia_commons": "Category:QV43",
        "@geometry": "center"
      },
      "geometry": {
        "type": "Point",
        "coordinates": [
          32.5923296,
          25.7268152
        ]
      },
      "id": "way/1240796882"
    },
    {
      "type": "Feature",
      "properties": {
        "@id": "way/1240796883",
        "barrier": "wall",
        "cemetery": "grave",
        "historic": "tomb",
        "level": "-1",
        "name": "QV42",
        "name:en": "Queen Minefer & Prince Pareherunemef tomb",
        "name:fr": "QV42 Tombe de la reine Minefer & du prince Pareherunemef",
        "tomb": "rock-cut",
        "tunnel": "yes",
        "website": "https://thebanmappingproject.com/tombs/qv-42-queen-minefer-prince-pareherunemef",
        "wikidata": "Q50073060",
        "@geometry": "center"
      },
      "geometry": {
        "type": "Point",
        "coordinates": [
          32.5923698,
          25.7267052
        ]
      },
      "id": "way/1240796883"
    },
    {
      "type": "Feature",
      "properties": {
        "@id": "way/1240796884",
        "building": "yes",
        "entrance": "yes",
        "historic": "tomb",
        "name": "QV42",
        "wikidata": "Q50073060",
        "wikimedia_commons": "Category:Tomb of Pareherwenemef QV 42",
        "@geometry": "center"
      },
      "geometry": {
        "type": "Point",
        "coordinates": [
          32.5923903,
          25.7268186
        ]
      },
      "id": "way/1240796884"
    },
    {
      "type": "Feature",
      "properties": {
        "@id": "way/1241117936",
        "barrier": "wall",
        "cemetery": "grave",
        "historic": "tomb",
        "level": "-1",
        "name": "QV55",
        "name:en": "Prince Amen Khopshef tomb",
        "name:fr": "QV55 Tombe du prince Amon-Her-Khépeshef",
        "tunnel": "yes",
        "wikidata": "Q846281",
        "@geometry": "center"
      },
      "geometry": {
        "type": "Point",
        "coordinates": [
          32.5918203,
          25.7276198
        ]
      },
      "id": "way/1241117936"
    },
    {
      "type": "Feature",
      "properties": {
        "@id": "way/1241117937",
        "building": "yes",
        "entrance": "yes",
        "historic": "tomb",
        "name": "QV55",
        "wikidata": "Q846281",
        "wikimedia_commons": "Category:QV55",
        "@geometry": "center"
      },
      "geometry": {
        "type": "Point",
        "coordinates": [
          32.5919543,
          25.727675
        ]
      },
      "id": "way/1241117937"
    },
    {
      "type": "Feature",
      "properties": {
        "@id": "way/1241117940",
        "building": "yes",
        "entrance": "yes",
        "historic": "tomb",
        "name": "QV53",
        "wikidata": "Q2121295",
        "@geometry": "center"
      },
      "geometry": {
        "type": "Point",
        "coordinates": [
          32.5921353,
          25.7275847
        ]
      },
      "id": "way/1241117940"
    },
    {
      "type": "Feature",
      "properties": {
        "@id": "way/1241117941",
        "barrier": "wall",
        "cemetery": "grave",
        "historic": "tomb",
        "level": "-1",
        "name": "QV53",
        "name:en": "Prince Rameses-Meryamen tomb",
        "name:fr": "QV53 Tombe du prince Ramsès-Méryamon-Neboueben",
        "tunnel": "yes",
        "website": "https://thebanmappingproject.com/tombs/qv-53-prince-rameses-meryamen",
        "wikidata": "Q2121295",
        "@geometry": "center"
      },
      "geometry": {
        "type": "Point",
        "coordinates": [
          32.5920413,
          25.7274819
        ]
      },
      "id": "way/1241117941"
    },
    {
      "type": "Feature",
      "properties": {
        "@id": "way/1241122068",
        "barrier": "wall",
        "building": "temple",
        "building:levels": "1",
        "building:material": "stone",
        "historic": "temple",
        "name": "دير المدينة",
        "name:en": "Temple Of Hathor",
        "name:fr": "Temple d'Hathor",
        "roof:levels": "0",
        "roof:material": "stone",
        "roof:shape": "flat",
        "wikipedia": "de:Tempel von Deir el-Medina",
        "@geometry": "center"
      },
      "geometry": {
        "type": "Point",
        "coordinates": [
          32.6021585,
          25.72898
        ]
      },
      "id": "way/1241122068"
    },
    {
      "type": "Feature",
      "properties": {
        "@id": "way/1244575533",
        "denomination": "greek_orthodox",
        "historic": "church",
        "landuse": "religious",
        "name": "كنيسة القديس جورج",
        "name:ar": "كنيسة القديس جورج",
        "name:en": "Saint George's Church",
        "name:es": "Iglesia ortodoxa de San Jorge",
        "name:fa": "کلیسای سنت جورج",
        "name:ml": "സെന്റ് ജോർജ് പള്ളി",
        "name:pt": "Igreja de São Jorge",
        "religion": "christian",
        "tourism": "attraction",
        "wikidata": "Q4255568",
        "wikimedia_commons": "Category:Saint George Church in Coptic Cairo",
        "wikipedia": "en:Church of St. George (Cairo)",
        "@geometry": "center"
      },
      "geometry": {
        "type": "Point",
        "coordinates": [
          31.2300186,
          30.00654
        ]
      },
      "id": "way/1244575533"
    },
    {
      "type": "Feature",
      "properties": {
        "@id": "way/1244575543",
        "barrier": "wall",
        "denomination": "coptic_orthodox",
        "historic": "church",
        "landuse": "religious",
        "name": "كنيسة القديسة برباره الأثرية",
        "name:ar": "كنيسة القديسة برباره الأثرية",
        "name:de": "Kirche der Heiligen Barbara",
        "name:en": "Saint Barbara Church",
        "name:fa": "کلیسای باستانی سنت باربارا",
        "religion": "christian",
        "tourism": "attraction",
        "wikidata": "Q7401018",
        "wikimedia_commons": "Category:Saint Barbara Church in Coptic Cairo",
        "wikipedia": "en:Saint Barbara Church in Coptic Cairo",
        "@geometry": "center"
      },
      "geometry": {
        "type": "Point",
        "coordinates": [
          31.2313165,
          30.006132
        ]
      },
      "id": "way/1244575543"
    },
    {
      "type": "Feature",
      "properties": {
        "@id": "way/1246050380",
        "building": "religious",
        "building:condition": "reconstructed",
        "historic": "archaeological_site",
        "historic:civilization": "ancient_egyptian",
        "historic:era": "dynasty_XVIII",
        "historic:period": "new_kingdom",
        "name": "مقصورة أمنحتب الأول",
        "name:ar": "مقصورة أمنحتب الأول",
        "name:en": "Alabaster Chapel of Amenhotep I",
        "wikidata": "Q124831396",
        "wikimedia_commons": "Category:Alabaster Chapel of Amenhotep I",
        "@geometry": "center"
      },
      "geometry": {
        "type": "Point",
        "coordinates": [
          32.657329,
          25.7205824
        ]
      },
      "id": "way/1246050380"
    },
    {
      "type": "Feature",
      "properties": {
        "@id": "way/1247572460",
        "building": "ruins",
        "historic": "tomb",
        "historic:civilization": "ancient_egyptian",
        "name": "مصطبة مريروكا",
        "name:ar": "مصطبة مريروكا",
        "name:en": "Tomb of Mereruka",
        "name:ru": "Гробница Мерерука",
        "tourism": "attraction",
        "website": "https://egymonuments.gov.eg/en/monuments/tomb-of-mereruka",
        "wikidata": "Q1343538",
        "wikimedia_commons": "Category:Mereruka",
        "wikipedia": "ru:Мерерука",
        "@geometry": "center"
      },
      "geometry": {
        "type": "Point",
        "coordinates": [
          31.2212032,
          29.8757922
        ]
      },
      "id": "way/1247572460"
    },
    {
      "type": "Feature",
      "properties": {
        "@id": "way/1247572461",
        "building": "ruins",
        "historic": "tomb",
        "historic:civilization": "ancient_egyptian",
        "name": "مصطبة كاجيمنى",
        "name:ar": "مصطبة كاجيمنى",
        "name:en": "Tomb of Kagemni",
        "name:ru": "Гробница Кагемни",
        "subject:wikipedia": "ru:Кагемни",
        "tourism": "attraction",
        "wikidata": "Q99913494",
        "wikimedia_commons": "Category:Mastaba of Kagemni",
        "@geometry": "center"
      },
      "geometry": {
        "type": "Point",
        "coordinates": [
          31.2214951,
          29.8758839
        ]
      },
      "id": "way/1247572461"
    },
    {
      "type": "Feature",
      "properties": {
        "@id": "way/1249830282",
        "historic": "tomb",
        "historic:civilization": "ancient_egyptian",
        "name": "مقبرة تيا",
        "name:ar": "مقبرة تيا",
        "name:en": "The Tomb Of Tia",
        "name:ru": "Гробница Тиа",
        "wikidata": "Q2431006",
        "wikipedia": "en:Tia (overseer of treasury)",
        "@geometry": "center"
      },
      "geometry": {
        "type": "Point",
        "coordinates": [
          31.217055,
          29.8662161
        ]
      },
      "id": "way/1249830282"
    },
    {
      "type": "Feature",
      "properties": {
        "@id": "way/1250321215",
        "alt_name:en": "Gateway of Ptolemy III Euergetes",
        "building": "yes",
        "historic": "city_gate",
        "historic:civilization": "ancient_egyptian",
        "name": "Bab El Amara Gate",
        "name:de": "Tor des Ptolemaios III. Euergetes I.",
        "name:en": "Bab El Amara Gate",
        "name:zh": "尤尔格提斯之门",
        "wikidata": "Q125055904",
        "wikimedia_commons": "Category:Bab el Amara Gate in Karnak",
        "@geometry": "center"
      },
      "geometry": {
        "type": "Point",
        "coordinates": [
          32.6554692,
          25.7161213
        ]
      },
      "id": "way/1250321215"
    },
    {
      "type": "Feature",
      "properties": {
        "@id": "way/1250321222",
        "building": "chapel",
        "historic": "ruins",
        "historic:civilization": "ancient_egyptian",
        "name": "Chapel of Osiris Heqadjet",
        "ruins": "building",
        "wikidata": "Q124824888",
        "wikimedia_commons": "Category:Chapel of Osiris Heqadjet in Karnak",
        "@geometry": "center"
      },
      "geometry": {
        "type": "Point",
        "coordinates": [
          32.6611322,
          25.7178486
        ]
      },
      "id": "way/1250321222"
    },
    {
      "type": "Feature",
      "properties": {
        "@id": "way/1250321244",
        "access": "customers",
        "building": "religious",
        "building:condition": "reconstructed",
        "historic": "archaeological_site",
        "historic:civilization": "ancient_egyptian",
        "historic:era": "dynasty_XVIII",
        "name": "المقصورة البيضاء للملك سنوسرت الأول",
        "name:ar": "المقصورة البيضاء للملك سنوسرت الأول",
        "name:de": "Weiße Kapelle",
        "name:en": "White Chapel of Senusret (Sesostris) I",
        "name:fr": "chapelle blanche",
        "wikidata": "Q477282",
        "wikimedia_commons": "Category:White Chapel of Senusret I",
        "wikipedia": "en:White Chapel",
        "@geometry": "center"
      },
      "geometry": {
        "type": "Point",
        "coordinates": [
          32.6571901,
          25.7203496
        ]
      },
      "id": "way/1250321244"
    },
    {
      "type": "Feature",
      "properties": {
        "@id": "way/1253190280",
        "building": "yes",
        "historic": "city_gate",
        "name": "باب النصر",
        "name:ar": "باب النصر",
        "name:en": "Bab Al-Nasr",
        "wikidata": "Q4119350",
        "wikimedia_commons": "Category:Bab al-Nasr (Cairo)",
        "wikipedia": "en:Bab al-Nasr (Cairo)",
        "@geometry": "center"
      },
      "geometry": {
        "type": "Point",
        "coordinates": [
          31.2650177,
          30.0542145
        ]
      },
      "id": "way/1253190280"
    },
    {
      "type": "Feature",
      "properties": {
        "@id": "way/1258859745",
        "access": "no",
        "historic": "ruins",
        "historic:civilization": "ancient_roman",
        "name": "معبد دوميتيان",
        "name:ar": "معبد دوميتيان",
        "name:de": "Tempel des Domitian",
        "name:en": "Temple of Domitian",
        "ruins": "temple",
        "wikidata": "Q104866814",
        "wikimedia_commons": "Category:Temple of Domitian (Aswan)",
        "@geometry": "center"
      },
      "geometry": {
        "type": "Point",
        "coordinates": [
          32.8929811,
          24.0858761
        ]
      },
      "id": "way/1258859745"
    },
    {
      "type": "Feature",
      "properties": {
        "@id": "way/1259654878",
        "historic": "ruins",
        "historic:civilization": "ancient_egyptian",
        "name": "ميناء المعبد",
        "name:ar": "ميناء المعبد",
        "name:en": "Port of the Temple",
        "name:fr": "Rampe de Taharqa",
        "wikidata": "Q124892101",
        "wikimedia_commons": "Category:Karnak dock",
        "@geometry": "center"
      },
      "geometry": {
        "type": "Point",
        "coordinates": [
          32.6559761,
          25.7191436
        ]
      },
      "id": "way/1259654878"
    },
    {
      "type": "Feature",
      "properties": {
        "@id": "way/1261980131",
        "building": "religious",
        "building:condition": "ruinous",
        "historic": "ruins",
        "historic:civilization": "ancient_roman",
        "name": "Imperial Cult Chapel",
        "name:en": "Imperial Cult Chapel",
        "name:fr": "chapelle du culte impérial",
        "wikidata": "Q124954199",
        "@geometry": "center"
      },
      "geometry": {
        "type": "Point",
        "coordinates": [
          32.6565416,
          25.7190471
        ]
      },
      "id": "way/1261980131"
    },
    {
      "type": "Feature",
      "properties": {
        "@id": "way/1262140657",
        "alt_name:en": "Treasury of Shabaqo;Treasury of Chabaka",
        "historic": "ruins",
        "historic:civilization": "ancient_egyptian",
        "name": "Treasury of Shabaka",
        "name:en": "Treasury of Shabaka",
        "name:fr": "Trésor de Chabaka",
        "wikidata": "Q125077135",
        "wikimedia_commons": "Category:Treasury of Shabaka",
        "@geometry": "center"
      },
      "geometry": {
        "type": "Point",
        "coordinates": [
          32.6601936,
          25.7188527
        ]
      },
      "id": "way/1262140657"
    },
    {
      "type": "Feature",
      "properties": {
        "@id": "way/1262325432",
        "building": "religious",
        "building:condition": "reconstructed",
        "historic": "building",
        "historic:civilization": "ancient_egyptian",
        "historic:era": "dynasty_XVIII",
        "historic:period": "new_kingdom",
        "name": "Alabaster Chapel of Amenhotep II",
        "name:de": "Alabasterkapelle Amenhoteps II.",
        "name:en": "Alabaster Chapel of Amenhotep II",
        "name:fr": "Chapelle de calcite d’Amenhotep II",
        "wikidata": "Q124832708",
        "wikimedia_commons": "Category:Chapel of Amenhotep II",
        "@geometry": "center"
      },
      "geometry": {
        "type": "Point",
        "coordinates": [
          32.6577185,
          25.7196822
        ]
      },
      "id": "way/1262325432"
    },
    {
      "type": "Feature",
      "properties": {
        "@id": "way/1262325433",
        "building": "religious",
        "building:condition": "reconstructed",
        "historic": "ruins",
        "historic:civilization": "ancient_egyptian",
        "historic:era": "dynasty_XVIII",
        "historic:period": "new_kingdom",
        "name": "Alabaster Chapel of Hachepsut",
        "name:de": "Kalksteinkapelle der Hatschepsut",
        "ruins": "building",
        "wikidata": "Q124822454",
        "wikimedia_commons": "Category:Limestone Chapel of Hatshepsut in Karnak",
        "@geometry": "center"
      },
      "geometry": {
        "type": "Point",
        "coordinates": [
          32.6575184,
          25.7198239
        ]
      },
      "id": "way/1262325433"
    },
    {
      "type": "Feature",
      "properties": {
        "@id": "node/1263172956",
        "historic": "monument",
        "name": "عامود السوارى",
        "name:ar": "عامود السوارى",
        "name:de": "Pompeiussäule",
        "name:en": "Pompei's Pillar",
        "name:fr": "Colonne de Pompée",
        "wikidata": "Q492487",
        "wikimedia_commons": "Category:Pompey's Pillar, Alexandria",
        "wikipedia": "en:Pompey's Pillar (column)"
      },
      "geometry": {
        "type": "Point",
        "coordinates": [
          29.8963926,
          31.1825811
        ]
      },
      "id": "node/1263172956"
    },
    {
      "type": "Feature",
      "properties": {
        "@id": "way/1263302544",
        "alt_name:en": "Cachette Court",
        "historic": "archaeological_site",
        "historic:civilization": "ancient_egyptian",
        "man_made": "courtyard",
        "name": "فناء الخبيئة",
        "name:ar": "فناء الخبيئة",
        "name:en": "Cachette Courtyard",
        "name:fr": "Cour de la cachette",
        "wikidata": "Q124912908",
        "wikimedia_commons": "Category:Cachette Court",
        "@geometry": "center"
      },
      "geometry": {
        "type": "Point",
        "coordinates": [
          32.6578695,
          25.7177588
        ]
      },
      "id": "way/1263302544"
    },
    {
      "type": "Feature",
      "properties": {
        "@id": "way/1263302545",
        "access": "customers",
        "alt_name:en": "Temple of Ramesses II;Ramesses II eastern temple",
        "alt_name:fr": "temple oriental de Ramsès II;Temple de l’est de Ramsès II",
        "building": "temple",
        "building:condition": "ruinous",
        "historic": "ruins",
        "historic:civilization": "ancient_egyptian",
        "name": "معبد رمسيس الثاني",
        "name:ar": "معبد رمسيس الثاني",
        "name:en": "Temple of Ramses II",
        "name:fr": "temple de Ramsès II",
        "ruins": "temple",
        "wikidata": "Q124899806",
        "wikimedia_commons": "Category:Karnak Eastern Temple",
        "@geometry": "center"
      },
      "geometry": {
        "type": "Point",
        "coordinates": [
          32.6602722,
          25.7174465
        ]
      },
      "id": "way/1263302545"
    },
    {
      "type": "Feature",
      "properties": {
        "@id": "way/1263494324",
        "access": "customers",
        "building": "yes",
        "building:condition": "ruinous",
        "historic": "ruins",
        "historic:civilization": "ancient_egyptian",
        "name": "Eastern colonnade of Taharqa",
        "name:en": "Eastern colonnade of Taharqa",
        "name:fr": "colonnade orientale de Taharqa",
        "ruins": "building",
        "wikidata": "Q125074713",
        "wikimedia_commons": "Category:Eastern colonnade of Taharqa",
        "@geometry": "center"
      },
      "geometry": {
        "type": "Point",
        "coordinates": [
          32.6605162,
          25.7173345
        ]
      },
      "id": "way/1263494324"
    },
    {
      "type": "Feature",
      "properties": {
        "@id": "way/1263494327",
        "building": "yes",
        "building:condition": "ruinous",
        "historic": "ruins",
        "historic:civilization": "ancient_egyptian",
        "historic:era": "dynasty_XXVI",
        "historic:period": "late_period",
        "name": "Chapel of Osiris Wennefer Neb djefau",
        "name:en": "Chapel of Osiris Wennefer Neb djefau",
        "name:fr": "chapelle d’Osiris Ounnefer Neb-djefaou",
        "ruins": "building",
        "wikidata": "Q124957252",
        "@geometry": "center"
      },
      "geometry": {
        "type": "Point",
        "coordinates": [
          32.6587054,
          25.7195221
        ]
      },
      "id": "way/1263494327"
    },
    {
      "type": "Feature",
      "properties": {
        "@id": "way/1263494328",
        "building": "yes",
        "building:condition": "ruinous",
        "historic": "ruins",
        "historic:civilization": "ancient_egyptian",
        "historic:era": "dynasty_XXV",
        "historic:period": "third_intermediate_period",
        "name": "Chapel of Osiris Neb ankh",
        "name:en": "Chapel of Osiris Neb ankh",
        "name:fr": "chapelle d’Osiris Neb-ânkh",
        "ruins": "building",
        "wikidata": "Q124957395",
        "@geometry": "center"
      },
      "geometry": {
        "type": "Point",
        "coordinates": [
          32.658813,
          25.7196095
        ]
      },
      "id": "way/1263494328"
    },
    {
      "type": "Feature",
      "properties": {
        "@id": "way/1263494330",
        "access": "customers",
        "building": "religious",
        "building:condition": "ruinous",
        "historic": "ruins",
        "historic:civilization": "ancient_egyptian",
        "name": "Chapel of Kamutef",
        "name:en": "Chapel of Kamutef",
        "name:fr": "Chapelle de Kamoutef",
        "ruins": "building",
        "wikidata": "Q124956602",
        "wikimedia_commons": "Category:Chapel of Kamutef in Karnak",
        "@geometry": "center"
      },
      "geometry": {
        "type": "Point",
        "coordinates": [
          32.6588689,
          25.7181604
        ]
      },
      "id": "way/1263494330"
    },
    {
      "type": "Feature",
      "properties": {
        "@id": "way/1263526787",
        "building": "yes",
        "historic": "yes",
        "historic:civilization": "ancient_egyptian",
        "name": "Bubastite Portal",
        "name:en": "Bubastite Portal",
        "wikidata": "Q4982146",
        "wikimedia_commons": "Category:Bubastite Portal",
        "wikipedia": "en:Bubastite Portal",
        "@geometry": "center"
      },
      "geometry": {
        "type": "Point",
        "coordinates": [
          32.6572812,
          25.7183313
        ]
      },
      "id": "way/1263526787"
    },
    {
      "type": "Feature",
      "properties": {
        "@id": "way/1264833277",
        "access": "customers",
        "historic": "archaeological_site",
        "historic:civilization": "ancient_egyptian",
        "name": "tribune of the quay",
        "name:de": "Tribüne des Kais",
        "name:en": "tribune of the quay",
        "name:fr": "tribune du quai",
        "wikidata": "Q125042210",
        "wikimedia_commons": "Category:Tribune of the quay in Karnak",
        "@geometry": "center"
      },
      "geometry": {
        "type": "Point",
        "coordinates": [
          32.6560724,
          25.7194098
        ]
      },
      "id": "way/1264833277"
    },
    {
      "type": "Feature",
      "properties": {
        "@id": "way/1264868522",
        "alt_name:en": "Great Forecourt",
        "historic": "archaeological_site",
        "historic:civilization": "ancient_egyptian",
        "man_made": "courtyard",
        "name": "الفناء الكبير",
        "name:ar": "الفناء الكبير",
        "name:en": "Shoshenq I Court",
        "name:fr": "cour de Sheshonq Ier",
        "wikidata": "Q82074447",
        "wikimedia_commons": "Category:Great Forecourt of Karnak",
        "@geometry": "center"
      },
      "geometry": {
        "type": "Point",
        "coordinates": [
          32.6572126,
          25.7188832
        ]
      },
      "id": "way/1264868522"
    },
    {
      "type": "Feature",
      "properties": {
        "@id": "way/1265078460",
        "building": "yes",
        "historic": "city_gate",
        "historic:civilization": "ancient_egyptian",
        "name": "Gateway of Nectanebo I",
        "name:en": "Gateway of Nectanebo I",
        "name:fr": "Porte de Nectanébo Ier",
        "wikidata": "Q125056305",
        "wikimedia_commons": "Category:Gateway of Nectanebo I",
        "@geometry": "center"
      },
      "geometry": {
        "type": "Point",
        "coordinates": [
          32.6608562,
          25.7171711
        ]
      },
      "id": "way/1265078460"
    },
    {
      "type": "Feature",
      "properties": {
        "@id": "way/1280935001",
        "historic": "archaeological_site",
        "name": "Karanis",
        "wikidata": "Q657455",
        "wikimedia_commons": "Category:Karanis",
        "wikipedia": "en:Karanis",
        "@geometry": "center"
      },
      "geometry": {
        "type": "Point",
        "coordinates": [
          30.9025416,
          29.5183831
        ]
      },
      "id": "way/1280935001"
    },
    {
      "type": "Feature",
      "properties": {
        "@id": "way/1284871428",
        "historic": "archaeological_site",
        "wikidata": "Q104542569",
        "@geometry": "center"
      },
      "geometry": {
        "type": "Point",
        "coordinates": [
          32.1749765,
          30.9782255
        ]
      },
      "id": "way/1284871428"
    },
    {
      "type": "Feature",
      "properties": {
        "@id": "way/1292288882",
        "archaeological_site": "necropolis",
        "historic": "archaeological_site",
        "landuse": "cemetery",
        "name": "Valley of Prince Ahmose",
        "source_ref": "https://thebanmappingproject.com/sites/default/files/plans/Map-VOQ%20.pdf",
        "tourism": "attraction",
        "wikidata": "Q131763829",
        "wikimedia_commons": "Category:Valley of Prince Ahmose",
        "@geometry": "center"
      },
      "geometry": {
        "type": "Point",
        "coordinates": [
          32.5937476,
          25.7268672
        ]
      },
      "id": "way/1292288882"
    },
    {
      "type": "Feature",
      "properties": {
        "@id": "way/1292288883",
        "archaeological_site": "necropolis",
        "historic": "archaeological_site",
        "historic:civilization": "ancient_egyptian",
        "landuse": "cemetery",
        "name": "Valley of the Three Pits",
        "source_ref": "https://thebanmappingproject.com/sites/default/files/plans/Map-VOQ%20.pdf",
        "tourism": "attraction",
        "wikidata": "Q137765853",
        "wikipedia": "fr:Vallée des Trois Puits",
        "@geometry": "center"
      },
      "geometry": {
        "type": "Point",
        "coordinates": [
          32.5958727,
          25.730097
        ]
      },
      "id": "way/1292288883"
    },
    {
      "type": "Feature",
      "properties": {
        "@id": "way/1292288884",
        "archaeological_site": "necropolis",
        "historic": "archaeological_site",
        "landuse": "cemetery",
        "name": "Valley of the Rope",
        "source_ref": "https://thebanmappingproject.com/sites/default/files/plans/Map-VOQ%20.pdf",
        "tourism": "attraction",
        "wikidata": "Q137765855",
        "wikipedia": "fr:Vallée de la Corde",
        "@geometry": "center"
      },
      "geometry": {
        "type": "Point",
        "coordinates": [
          32.593599,
          25.7305088
        ]
      },
      "id": "way/1292288884"
    },
    {
      "type": "Feature",
      "properties": {
        "@id": "way/1303046861",
        "historic": "archaeological_site",
        "wikidata": "Q2121453",
        "wikimedia_commons": "Category:Qasr Ibrim",
        "wikipedia": "ar:قصر إبريم",
        "@geometry": "center"
      },
      "geometry": {
        "type": "Point",
        "coordinates": [
          31.9926708,
          22.6497507
        ]
      },
      "id": "way/1303046861"
    },
    {
      "type": "Feature",
      "properties": {
        "@id": "way/1305898629",
        "historic": "archaeological_site",
        "historic:civilization": "ancient_egyptian",
        "name": "جسر المدير",
        "name:en": "Gisr el-Mudir",
        "name:ru": "Гиср эль-Мудир",
        "wikidata": "Q1527638",
        "wikipedia": "en:Gisr el-Mudir",
        "@geometry": "center"
      },
      "geometry": {
        "type": "Point",
        "coordinates": [
          31.2061459,
          29.8668042
        ]
      },
      "id": "way/1305898629"
    },
    {
      "type": "Feature",
      "properties": {
        "@id": "node/1314514289",
        "amenity": "grave_yard",
        "historic": "tomb",
        "name:de": "Grabmal von unbekannt",
        "name:en": "KV44",
        "name:fr": "KV44 Tombe d'inconnu",
        "ref": "KV44",
        "wikidata": "Q1661091",
        "wikimedia_commons": "Category:KV44",
        "wikipedia": "en:KV44"
      },
      "geometry": {
        "type": "Point",
        "coordinates": [
          32.6031301,
          25.7400945
        ]
      },
      "id": "node/1314514289"
    },
    {
      "type": "Feature",
      "properties": {
        "@id": "node/1314514301",
        "historic": "tomb",
        "name:de": "Grabmal von unbekannt",
        "name:fr": "KV40 Inconnu",
        "ref": "KV40",
        "wikidata": "Q1719150",
        "wikipedia": "en:KV40"
      },
      "geometry": {
        "type": "Point",
        "coordinates": [
          32.6005866,
          25.7390307
        ]
      },
      "id": "node/1314514301"
    },
    {
      "type": "Feature",
      "properties": {
        "@id": "node/1314514307",
        "historic": "tomb",
        "name:de": "Grabmal von unbekannt",
        "name:fr": "KV31 Inconnu",
        "ref": "KV31",
        "wikidata": "Q591371",
        "wikipedia": "en:KV31"
      },
      "geometry": {
        "type": "Point",
        "coordinates": [
          32.6005631,
          25.7386517
        ]
      },
      "id": "node/1314514307"
    },
    {
      "type": "Feature",
      "properties": {
        "@id": "node/1314514349",
        "historic": "tomb",
        "name:de": "Grabmal von unbekannt",
        "name:fr": "KV26 Inconnu",
        "ref": "KV26",
        "wikidata": "Q1719130",
        "wikimedia_commons": "Category:KV26",
        "wikipedia": "en:KV26"
      },
      "geometry": {
        "type": "Point",
        "coordinates": [
          32.6007649,
          25.7389648
        ]
      },
      "id": "node/1314514349"
    },
    {
      "type": "Feature",
      "properties": {
        "@id": "node/1314514351",
        "historic": "tomb",
        "name:de": "Grabmal von unbekannt",
        "name:en": "Tia'a",
        "name:fr": "KV37 Inconnu",
        "ref": "KV37",
        "wikidata": "Q1975338",
        "wikimedia_commons": "Category:KV37",
        "wikipedia": "en:KV37"
      },
      "geometry": {
        "type": "Point",
        "coordinates": [
          32.6007193,
          25.7383424
        ]
      },
      "id": "node/1314514351"
    },
    {
      "type": "Feature",
      "properties": {
        "@id": "node/1314514382",
        "historic": "tomb",
        "name": "KV33",
        "name:de": "Grabmal von unbekannt",
        "name:en": "Tia'a",
        "name:es": "KV33",
        "name:fr": "KV33 Inconnu",
        "ref": "KV33",
        "wikidata": "Q2719492",
        "wikimedia_commons": "Category:KV33",
        "wikipedia": "en:KV33"
      },
      "geometry": {
        "type": "Point",
        "coordinates": [
          32.6008481,
          25.7381325
        ]
      },
      "id": "node/1314514382"
    },
    {
      "type": "Feature",
      "properties": {
        "@id": "node/1314514386",
        "historic": "tomb",
        "name:de": "Grabmal von Tutanchamun - Balsamierungsdepot",
        "name:es": "KV54",
        "name:fr": "KV54 Cache de Toutânkhamon",
        "ref": "KV54",
        "wikidata": "Q1668625",
        "wikimedia_commons": "Category:KV54",
        "wikipedia": "en:KV54"
      },
      "geometry": {
        "type": "Point",
        "coordinates": [
          32.6022881,
          25.7396896
        ]
      },
      "id": "node/1314514386"
    },
    {
      "type": "Feature",
      "properties": {
        "@id": "node/1314514388",
        "amenity": "grave_yard",
        "historic": "tomb",
        "name:de": "Grabmal von Userhet",
        "name:en": "KV45 Userhet",
        "name:es": "Tumba de Userhet",
        "name:fr": "KV45 Tombe de Userhet",
        "ref": "KV45",
        "website": "https://thebanmappingproject.com/tombs/kv-45-userhat",
        "wikidata": "Q662744",
        "wikimedia_commons": "Category:KV45",
        "wikipedia": "en:KV45"
      },
      "geometry": {
        "type": "Point",
        "coordinates": [
          32.6030566,
          25.7401226
        ]
      },
      "id": "node/1314514388"
    },
    {
      "type": "Feature",
      "properties": {
        "@id": "way/1316037821",
        "building": "palace",
        "name": "قصر الأمير بشتاك",
        "name:ar": "قصر الأمير بشتاك",
        "name:en": "Beshtak Palace",
        "name:fa": "کاخ شاهزاده بشتاک",
        "tourism": "museum",
        "wikidata": "Q4896257",
        "wikimedia_commons": "Category:Bashtak palace",
        "wikipedia": "en:Beshtak Palace",
        "@geometry": "center"
      },
      "geometry": {
        "type": "Point",
        "coordinates": [
          31.2616572,
          30.0504413
        ]
      },
      "id": "way/1316037821"
    },
    {
      "type": "Feature",
      "properties": {
        "@id": "way/1326165324",
        "building": "yes",
        "historic": "tomb",
        "name": "S 10",
        "wikidata": "Q22936296",
        "wikipedia": "en:S 10 (Abydos)",
        "@geometry": "center"
      },
      "geometry": {
        "type": "Point",
        "coordinates": [
          31.9242064,
          26.1712466
        ]
      },
      "id": "way/1326165324"
    },
    {
      "type": "Feature",
      "properties": {
        "@id": "way/1327696080",
        "historic": "archaeological_site",
        "name": "el-Sumeira",
        "wikidata": "Q14221094",
        "wikimedia_commons": "Category:El-Sumeira",
        "wikipedia": "ar:قصر السميرة",
        "@geometry": "center"
      },
      "geometry": {
        "type": "Point",
        "coordinates": [
          30.6238269,
          25.7959631
        ]
      },
      "id": "way/1327696080"
    },
    {
      "type": "Feature",
      "properties": {
        "@id": "way/1338271039",
        "historic": "tomb",
        "name": "Zawyet Sultan",
        "tomb": "pyramid",
        "website": "https://www.zawyet-el-sultan.com/",
        "wikidata": "Q4894815",
        "wikimedia_commons": "Category:Zawyet el-Maiyitin",
        "wikipedia": "en:Zawyet el-Maiyitin",
        "@geometry": "center"
      },
      "geometry": {
        "type": "Point",
        "coordinates": [
          30.8287596,
          28.0458677
        ]
      },
      "id": "way/1338271039"
    },
    {
      "type": "Feature",
      "properties": {
        "@id": "way/1346512687",
        "area": "yes",
        "historic": "ruins",
        "name": "Mastaba of Khentika",
        "wikidata": "Q3297830",
        "wikimedia_commons": "Category:Mastaba of Khentika",
        "@geometry": "center"
      },
      "geometry": {
        "type": "Point",
        "coordinates": [
          29.2801797,
          25.5577661
        ]
      },
      "id": "way/1346512687"
    },
    {
      "type": "Feature",
      "properties": {
        "@id": "way/1365847884",
        "historic": "archaeological_site",
        "name": "TT71",
        "wikidata": "Q1457372",
        "wikimedia_commons": "Category:Tomb of Senenmut TT71",
        "wikipedia": "en:TT71",
        "@geometry": "center"
      },
      "geometry": {
        "type": "Point",
        "coordinates": [
          32.6079168,
          25.7332671
        ]
      },
      "id": "way/1365847884"
    },
    {
      "type": "Feature",
      "properties": {
        "@id": "way/1366003778",
        "historic": "archaeological_site",
        "name": "Temple of Montu",
        "wikidata": "Q133252506",
        "@geometry": "center"
      },
      "geometry": {
        "type": "Point",
        "coordinates": [
          32.5444519,
          25.6221873
        ]
      },
      "id": "way/1366003778"
    },
    {
      "type": "Feature",
      "properties": {
        "@id": "way/1366004230",
        "archaeological_site": "temple",
        "historic": "archaeological_site",
        "name": "Temple of Montu (Medamud)",
        "wikidata": "Q3517593",
        "wikimedia_commons": "Category:Temple of Montu in Medamud",
        "wikipedia": "en:Temple of Montu (Medamud)",
        "@geometry": "center"
      },
      "geometry": {
        "type": "Point",
        "coordinates": [
          32.7098101,
          25.7298821
        ]
      },
      "id": "way/1366004230"
    },
    {
      "type": "Feature",
      "properties": {
        "@id": "way/1366004500",
        "historic": "archaeological_site",
        "name": "Temple of Montu in Al Madamum",
        "wikidata": "Q82073673",
        "@geometry": "center"
      },
      "geometry": {
        "type": "Point",
        "coordinates": [
          32.7097313,
          25.7344132
        ]
      },
      "id": "way/1366004500"
    },
    {
      "type": "Feature",
      "properties": {
        "@id": "way/1367400884",
        "historic": "archaeological_site",
        "historic:civilization": "ancient_egyptian",
        "name": "Temple of Wadjmose",
        "wikidata": "Q11951248",
        "@geometry": "center"
      },
      "geometry": {
        "type": "Point",
        "coordinates": [
          32.6093829,
          25.7272718
        ]
      },
      "id": "way/1367400884"
    },
    {
      "type": "Feature",
      "properties": {
        "@id": "way/1367413113",
        "description:en": "Shaft. According to guide, 45m deep. According to DE wikipedia, 5000 ostracons (ceramic fragments with texts) have been found.",
        "historic": "archaeological_site",
        "wikipedia": "de:Deir el-Medina",
        "@geometry": "center"
      },
      "geometry": {
        "type": "Point",
        "coordinates": [
          32.6031018,
          25.7291729
        ]
      },
      "id": "way/1367413113"
    },
    {
      "type": "Feature",
      "properties": {
        "@id": "way/1372087840",
        "historic": "archaeological_site",
        "name:en": "Kom Firin",
        "wikidata": "Q48813242",
        "wikipedia": "ar:كوم فيرين",
        "@geometry": "center"
      },
      "geometry": {
        "type": "Point",
        "coordinates": [
          30.490221,
          30.8645041
        ]
      },
      "id": "way/1372087840"
    },
    {
      "type": "Feature",
      "properties": {
        "@id": "way/1425598617",
        "historic": "archaeological_site",
        "name": "Qasr el-Nasima",
        "wikidata": "Q14218438",
        "wikimedia_commons": "Category:Qasr el-Nasima",
        "@geometry": "center"
      },
      "geometry": {
        "type": "Point",
        "coordinates": [
          30.5462845,
          25.3821081
        ]
      },
      "id": "way/1425598617"
    },
    {
      "type": "Feature",
      "properties": {
        "@id": "way/1470414771",
        "access": "permit",
        "building": "yes",
        "building:levels": "0",
        "building:levels:underground": "1",
        "fee": "yes",
        "historic": "archaeological_site",
        "layer": "-1",
        "name:en": "Tomb of Pabasa (TT 279)",
        "roof:levels": "0",
        "wikidata": "Q55832197",
        "wikimedia_commons": "Category:Tomb of Pabasa",
        "wikipedia": "fr:TT279",
        "@geometry": "center"
      },
      "geometry": {
        "type": "Point",
        "coordinates": [
          32.6116039,
          25.7352207
        ]
      },
      "id": "way/1470414771"
    },
    {
      "type": "Feature",
      "properties": {
        "@id": "way/1526831348",
        "alt_name": "Ouadi el-Gharbi",
        "archaeological_site": "necropolis",
        "description": "Valley of the Theban Mountain excavated by Howard Carter in 1917.",
        "historic": "archaeological_site",
        "historic:civilization": "ancient_egyptian",
        "loc_name": "وادي الغربي",
        "name": "Wadi al Gharbi",
        "wikidata": "Q140084468",
        "@geometry": "center"
      },
      "geometry": {
        "type": "Point",
        "coordinates": [
          32.5716836,
          25.7318885
        ]
      },
      "id": "way/1526831348"
    },
    {
      "type": "Feature",
      "properties": {
        "@id": "way/1526838081",
        "alt_name": "Wadi Gabbanat el-Qurud",
        "archaeological_site": "necropolis",
        "description": "Valley of the Theban Mountain excavated by Howard Carter in 1917.",
        "historic": "archaeological_site",
        "historic:civilization": "ancient_egyptian",
        "name": "Wadi Jabbanat al Qurud",
        "wikidata": "Q140084557",
        "@geometry": "center"
      },
      "geometry": {
        "type": "Point",
        "coordinates": [
          32.5779465,
          25.7312667
        ]
      },
      "id": "way/1526838081"
    },
    {
      "type": "Feature",
      "properties": {
        "@id": "way/1526840268",
        "archaeological_site": "necropolis",
        "description": "Valley of the Theban Mountain excavated by Howard Carter in 1917.",
        "historic": "archaeological_site",
        "historic:civilization": "ancient_egyptian",
        "name": "Wadi Sikkat Taqat Zayid",
        "wikidata": "Q140084587",
        "@geometry": "center"
      },
      "geometry": {
        "type": "Point",
        "coordinates": [
          32.579543,
          25.733102
        ]
      },
      "id": "way/1526840268"
    },
    {
      "type": "Feature",
      "properties": {
        "@id": "way/1532330534",
        "archaeological_site": "settlement",
        "historic": "archaeological_site",
        "historic:civilization": "ancient_egyptian",
        "name": "Phernouphis",
        "wikidata": "Q104845485",
        "@geometry": "center"
      },
      "geometry": {
        "type": "Point",
        "coordinates": [
          31.5814159,
          31.0570448
        ]
      },
      "id": "way/1532330534"
    },
    {
      "type": "Feature",
      "properties": {
        "@id": "way/1532465821",
        "historic": "archaeological_site",
        "name": "Medinet Maadi",
        "wikidata": "Q1318945",
        "wikipedia": "en:Medinet Madi",
        "@geometry": "center"
      },
      "geometry": {
        "type": "Point",
        "coordinates": [
          30.6423962,
          29.1928974
        ]
      },
      "id": "way/1532465821"
    },
    {
      "type": "Feature",
      "properties": {
        "@id": "way/1532488364",
        "historic": "archaeological_site",
        "name": "Roman Fort Qasr el-Bawiti",
        "wikidata": "Q14218429",
        "@geometry": "center"
      },
      "geometry": {
        "type": "Point",
        "coordinates": [
          28.8474052,
          28.3534731
        ]
      },
      "id": "way/1532488364"
    },
    {
      "type": "Feature",
      "properties": {
        "@id": "way/1532497045",
        "historic": "archaeological_site",
        "name": "Ain el-Muftilla",
        "wikidata": "Q14223990",
        "@geometry": "center"
      },
      "geometry": {
        "type": "Point",
        "coordinates": [
          28.8462155,
          28.3569818
        ]
      },
      "id": "way/1532497045"
    },
    {
      "type": "Feature",
      "properties": {
        "@id": "node/1558273251",
        "name:en": "St. Antony's cave",
        "name:ru": "Пещера святого Антония",
        "natural": "cave_entrance",
        "tourism": "attraction",
        "wikidata": "Q112628765",
        "wikipedia": "ar:جبل القلزم"
      },
      "geometry": {
        "type": "Point",
        "coordinates": [
          32.3545669,
          28.9114738
        ]
      },
      "id": "node/1558273251"
    },
    {
      "type": "Feature",
      "properties": {
        "@id": "node/1911383678",
        "tourism": "attraction",
        "wikidata": "Q1247503",
        "wikimedia_commons": "Category:Migdol of Medinet Habu",
        "wikipedia": "de:Hohes Tor (Ägypten)"
      },
      "geometry": {
        "type": "Point",
        "coordinates": [
          32.6022343,
          25.7187465
        ]
      },
      "id": "node/1911383678"
    },
    {
      "type": "Feature",
      "properties": {
        "@id": "node/1947175187",
        "name": "متحف السويس القومى",
        "name:ar": "متحف السويس القومى",
        "name:en": "Suez National Museum",
        "tourism": "museum",
        "wikidata": "Q63973129",
        "wikimedia_commons": "Category:Suez National Museum"
      },
      "geometry": {
        "type": "Point",
        "coordinates": [
          32.5670088,
          29.9550854
        ]
      },
      "id": "node/1947175187"
    },
    {
      "type": "Feature",
      "properties": {
        "@id": "node/1962507224",
        "alt_name": "Leonto;Taremu;Tell el-Muqdam",
        "alt_name:el": "Λεοντώ",
        "historic": "archaeological_site",
        "name:el": "Λεόντων πόλις",
        "name:en": "Leontopolis",
        "name:la": "Leontos Oppidum",
        "note": "cross-check coordinates",
        "wikidata": "Q677211",
        "wikimedia_commons": "Category:Leontopolis",
        "wikipedia": "en:Leontopolis"
      },
      "geometry": {
        "type": "Point",
        "coordinates": [
          31.3542098,
          30.682516
        ]
      },
      "id": "node/1962507224"
    },
    {
      "type": "Feature",
      "properties": {
        "@id": "node/2283150478",
        "name": "جبل الكريستال Crystal Mountain",
        "name:ar": "جبل الكريستال",
        "name:cs": "Krystalová hora",
        "name:en": "Crystal Mountain",
        "tourism": "attraction",
        "wikidata": "Q5191296",
        "wikimedia_commons": "Category:Crystal Mountain, White Desert",
        "wikipedia": "ar:جبل الكريستال"
      },
      "geometry": {
        "type": "Point",
        "coordinates": [
          28.4300922,
          27.6617066
        ]
      },
      "id": "node/2283150478"
    },
    {
      "type": "Feature",
      "properties": {
        "@id": "node/2609000208",
        "alt_name:cs": "Džeser-Džeseru",
        "historic": "archaeological_site",
        "name": "معبد حتشبسوت",
        "name:ar": "معبد حتشبسوت",
        "name:cs": "Zádušní chrám královny Hatšepsut",
        "name:de": "Totentempel der Hatschepsut",
        "name:en": "Mortuary Temple of Hatshepsut",
        "name:fa": "معبد حتشپسوت",
        "name:hu": "Hatsepszut királynő temploma",
        "name:it": "Tempio funerario di Hatshepsut",
        "name:ja": "ハトシェプスト女王葬祭殿",
        "name:ml": "ഹാറ്റ്ഷെപ്സുട്ടിന്റെ മോർച്ചറി ക്ഷേത്രം",
        "name:nl": "Tempel van Hatsjepsoet",
        "name:pl": "Świątynia Grobowa Hatszepsut",
        "name:pt": "Templo Mortuário de Hatshepsut",
        "name:ru": "Храм Хатшепсут",
        "name:tr": "Hatşepsut Tapınağı",
        "name:zh": "哈特謝普蘇特女王廟",
        "tourism": "attraction",
        "wikidata": "Q660692",
        "wikimedia_commons": "Category:Mortuary Temple of Hatshepsut",
        "wikipedia": "en:Mortuary temple of Hatshepsut"
      },
      "geometry": {
        "type": "Point",
        "coordinates": [
          32.6064411,
          25.7383391
        ]
      },
      "id": "node/2609000208"
    },
    {
      "type": "Feature",
      "properties": {
        "@id": "node/2701123706",
        "historic": "monastery",
        "name": "دير القديسة كاترين",
        "name:ar": "دير القديسة كاترين",
        "name:de": "Katharinenkloster",
        "name:en": "St Catherine's Monastery",
        "name:es": "Monasterio de Santa Catalina",
        "name:fr": "Monastère Sainte-Catherine du Sinaï",
        "name:pnb": "خانقاہ مقدسہ کیتھرین",
        "name:sr": "Манастир Свете Катарине на Синају",
        "name:ur": "خانقاہ مقدسہ کیتھرین",
        "place": "locality",
        "religion": "christian",
        "wikidata": "Q185362",
        "wikimedia_commons": "Category:Saint Catherine Monastery, Mount Sinai",
        "wikipedia": "ar:دير سانت كاترين"
      },
      "geometry": {
        "type": "Point",
        "coordinates": [
          33.9765682,
          28.5556875
        ]
      },
      "id": "node/2701123706"
    },
    {
      "type": "Feature",
      "properties": {
        "@id": "node/2705032924",
        "historic": "archaeological_site",
        "name": "Tebtunis",
        "wikidata": "Q1500580",
        "wikimedia_commons": "Category:Umm el-Burigat",
        "wikipedia": "en:Tebtunis"
      },
      "geometry": {
        "type": "Point",
        "coordinates": [
          30.7612554,
          29.1072111
        ]
      },
      "id": "node/2705032924"
    },
    {
      "type": "Feature",
      "properties": {
        "@id": "node/2708085972",
        "historic": "archaeological_site",
        "name": "Qasr Dusch",
        "wikidata": "Q2121433",
        "wikimedia_commons": "Category:Qasr Dush",
        "wikipedia": "de:Qasr Dusch"
      },
      "geometry": {
        "type": "Point",
        "coordinates": [
          30.716262,
          24.5799485
        ]
      },
      "id": "node/2708085972"
    },
    {
      "type": "Feature",
      "properties": {
        "@id": "node/2708961656",
        "historic": "archaeological_site",
        "name": "Mareia",
        "wikidata": "Q1894495",
        "wikimedia_commons": "Category:Marea, Egypt",
        "wikipedia": "en:Marea (ancient city)"
      },
      "geometry": {
        "type": "Point",
        "coordinates": [
          29.6566185,
          30.9951309
        ]
      },
      "id": "node/2708961656"
    },
    {
      "type": "Feature",
      "properties": {
        "@id": "node/2709416673",
        "historic": "archaeological_site",
        "name": "Xois",
        "source": "http://www.trismegistos.org/place/2507",
        "wikidata": "Q1068140",
        "wikimedia_commons": "Category:Xois",
        "wikipedia": "en:Sakha, Egypt"
      },
      "geometry": {
        "type": "Point",
        "coordinates": [
          30.9507706,
          31.0896344
        ]
      },
      "id": "node/2709416673"
    },
    {
      "type": "Feature",
      "properties": {
        "@id": "node/2710024050",
        "historic": "archaeological_site",
        "name": "Beni Hasan necropolis",
        "source": "http://wikimapia.org/14127430/Bani-Hassan-Tombs",
        "wikidata": "Q817286",
        "wikimedia_commons": "Category:Beni Hassan",
        "wikipedia": "en:Beni Hasan"
      },
      "geometry": {
        "type": "Point",
        "coordinates": [
          30.8752957,
          27.9313392
        ]
      },
      "id": "node/2710024050"
    },
    {
      "type": "Feature",
      "properties": {
        "@id": "node/2710214188",
        "historic": "archaeological_site",
        "name": "Ain el-Charab (Ain et-Turba)",
        "source": "http://de.wikivoyage.org/wiki/%CA%BFAin_el-Char%C4%81b",
        "wikidata": "Q14223989",
        "wikimedia_commons": "Category:Ain al-Kharab"
      },
      "geometry": {
        "type": "Point",
        "coordinates": [
          30.5559743,
          25.4809898
        ]
      },
      "id": "node/2710214188"
    },
    {
      "type": "Feature",
      "properties": {
        "@id": "node/2713462084",
        "historic": "archaeological_site",
        "name": "Ain Birbiya",
        "source": "http://de.wikivoyage.org/wiki/%CA%BFAin_Birb%C4%ABya",
        "wikidata": "Q14223965",
        "wikimedia_commons": "Category:Ain Birbiya"
      },
      "geometry": {
        "type": "Point",
        "coordinates": [
          29.3194979,
          25.5226204
        ]
      },
      "id": "node/2713462084"
    },
    {
      "type": "Feature",
      "properties": {
        "@id": "node/2873399072",
        "historic": "archaeological_site",
        "int_name": "Kawm Madīnat Mādi, Kawm Madinat Mādi",
        "name": "كوم مدينة ماضى",
        "name:ar": "كوم مدينة ماضى",
        "name:de": "Kawm Madinat Madi",
        "name:en": "Kawm Madinat Madi",
        "name:fr": "Kawm Madinat Madi",
        "place": "locality",
        "wikidata": "Q1318945",
        "wikimedia_commons": "Category:Medinet Madi",
        "wikipedia": "en:Medinet Madi"
      },
      "geometry": {
        "type": "Point",
        "coordinates": [
          30.6423237,
          29.1927619
        ]
      },
      "id": "node/2873399072"
    },
    {
      "type": "Feature",
      "properties": {
        "@id": "node/3020267403",
        "historic": "archaeological_site",
        "name": "معبد منتوحتب الثاني",
        "name:ar": "معبد منتوحتب الثاني",
        "name:cs": "Zádušní chrám Mentuhotepa II.",
        "name:en": "Temple of Mentuhotep II",
        "name:fa": "معبد منتوهوتپ دوم",
        "name:ml": "മെന്റുഹോട്ടെപ്പ് രണ്ടാമന്റെ ക്ഷേത്രം",
        "name:pl": "Świątynia Mentuhotepa II",
        "tourism": "attraction",
        "wikidata": "Q14551916",
        "wikimedia_commons": "Category:Mortuary Temple of Mentuhotep II",
        "wikipedia": "de:Totentempel des Mentuhotep II."
      },
      "geometry": {
        "type": "Point",
        "coordinates": [
          32.6062233,
          25.7373907
        ]
      },
      "id": "node/3020267403"
    },
    {
      "type": "Feature",
      "properties": {
        "@id": "node/3138282748",
        "name": "صخرة سمير لاما",
        "name:ar": "صخرة سمير لاما",
        "name:fr": "Samir Lama Rock",
        "tourism": "attraction",
        "wikidata": "Q14300453",
        "wikimedia_commons": "Category:Samir Lama Rock"
      },
      "geometry": {
        "type": "Point",
        "coordinates": [
          28.5479339,
          24.4418564
        ]
      },
      "id": "node/3138282748"
    },
    {
      "type": "Feature",
      "properties": {
        "@id": "node/3747714366",
        "historic": "archaeological_site",
        "name": "Heraklion",
        "wikidata": "Q1607758",
        "wikimedia_commons": "Category:Heracleion (Thonis)",
        "wikipedia": "en:Heracleion"
      },
      "geometry": {
        "type": "Point",
        "coordinates": [
          30.120813,
          31.302979
        ]
      },
      "id": "node/3747714366"
    },
    {
      "type": "Feature",
      "properties": {
        "@id": "node/4589145787",
        "historic": "archaeological_site",
        "name": "El Tor, Egypt",
        "wikidata": "Q867603",
        "wikimedia_commons": "Category:El-Tor",
        "wikipedia": "en:El Tor, Egypt"
      },
      "geometry": {
        "type": "Point",
        "coordinates": [
          33.6134707,
          28.2395324
        ]
      },
      "id": "node/4589145787"
    },
    {
      "type": "Feature",
      "properties": {
        "@id": "node/4694083817",
        "alt_name": "Berenice",
        "historic": "archaeological_site",
        "name": "Medinet-el Haras",
        "old_name": "Berenice Troglodytica",
        "wikidata": "Q819050",
        "wikimedia_commons": "Category:Berenice Troglodytica",
        "wikipedia": "es:Berenice Troglodytica"
      },
      "geometry": {
        "type": "Point",
        "coordinates": [
          35.4759377,
          23.9109505
        ]
      },
      "id": "node/4694083817"
    },
    {
      "type": "Feature",
      "properties": {
        "@id": "node/4738275673",
        "historic": "tomb",
        "name": "TT52 (Nakht)",
        "ref": "TT52",
        "source": "survey",
        "tourism": "attraction",
        "wikidata": "Q1540700",
        "wikimedia_commons": "Category:Tomb of Nakht TT52",
        "wikipedia": "en:TT52"
      },
      "geometry": {
        "type": "Point",
        "coordinates": [
          32.6107375,
          25.7326738
        ]
      },
      "id": "node/4738275673"
    },
    {
      "type": "Feature",
      "properties": {
        "@id": "node/4764007325",
        "historic": "monument",
        "name": "كوبري قصر النيل",
        "name:ar": "كوبري قصر النيل",
        "name:en": "Qasr El-Nile Bridge (The Nile Castle Bridge)",
        "name:fa": "پل قصر النیل",
        "name:ko": "카스르엘나일교",
        "wikidata": "Q1973889",
        "wikimedia_commons": "Category:Qasr al-Nil Bridge",
        "wikipedia": "en:Qasr El Nil Bridge"
      },
      "geometry": {
        "type": "Point",
        "coordinates": [
          31.2298343,
          30.0436895
        ]
      },
      "id": "node/4764007325"
    },
    {
      "type": "Feature",
      "properties": {
        "@id": "node/4768205345",
        "amenity": "grave_yard",
        "int_name": "Eastern Cemetery",
        "tourism": "attraction",
        "wikipedia": "en:Giza East Field"
      },
      "geometry": {
        "type": "Point",
        "coordinates": [
          31.137719,
          29.9779936
        ]
      },
      "id": "node/4768205345"
    },
    {
      "type": "Feature",
      "properties": {
        "@id": "node/4808905977",
        "historic": "archaeological_site",
        "name": "Mendes",
        "wikidata": "Q1427162",
        "wikimedia_commons": "Category:Mendes, Egypt",
        "wikipedia": "en:Mendes"
      },
      "geometry": {
        "type": "Point",
        "coordinates": [
          31.5170889,
          30.9562518
        ]
      },
      "id": "node/4808905977"
    },
    {
      "type": "Feature",
      "properties": {
        "@id": "node/4825305806",
        "historic": "archaeological_site",
        "name": "Qift",
        "wikidata": "Q935454",
        "wikimedia_commons": "Category:Qift",
        "wikipedia": "en:Qift"
      },
      "geometry": {
        "type": "Point",
        "coordinates": [
          32.8161441,
          25.9961949
        ]
      },
      "id": "node/4825305806"
    },
    {
      "type": "Feature",
      "properties": {
        "@id": "node/4883931553",
        "historic": "monument",
        "name": "Pyramid of Naqada",
        "source": "wikipedia",
        "wikidata": "Q2119728",
        "wikipedia": "en:Pyramid of Naqada"
      },
      "geometry": {
        "type": "Point",
        "coordinates": [
          32.70917,
          25.94056
        ]
      },
      "id": "node/4883931553"
    },
    {
      "type": "Feature",
      "properties": {
        "@id": "node/4883938812",
        "historic": "archaeological_site",
        "name": "Unfinished Northern Pyramid of Zawyet El Aryan",
        "source": "wikipedia",
        "wikidata": "Q785696",
        "wikimedia_commons": "Category:Pyramid of Baka",
        "wikipedia": "en:Unfinished Northern Pyramid of Zawyet El Aryan"
      },
      "geometry": {
        "type": "Point",
        "coordinates": [
          31.151556,
          29.9401222
        ]
      },
      "id": "node/4883938812"
    },
    {
      "type": "Feature",
      "properties": {
        "@id": "node/4883956801",
        "alt_name:en": "Lepsius XXV",
        "alt_name:ru": "Пирамида Лепсиуса XXV",
        "historic": "tomb",
        "historic:civilization": "ancient_egyptian",
        "name": "Double Pyramid",
        "name:ru": "Двойная пирамида",
        "source": "wikipedia",
        "tomb": "pyramid",
        "wikidata": "Q1377626",
        "wikimedia_commons": "Category:Lepsius XXV Pyramid",
        "wikipedia": "en:Double Pyramid"
      },
      "geometry": {
        "type": "Point",
        "coordinates": [
          31.20306,
          29.89306
        ]
      },
      "id": "node/4883956801"
    },
    {
      "type": "Feature",
      "properties": {
        "@id": "node/4883959140",
        "historic": "tomb",
        "historic:civilization": "ancient_egyptian",
        "name": "Lepsius XXIV",
        "name:ru": "Пирамида Лепсиуса XXIV",
        "source": "wikipedia",
        "tomb": "pyramid",
        "wikidata": "Q1820141",
        "wikimedia_commons": "Category:Lepsius XXIV Pyramid",
        "wikipedia": "en:Lepsius XXIV"
      },
      "geometry": {
        "type": "Point",
        "coordinates": [
          31.202861,
          29.893528
        ]
      },
      "id": "node/4883959140"
    },
    {
      "type": "Feature",
      "properties": {
        "@id": "node/4883959264",
        "historic": "tomb",
        "historic:civilization": "ancient_egyptian",
        "name": "Pyramid of Khentkaus II",
        "name:ru": "Пирамида Хенткауса II",
        "source": "wikipedia",
        "tomb": "pyramid",
        "wikidata": "Q1070133",
        "wikimedia_commons": "Category:Pyramid of Khentkaus II",
        "wikipedia": "en:Pyramid of Khentkaus II"
      },
      "geometry": {
        "type": "Point",
        "coordinates": [
          31.2025,
          29.894139
        ]
      },
      "id": "node/4883959264"
    },
    {
      "type": "Feature",
      "properties": {
        "@id": "node/4883972250",
        "historic": "monument",
        "historic:civilization": "ancient_egyptian",
        "name": "Unfinished Pyramid of Abusir",
        "name:ru": "Незавершенная пирамида Абусира",
        "source": "wikipedia",
        "wikidata": "Q1574230",
        "wikipedia": "en:Unfinished Pyramid of Abusir"
      },
      "geometry": {
        "type": "Point",
        "coordinates": [
          31.20167,
          29.89861
        ]
      },
      "id": "node/4883972250"
    },
    {
      "type": "Feature",
      "properties": {
        "@id": "node/4883986747",
        "historic": "monument",
        "historic:civilization": "ancient_egyptian",
        "name": "Qakare Ibi",
        "source": "wikipedia",
        "wikidata": "Q373513",
        "wikimedia_commons": "Category:Qakare Ibi",
        "wikipedia": "en:Qakare Ibi"
      },
      "geometry": {
        "type": "Point",
        "coordinates": [
          31.21778,
          29.84167
        ]
      },
      "id": "node/4883986747"
    },
    {
      "type": "Feature",
      "properties": {
        "@id": "node/4883987431",
        "historic": "monument",
        "name": "Pyramid of Khui",
        "source": "wikipedia",
        "wikidata": "Q166248",
        "wikimedia_commons": "Category:Pyramid of Khui",
        "wikipedia": "en:Pyramid of Khui"
      },
      "geometry": {
        "type": "Point",
        "coordinates": [
          30.87167,
          27.30778
        ]
      },
      "id": "node/4883987431"
    },
    {
      "type": "Feature",
      "properties": {
        "@id": "node/4883991790",
        "historic": "archaeological_site",
        "name": "Northern Mazghuna pyramid",
        "name:en": "Northern Mazghuna pyramid",
        "name:ru": "пирамида Северная Мазгуна",
        "source": "wikipedia",
        "wikidata": "Q2006734",
        "wikimedia_commons": "Category:Northern Mazghuna Pyramid",
        "wikipedia": "en:Northern Mazghuna pyramid"
      },
      "geometry": {
        "type": "Point",
        "coordinates": [
          31.22083,
          29.7675
        ]
      },
      "id": "node/4883991790"
    },
    {
      "type": "Feature",
      "properties": {
        "@id": "node/4883998691",
        "historic": "tomb",
        "historic:civilization": "ancient_egyptian",
        "name": "Pyramid of Reherishefnakht",
        "source": "wikipedia",
        "wikidata": "Q2138962",
        "wikipedia": "en:Pyramid of Reherishefnakht"
      },
      "geometry": {
        "type": "Point",
        "coordinates": [
          31.21778,
          29.85389
        ]
      },
      "id": "node/4883998691"
    },
    {
      "type": "Feature",
      "properties": {
        "@id": "node/4883999605",
        "historic": "archaeological_site",
        "name": "Southern Mazghuna pyramid",
        "name:ru": "пирамида Южная Мажгуна",
        "source": "wikipedia",
        "wikidata": "Q2381000",
        "wikimedia_commons": "Category:Southern Mazghuna Pyramid",
        "wikipedia": "en:Southern Mazghuna pyramid"
      },
      "geometry": {
        "type": "Point",
        "coordinates": [
          31.22083,
          29.76167
        ]
      },
      "id": "node/4883999605"
    },
    {
      "type": "Feature",
      "properties": {
        "@id": "node/4884007312",
        "historic": "monument",
        "name": "SAK S 3",
        "source": "wikipedia",
        "wikidata": "Q247189",
        "wikipedia": "en:SAK S 3"
      },
      "geometry": {
        "type": "Point",
        "coordinates": [
          31.223775,
          29.8339722
        ]
      },
      "id": "node/4884007312"
    },
    {
      "type": "Feature",
      "properties": {
        "@id": "node/4884010059",
        "historic": "archaeological_site",
        "name": "Pyramid of Ahmose",
        "source": "wikipedia",
        "wikidata": "Q402041",
        "wikimedia_commons": "Category:Pyramid of Ahmose",
        "wikipedia": "en:Pyramid of Ahmose"
      },
      "geometry": {
        "type": "Point",
        "coordinates": [
          31.93778,
          26.175
        ]
      },
      "id": "node/4884010059"
    },
    {
      "type": "Feature",
      "properties": {
        "@id": "node/4884015052",
        "archaeological_site": "tomb",
        "historic": "archaeological_site",
        "historic:civilization": "ancient_egyptian",
        "name": "Layer Pyramid",
        "source": "wikipedia",
        "wikidata": "Q740691",
        "wikimedia_commons": "Category:Layer Pyramid",
        "wikipedia": "en:Layer Pyramid"
      },
      "geometry": {
        "type": "Point",
        "coordinates": [
          31.161262,
          29.93282
        ]
      },
      "id": "node/4884015052"
    },
    {
      "type": "Feature",
      "properties": {
        "@id": "node/4884042120",
        "historic": "monument",
        "name": "Gerf Hussein",
        "source": "wikipedia",
        "submerged": "yes",
        "wikidata": "Q267700",
        "wikimedia_commons": "Category:Gerf Hussein",
        "wikipedia": "en:Gerf Hussein"
      },
      "geometry": {
        "type": "Point",
        "coordinates": [
          32.9,
          23.2833
        ]
      },
      "id": "node/4884042120"
    },
    {
      "type": "Feature",
      "properties": {
        "@id": "node/4884205229",
        "historic": "monument",
        "name": "Temple of Dendur",
        "source": "wikipedia",
        "submerged": "yes",
        "wikidata": "Q1186970",
        "wikimedia_commons": "Category:Temple of Dendur",
        "wikipedia": "en:Temple of Dendur"
      },
      "geometry": {
        "type": "Point",
        "coordinates": [
          32.95,
          23.38306
        ]
      },
      "id": "node/4884205229"
    },
    {
      "type": "Feature",
      "properties": {
        "@id": "node/4884215718",
        "historic": "monument",
        "name": "Temple of Montu (Medamud)",
        "source": "wikipedia",
        "wikidata": "Q3517593",
        "wikimedia_commons": "Category:Temple of Montu in Medamud",
        "wikipedia": "en:Temple of Montu (Medamud)"
      },
      "geometry": {
        "type": "Point",
        "coordinates": [
          32.7101722,
          25.7342389
        ]
      },
      "id": "node/4884215718"
    },
    {
      "type": "Feature",
      "properties": {
        "@id": "node/4884222180",
        "historic": "monument",
        "name": "Temple of Ellesyia",
        "source": "wikipedia",
        "submerged": "yes",
        "wikidata": "Q3517517",
        "wikimedia_commons": "Category:Temple of Ellesija",
        "wikipedia": "en:Temple of Ellesyia"
      },
      "geometry": {
        "type": "Point",
        "coordinates": [
          31.962662,
          22.622568
        ]
      },
      "id": "node/4884222180"
    },
    {
      "type": "Feature",
      "properties": {
        "@id": "node/4884233466",
        "historic": "monument",
        "name": "Temple of Taffeh",
        "source": "wikipedia",
        "submerged": "yes",
        "wikidata": "Q978503",
        "wikimedia_commons": "Category:Temple of Taffeh",
        "wikipedia": "en:Temple of Taffeh"
      },
      "geometry": {
        "type": "Point",
        "coordinates": [
          32.8721,
          23.6197
        ]
      },
      "id": "node/4884233466"
    },
    {
      "type": "Feature",
      "properties": {
        "@id": "node/4887780048",
        "historic": "tomb",
        "name": "WV24",
        "name:fr": "WV24 Tombeau inconnu",
        "source": "wikipedia",
        "website": "https://thebanmappingproject.com/sites/browse_tomb_838.html",
        "wikidata": "Q200653",
        "wikimedia_commons": "Category:WV24",
        "wikipedia": "en:WV24"
      },
      "geometry": {
        "type": "Point",
        "coordinates": [
          32.5926485,
          25.7412769
        ]
      },
      "id": "node/4887780048"
    },
    {
      "type": "Feature",
      "properties": {
        "@id": "node/4887781483",
        "historic": "tomb",
        "name": "WV25",
        "name:fr": "WV25 Tombeau inconnu",
        "source": "wikipedia",
        "website": "https://www.thebanmappingproject.com/sites/browse_tomb_839.html",
        "wikidata": "Q2300538",
        "wikimedia_commons": "Category:WV25",
        "wikipedia": "en:WV25"
      },
      "geometry": {
        "type": "Point",
        "coordinates": [
          32.5928011,
          25.7412351
        ]
      },
      "id": "node/4887781483"
    },
    {
      "type": "Feature",
      "properties": {
        "@id": "node/4887787977",
        "amenity": "grave_yard",
        "historic": "tomb",
        "name": "KV27",
        "name:fr": "KV27 Inconnu",
        "source": "wikipedia",
        "website": "https://thebanmappingproject.com/sites/browse_tomb_841.html",
        "wikidata": "Q1976462",
        "wikimedia_commons": "Category:KV27",
        "wikipedia": "en:KV27"
      },
      "geometry": {
        "type": "Point",
        "coordinates": [
          32.6030956,
          25.7398279
        ]
      },
      "id": "node/4887787977"
    },
    {
      "type": "Feature",
      "properties": {
        "@id": "node/4887800794",
        "historic": "tomb",
        "name": "KV39",
        "name:en": "Amenhetep I tomb ?",
        "name:fr": "KV39 Tombeau d'Amenhetep I ?",
        "source": "wikipedia",
        "website": "https://thebanmappingproject.com/sites/browse_tomb_853.html",
        "wikidata": "Q1597218",
        "wikimedia_commons": "Category:KV39",
        "wikipedia": "en:KV39"
      },
      "geometry": {
        "type": "Point",
        "coordinates": [
          32.5998351,
          25.7364111
        ]
      },
      "id": "node/4887800794"
    },
    {
      "type": "Feature",
      "properties": {
        "@id": "node/4887803050",
        "historic": "tomb",
        "name": "Tomb ANB",
        "source": "wikipedia",
        "wikidata": "Q295879",
        "wikipedia": "en:Tomb ANB"
      },
      "geometry": {
        "type": "Point",
        "coordinates": [
          32.57125,
          25.698583
        ]
      },
      "id": "node/4887803050"
    },
    {
      "type": "Feature",
      "properties": {
        "@id": "node/4887816651",
        "amenity": "grave_yard",
        "historic": "tomb",
        "name": "KV49",
        "name:fr": "KV49 Tombeau inconnu",
        "source": "wikipedia",
        "website": "https://thebanmappingproject.com/sites/browse_tomb_863.html",
        "wikidata": "Q690563",
        "wikimedia_commons": "Category:KV49",
        "wikipedia": "en:KV49"
      },
      "geometry": {
        "type": "Point",
        "coordinates": [
          32.6005331,
          25.7399055
        ]
      },
      "id": "node/4887816651"
    },
    {
      "type": "Feature",
      "properties": {
        "@id": "node/4887818016",
        "historic": "tomb",
        "name": "KV52",
        "name:en": "Animal Tomb",
        "name:fr": "KV52 Tombeau d'animaux",
        "source": "wikipedia",
        "website": "https://thebanmappingproject.com/sites/browse_tomb_865.html",
        "wikidata": "Q525882",
        "wikimedia_commons": "Category:KV52",
        "wikipedia": "en:KV52"
      },
      "geometry": {
        "type": "Point",
        "coordinates": [
          32.6004529,
          25.7399713
        ]
      },
      "id": "node/4887818016"
    },
    {
      "type": "Feature",
      "properties": {
        "@id": "node/4887821474",
        "amenity": "grave_yard",
        "historic": "tomb",
        "name": "KV63",
        "name:fr": "KV63 Inconnu",
        "source": "wikipedia",
        "wikidata": "Q1109560",
        "wikimedia_commons": "Category:KV63",
        "wikipedia": "en:KV63"
      },
      "geometry": {
        "type": "Point",
        "coordinates": [
          32.6015094,
          25.7400839
        ]
      },
      "id": "node/4887821474"
    },
    {
      "type": "Feature",
      "properties": {
        "@id": "node/4887821706",
        "historic": "tomb",
        "name": "KV53",
        "name:fr": "KV53 Inconnu",
        "source": "wikipedia",
        "website": "https://thebanmappingproject.com/sites/browse_tomb_867.html",
        "wikidata": "Q1719163",
        "wikimedia_commons": "Category:KV53",
        "wikipedia": "en:KV53"
      },
      "geometry": {
        "type": "Point",
        "coordinates": [
          32.6007716,
          25.7398086
        ]
      },
      "id": "node/4887821706"
    },
    {
      "type": "Feature",
      "properties": {
        "@id": "node/4887824864",
        "amenity": "grave_yard",
        "historic": "tomb",
        "name": "KV59",
        "name:fr": "KV59 Inconnu",
        "source": "wikipedia",
        "website": "https://thebanmappingproject.com/sites/browse_tomb_873.html",
        "wikidata": "Q2133920",
        "wikipedia": "en:KV59"
      },
      "geometry": {
        "type": "Point",
        "coordinates": [
          32.6007094,
          25.7387243
        ]
      },
      "id": "node/4887824864"
    },
    {
      "type": "Feature",
      "properties": {
        "@id": "node/4887829154",
        "amenity": "grave_yard",
        "historic": "tomb",
        "name": "KV64",
        "source": "wikipedia",
        "wikidata": "Q1061643",
        "wikimedia_commons": "Category:KV64",
        "wikipedia": "en:KV64"
      },
      "geometry": {
        "type": "Point",
        "coordinates": [
          32.601306,
          25.740167
        ]
      },
      "id": "node/4887829154"
    },
    {
      "type": "Feature",
      "properties": {
        "@id": "node/4887829626",
        "historic": "tomb",
        "name": "KV65",
        "source": "wikipedia",
        "wikidata": "Q646967",
        "wikipedia": "en:KV65"
      },
      "geometry": {
        "type": "Point",
        "coordinates": [
          32.5940929,
          25.7421008
        ]
      },
      "id": "node/4887829626"
    },
    {
      "type": "Feature",
      "properties": {
        "@id": "node/4887839784",
        "historic": "tomb",
        "name": "KV58",
        "name:en": "Unknow",
        "name:fr": "KV58 Inconnu",
        "ref": "KV58",
        "wikidata": "Q1465157",
        "wikimedia_commons": "Category:KV58",
        "wikipedia": "ar:مقبرة 58"
      },
      "geometry": {
        "type": "Point",
        "coordinates": [
          32.6009074,
          25.7401172
        ]
      },
      "id": "node/4887839784"
    },
    {
      "type": "Feature",
      "properties": {
        "@id": "node/4903914325",
        "heritage": "1",
        "historic": "tomb",
        "name:en": "Tomb of PANEHSY",
        "name:hu": "PANEHSY sírja",
        "tomb": "rock-cut",
        "tourism": "attraction",
        "wikipedia": "en:Tomb of Panehsy"
      },
      "geometry": {
        "type": "Point",
        "coordinates": [
          30.9299167,
          27.66116
        ]
      },
      "id": "node/4903914325"
    },
    {
      "type": "Feature",
      "properties": {
        "@id": "node/4903927824",
        "alt_name:el": "Φιλή;Πιλάχ",
        "alt_name:grc": "Φιλή;Πιλάχ",
        "name": "فيلة",
        "name:ar": "فيلة",
        "name:de": "Philae",
        "name:el": "Φίλαι",
        "name:en": "Philae",
        "name:es": "File",
        "name:fa": "فیله",
        "name:fr": "Philæ",
        "name:grc": "Φίλαι",
        "name:he": "פילה",
        "name:ur": "فيلہ",
        "tourism": "attraction",
        "wheelchair": "yes",
        "wikidata": "Q245062",
        "wikimedia_commons": "Category:Philae",
        "wikipedia": "ar:فيلة"
      },
      "geometry": {
        "type": "Point",
        "coordinates": [
          32.8896278,
          24.0209719
        ]
      },
      "id": "node/4903927824"
    },
    {
      "type": "Feature",
      "properties": {
        "@id": "node/5017183546",
        "historic": "archaeological_site",
        "historic:civilization": "ancient_egyptian",
        "name": "Heracleopolis Magna",
        "wikidata": "Q249480",
        "wikimedia_commons": "Category:Herakleopolis Magna",
        "wikipedia": "en:Heracleopolis Magna"
      },
      "geometry": {
        "type": "Point",
        "coordinates": [
          30.9345621,
          29.0855154
        ]
      },
      "id": "node/5017183546"
    },
    {
      "type": "Feature",
      "properties": {
        "@id": "node/5017212409",
        "historic": "archaeological_site",
        "historic:civilization": "ancient_egyptian",
        "name": "Athribis (Upper Egypt)",
        "wikidata": "Q755738",
        "wikimedia_commons": "Category:Athribis, Upper Egypt",
        "wikipedia": "en:Athribis (Upper Egypt)"
      },
      "geometry": {
        "type": "Point",
        "coordinates": [
          31.6653555,
          26.5113586
        ]
      },
      "id": "node/5017212409"
    },
    {
      "type": "Feature",
      "properties": {
        "@id": "node/5062456966",
        "historic": "archaeological_site",
        "historic:civilization": "ancient_egyptian",
        "name": "Buto",
        "source": "Bing",
        "wikidata": "Q739278",
        "wikimedia_commons": "Category:Buto",
        "wikipedia": "en:Buto"
      },
      "geometry": {
        "type": "Point",
        "coordinates": [
          30.7444913,
          31.1963959
        ]
      },
      "id": "node/5062456966"
    },
    {
      "type": "Feature",
      "properties": {
        "@id": "node/5126304822",
        "alt_name": "Umm Rus",
        "name": "Marsa Mubarak",
        "name:en": "Marsa Mares Bay",
        "natural": "bay",
        "sport": "scuba_diving",
        "sport:scuba_diving": "yes",
        "tourism": "attraction",
        "wikidata": "Q23946315"
      },
      "geometry": {
        "type": "Point",
        "coordinates": [
          34.6521265,
          25.5095405
        ]
      },
      "id": "node/5126304822"
    },
    {
      "type": "Feature",
      "properties": {
        "@id": "node/5224969716",
        "archaeological_site": "petroglyph",
        "historic": "archaeological_site",
        "name:en": "Famine Stela",
        "tourism": "attraction",
        "wikidata": "Q1419777",
        "wikimedia_commons": "Category:Famine stele",
        "wikipedia": "en:Famine Stela"
      },
      "geometry": {
        "type": "Point",
        "coordinates": [
          32.8721805,
          24.0577562
        ]
      },
      "id": "node/5224969716"
    },
    {
      "type": "Feature",
      "properties": {
        "@id": "node/5267589822",
        "museum": "archaeological",
        "name:en": "Mummification Museum",
        "name:tr": "Mumyalama Müzesi",
        "opening_hours": "Mo-Su 09:00-14:00,17:00-21:00",
        "tourism": "museum",
        "wikidata": "Q3330049",
        "wikimedia_commons": "Category:Mummification Museum, Luxor",
        "wikipedia": "ar:متحف التحنيط"
      },
      "geometry": {
        "type": "Point",
        "coordinates": [
          32.6398801,
          25.7025345
        ]
      },
      "id": "node/5267589822"
    },
    {
      "type": "Feature",
      "properties": {
        "@id": "node/5285048124",
        "historic": "tomb",
        "name:en": "N100 Rekhmire",
        "wikidata": "Q634196",
        "wikimedia_commons": "Category:Tomb of Rekhmire",
        "wikipedia": "ar:مقبرة رح مى رع"
      },
      "geometry": {
        "type": "Point",
        "coordinates": [
          32.607431,
          25.7313526
        ]
      },
      "id": "node/5285048124"
    },
    {
      "type": "Feature",
      "properties": {
        "@id": "node/5285048125",
        "historic": "tomb",
        "name": "TT56 Userhat",
        "name:en": "TT56 Userhat",
        "wikidata": "Q3512466",
        "wikimedia_commons": "Category:Tomb of Userhat TT56",
        "wikipedia": "en:TT56"
      },
      "geometry": {
        "type": "Point",
        "coordinates": [
          32.6086873,
          25.7305737
        ]
      },
      "id": "node/5285048125"
    },
    {
      "type": "Feature",
      "properties": {
        "@id": "node/5285048126",
        "historic": "tomb",
        "name": "TT55 Ramose",
        "name:en": "TT55 Ramose",
        "wikidata": "Q602174",
        "wikimedia_commons": "Category:Tomb of Ramose",
        "wikipedia": "ar:مقبرة رع موزا"
      },
      "geometry": {
        "type": "Point",
        "coordinates": [
          32.6089461,
          25.7307612
        ]
      },
      "id": "node/5285048126"
    },
    {
      "type": "Feature",
      "properties": {
        "@id": "node/5285055322",
        "historic": "tomb",
        "name": "TT41 Amenemipet",
        "name:en": "TT41 Amenemipet",
        "wikidata": "Q3512438",
        "wikipedia": "en:TT41"
      },
      "geometry": {
        "type": "Point",
        "coordinates": [
          32.6107193,
          25.7325731
        ]
      },
      "id": "node/5285055322"
    },
    {
      "type": "Feature",
      "properties": {
        "@id": "node/5285055422",
        "historic": "tomb",
        "name": "TT52 Nakht",
        "name:en": "TT52 Nakht",
        "wikidata": "Q1540700",
        "wikimedia_commons": "Category:Tomb of Nakht TT52",
        "wikipedia": "ar:مقبرة نخت"
      },
      "geometry": {
        "type": "Point",
        "coordinates": [
          32.6099256,
          25.7318452
        ]
      },
      "id": "node/5285055422"
    },
    {
      "type": "Feature",
      "properties": {
        "@id": "node/5285055423",
        "historic": "tomb",
        "name:en": "TT96 Sennefer",
        "wikidata": "Q16678842",
        "wikipedia": "en:TT97"
      },
      "geometry": {
        "type": "Point",
        "coordinates": [
          32.6067379,
          25.7313981
        ]
      },
      "id": "node/5285055423"
    },
    {
      "type": "Feature",
      "properties": {
        "@id": "node/5285055424",
        "historic": "tomb",
        "name": "TT57 Khaemhat",
        "name:en": "TT57 Khaemhat",
        "wikidata": "Q3512462",
        "wikimedia_commons": "Category:Tomb of Khaemhat called Mahu TT57",
        "wikipedia": "en:TT57"
      },
      "geometry": {
        "type": "Point",
        "coordinates": [
          32.6087223,
          25.7304115
        ]
      },
      "id": "node/5285055424"
    },
    {
      "type": "Feature",
      "properties": {
        "@id": "node/5368380296",
        "heritage": "1",
        "historic": "tomb",
        "name": "Royal Tomb of Eknathon",
        "name:hu": "Amarnai királysír",
        "tomb": "rock-cut",
        "tourism": "attraction",
        "wikipedia": "hu:Amarnai királysír"
      },
      "geometry": {
        "type": "Point",
        "coordinates": [
          30.984953,
          27.6263998
        ]
      },
      "id": "node/5368380296"
    },
    {
      "type": "Feature",
      "properties": {
        "@id": "node/5368825630",
        "heritage": "1",
        "historic": "tomb",
        "name": "Northern tombs",
        "name:hu": "Északi sírok",
        "tomb": "rock-cut",
        "tourism": "attraction",
        "wikipedia": "en:Amarna"
      },
      "geometry": {
        "type": "Point",
        "coordinates": [
          30.9276322,
          27.6637328
        ]
      },
      "id": "node/5368825630"
    },
    {
      "type": "Feature",
      "properties": {
        "@id": "node/5368826184",
        "heritage": "1",
        "historic": "tomb",
        "name": "Northern tombs",
        "name:hu": "Északi sírok",
        "tomb": "rock-cut",
        "tourism": "attraction",
        "wikipedia": "en:Amarna"
      },
      "geometry": {
        "type": "Point",
        "coordinates": [
          30.9214041,
          27.6695042
        ]
      },
      "id": "node/5368826184"
    },
    {
      "type": "Feature",
      "properties": {
        "@id": "node/5368826191",
        "alt_name:hu": "Ehnaton Naphimnusz",
        "description": "أوه ، عشت عتون ، الذي خلق الحياة ، أشرق لك ، ملأت الأرض بجمالك. أتيت ، أنت عظيم ورائع ، أشعةك تحتضن الأرض إلى الحد الذي قمت بإنشائه ، والشمس ، وإخضاعها لابنك الحبيب.",
        "description:ar": "أوه ، عشت عتون ، الذي خلق الحياة ، أشرق لك ، ملأت الأرض بجمالك. أتيت ، أنت عظيم ورائع ، أشعةك تحتضن الأرض إلى الحد الذي قمت بإنشائه ، والشمس ، وإخضاعها لابنك الحبيب.",
        "description:bg": "О, жив Атон, който е създал живота, ти си светилник, изпълнил си земята с красотата си. Дойдете, вие сте великолепни и блестящи, вашите лъчи прегръщат земята до границата, която сте създали, Слънцето, и ги покорете на вашия възлюбен Cин.",
        "description:cs": "Oh, žijící Aton, který stvořil život, zazářil jsi, naplnil jsi zem svou krásou. Přijdeš, jsi veliký a brilantní, tvoje paprsky obejdou Zemi do limitu, který jsi vytvořil, Slunce, a podmaníš si svého milovaného Syna.",
        "description:da": "Åh, levende Aton, som skabte livet, du skinnede, du fyldte jorden med din skønhed. Du kommer, du er stor og strålende, dine stråler omfavner jorden til den grænse, du har skabt, solen, og underkaster dem til din elskede Søn.",
        "description:de": "Oh, lebender Aton, der das Leben erschuf, du leuchtest, du erfüllst die Erde mit deiner Schönheit. Du kommst, du bist großartig und brillant, deine Strahlen umfassen die Erde bis zu der Grenze, die du geschaffen hast, unterwerfen sie deinem geliebten Sohn",
        "description:el": "Ω, ζωντανός Άτον, που δημιούργησε τη ζωή, εσύ λάμπεις, γεμίσες τη γη με την ομορφιά σου. Εσείς, είστε σπουδαίοι και λαμπροί, οι ακτίνες σας αγκαλιάζουν τη γη στο όριο που έχετε δημιουργήσει, τον Ήλιο, και υποτάξτε τους στον αγαπημένο σας γιο.",
        "description:en": "Oh, living Aton, who created the life, you shone, you filled the earth with your beauty. You come, you are great and brilliant, your rays embrace the earth to the limit you have created, the Sun, and subdue them to your beloved Son.",
        "description:es": "Oh, Aton viviente, quien creó la vida, brillaste, llenaste la tierra con tu belleza. Vienes, eres grande y brillante, tus rayos abrazan la Tierra hasta el límite que has creado, el Sol, y los sometes a tu amado Hijo.",
        "description:fi": "Oi, elävä Aton, joka loi elämän, loistit, täytitte maan kauneudellanne. Tulet, te olette suuria ja loistavia, säteet omaksuvat maapallon rajaan, jonka olet luonut, auringon ja tukahduttanut ne rakas Poikasi.",
        "description:fr": "Oh, vivant Aton, qui a créé la vie, tu as brillé, tu as rempli la terre de ta beauté. Vous venez, vous êtes grands et brillants, vos rayons embrassent la terre à la limite que vous avez créée, le soleil, et les soumettent à votre Fils bien-aimé.",
        "description:he": "הו, החיים של Aton, שיצר את החיים, אתה בוהק, אתה מילא את כדור הארץ עם היופי שלך. אתם באים, אתם גדולים ומבריקים, קרניכם מאמצות את האדמה עד לגבול שיצרתם, את השמש, ומכניסים אותם לבנך האהוב.",
        "description:hr": "Oh, živi Aton, koji je stvorio život, ti si zasjao, ispunio si zemlju svojom ljepotom. Dođite, vi ste veliki i briljantni, vaše zrake zagrljaju zemlju do granice koju ste stvorili, Sunce, i pokorite ih svom voljenom Sinu.",
        "description:hu": "Ó élő Aton, ki megteremtetted az életet, felragyogtál, szépségeddel megtöltötted a Földet. Eljössz, nagyszerű és ragyogó vagy, sugaraid átölelik a Földet annak határáig, amit teremtettél, Te, a Nap, és aláveted őket szeretett Fiadnak.",
        "description:it": "Oh, vivendo Aton, che ha creato la vita, hai brillato, hai riempito la terra con la tua bellezza. Tu vieni, sei grande e brillante, i tuoi raggi abbracciano la terra al limite che hai creato, il Sole, e li sottometti al tuo amato Figlio.",
        "description:ja": "ああ、人生を創造したアトンに住んでいる、あなたは輝いた、あなたはあなたの美しさで地球を満たした。 あなたは来ます、あなたは偉大で素晴らしいです、あなたの光線はあなたが創造した限界、太陽まで地球を抱きしめ、あなたの最愛の息子にそれらを征服します。",
        "description:la": "O viventem Aten, qui creavit anima illuminatur, pulchritudo ejus plena est terra. Venies maximum splendorem amplecti aut radiis extremis terrae tu fecisti tu solis Filius renovent.",
        "description:nl": "Oh, levend Aton, die het leven schiep, je scheen, je vervulde de aarde met je schoonheid. Je komt, je bent geweldig en briljant, je stralen omhelzen de aarde tot het limiet dat je hebt gecreëerd, de Zon, en onderwerpen ze aan je geliefde Zoon.",
        "description:no": "Å, levende Aton, som skapte livet, du skinnet, du fylte jorden med din skjønnhet. Du kommer, du er flott og strålende, dine stråler omfavner jorden til den grensen du har skapt, Solen, og undertrykker dem til din elskede Sønn.",
        "description:pl": "Och, żywy Atonie, który stworzył życie, świeciłeś, napełniłeś ziemię swoim pięknem. Przychodzicie, jesteście wspaniali i błyskotliwi, wasze promienie obejmują Ziemię do granicy, którą stworzyliście, Słońce, i ujarzmicie je waszemu ukochanemu Synowi.",
        "description:pt": "Oh, vivendo Aton, que criou a vida, você brilhou, encheu a terra com sua beleza. Você vem, você é grande e brilhante, seus raios abraçam a Terra até o limite que você criou, o Sol, e os submete ao seu amado Filho.",
        "description:ro": "Oh, trăind Aton, care a creat viața, ai strălucit, ai umplut pământul cu frumusețea ta. Veniți voi, sunteți minunați și strălucitori, razele voastre îmbrățișează Pământul până la limita pe care ați creat-o, Soarele și le supuneți Fiului vostru preaiubit.",
        "description:ru": "О, живой Атон, который создал жизнь, ты сиял, ты наполнил землю своей красотой. Ты пришел, ты великий и блестящий, твои лучи охватывают землю до предела, который ты создал, Солнце, и подчиняй их своему любимому Cыну.",
        "description:se": "Åh, levande Aton, som skapade livet, du sken, du fyllde jorden med din skönhet. Du kommer, du är stor och lysande, dina strålar omfamnar jorden till den gräns du har skapat, solen och subduer dem till din älskade Son.",
        "description:sk": "Ó, žijúci Aton, ktorý vytvoril život, zažiaril si, naplnil si zem svojou krásou. Prídeš, si skvelý a brilantný, tvoje lúče obklopujú Zem na hranicu, ktorú si vytvoril, Slnko, a podmaníš si ich milovaného Syna.",
        "description:sl": "Oh, živi Aton, ki je ustvaril življenje, sijaj si, napolnil si zemljo s svojo lepoto. Pridite, vi ste veliki in briljantni, vaši žarki objemajo Zemljo do meje, ki ste jo ustvarili, Sonca, in jih podredite svojemu ljubljenemu Sinu.",
        "description:sr": "Ох, живи Атон, који је створио живот, ти си сијао, испунио си земљу својом љепотом. Дођите, ви сте велики и бриљантни, ваше зраке загрле Земљу до границе коју сте створили, Сунце, и покорите их свом вољеном Сину.",
        "description:tr": "Ah, yaşayan Aton, hayatı yaratan, sen parladın, dünyayı güzelliğinle doldurdun. Geldin, harikasın ve harikasın, ışınların Dünya'yı yarattığın sınırlara, Güneş'e kucaklıyor ve onları sevgili Oğluna indirgiyor.",
        "description:uk": "О, живий Атон, який творив життя, ти світив, ти наповнив землю своєю красою. Прийдіть, ви великі і блискучі, ваші промені охоплюють Землю до межі, яку ви створили, Сонця, і підкорите їх улюбленому Синові.",
        "description:zh": "哦，活着的Aton，创造了生命，你闪耀着，你用你的美丽填满了大地。 你来了，你是伟大而辉煌的，你的光芒拥抱你创造的极限，太阳，并将它们制服给你心爱的儿子。",
        "heritage": "1",
        "historic": "memorial",
        "int_name": "Stelae \"U\", Athon's Sun-hymn",
        "name:bg": "Стела \"U\", слънчевата химна на Атон",
        "name:cs": "Stelae \"U\", Athonův Sun-hymnus",
        "name:da": "Stelae \"U\", Athons solsang",
        "name:de": "Stele \"U\", Athons Sonnenhymne",
        "name:el": "Stelae \"U\", τον Ήλιο-ύμνο του Αθωνικού",
        "name:en": "Stelae \"U\", Athon's Sun-hymn",
        "name:es": "Estela \"U\", himno Sol de Athon",
        "name:fi": "Stelae \"U\", Athonin Sun-hymni",
        "name:fr": "Stèles \"U\", l'hymne du Sol d'Athon",
        "name:he": "יום ראשון של אתון",
        "name:hr": "Stelae \"U\", Athonova sunčana himna",
        "name:hu": "\"U\" sztélé, Aton Naphimnusz",
        "name:it": "Stele \"U\", Inno del Sole di Athon",
        "name:la": "Stelae \"U\", iuventus est sol, hymnum",
        "name:nl": "Stelae \"U\", Athon's Sun-hymne",
        "name:no": "Stelae \"U\", Athons solsang",
        "name:pl": "Stelae „U”, hymn Sun Athona",
        "name:pt": "Estela \"U\", hino do sol de Athon",
        "name:ro": "Stelae \"U\", imnul soarelui Athon",
        "name:ru": "Стелы \"U\", Cолнечный гимн Athon",
        "name:se": "Stelae \"U\", Athons Sol sang",
        "name:sk": "Stelae \"U\", Athon Sun-hymnus",
        "name:sl": "Stelae \"U\", Athonova sončna himna",
        "name:sr": "Стелае \"У\", Атхонов Сун-химна",
        "name:tr": "Stelae \"U\", Athon Sun-ilahisi",
        "name:uk": "Стели \"У\", Сонцеві гімни Атона",
        "start_date": "1350 BC",
        "tomb": "rock-cut",
        "tourism": "attraction",
        "wikipedia": "en:Boundary Stelae of Akhenaten"
      },
      "geometry": {
        "type": "Point",
        "coordinates": [
          30.9381625,
          27.6456245
        ]
      },
      "id": "node/5368826191"
    },
    {
      "type": "Feature",
      "properties": {
        "@id": "node/5433927432",
        "name": "محطة الرمل",
        "name:ar": "محطة الرمل",
        "name:en": "Mahatet El Raml",
        "tourism": "attraction",
        "wikidata": "Q4518509",
        "wikimedia_commons": "Category:Ramleh Station",
        "wikipedia": "en:Mahatet El Raml"
      },
      "geometry": {
        "type": "Point",
        "coordinates": [
          29.9013501,
          31.201541
        ]
      },
      "id": "node/5433927432"
    },
    {
      "type": "Feature",
      "properties": {
        "@id": "node/5810401995",
        "artwork_type": "statue",
        "historic": "monument",
        "name": "تمثال سعد زغلول",
        "name:ar": "تمثال سعد زغلول",
        "name:en": "Saad Zaghloul Statue",
        "subject:wikidata": "Q328734",
        "subject:wikipedia": "en:Saad Zaghloul",
        "tourism": "artwork",
        "wikidata": "Q23976219",
        "wikimedia_commons": "Category:Statue of Saad Zaghloul in Alexandria"
      },
      "geometry": {
        "type": "Point",
        "coordinates": [
          29.8994049,
          31.2009138
        ]
      },
      "id": "node/5810401995"
    },
    {
      "type": "Feature",
      "properties": {
        "@id": "node/6069103273",
        "name": "تل الفرما",
        "name:ar": "تل الفرما",
        "name:el": "Πηλούσιον",
        "name:en": "Ancient Roman City of Pelusium",
        "name:fa": "پلوزیوم",
        "name:ru": "Пелузий",
        "tourism": "attraction",
        "wikidata": "Q1145715",
        "wikipedia": "en:Pelusium"
      },
      "geometry": {
        "type": "Point",
        "coordinates": [
          32.5473404,
          31.0427587
        ]
      },
      "id": "node/6069103273"
    },
    {
      "type": "Feature",
      "properties": {
        "@id": "node/6106997715",
        "historic": "tomb",
        "name": "TT65 Nebamun/Imiseba/Monastery of Cyriacus",
        "wikidata": "Q16511602",
        "wikimedia_commons": "Category:Tomb of Nebamun TT65",
        "wikipedia": "en:TT65"
      },
      "geometry": {
        "type": "Point",
        "coordinates": [
          32.6088898,
          25.73294
        ]
      },
      "id": "node/6106997715"
    },
    {
      "type": "Feature",
      "properties": {
        "@id": "node/6134004085",
        "name:en": "Pennut’s Tomb",
        "tourism": "attraction",
        "wikidata": "Q47287693",
        "wikimedia_commons": "Category:Tomb of Pennut"
      },
      "geometry": {
        "type": "Point",
        "coordinates": [
          32.2611775,
          22.7371389
        ]
      },
      "id": "node/6134004085"
    },
    {
      "type": "Feature",
      "properties": {
        "@id": "node/6340803126",
        "historic": "ruins",
        "historic:civilization": "ancient_roman",
        "name": "Large Temple at Sikait",
        "name:de": "Großer Felsentempel",
        "name:en": "Large Temple",
        "note": "Guzmán, Joan Oller, David Fernández Abella, Vanesa Trevín Pita, Oriol Achon Casas, and Sergio García-Dils de la Vega. “New Evidence Regarding Emerald Production in Roman Egypt at Wadi Sikait (Eastern Desert).” Journal of Near Eastern Studies 80, no. 1 (Ap",
        "ruins": "temple",
        "source": "aerial imagery",
        "wikidata": "Q56083253",
        "wikimedia_commons": "Category:Large rock-cut temple at Sikait"
      },
      "geometry": {
        "type": "Point",
        "coordinates": [
          34.7970383,
          24.6308553
        ]
      },
      "id": "node/6340803126"
    },
    {
      "type": "Feature",
      "properties": {
        "@id": "node/6380921185",
        "amenity": "grave_yard",
        "historic": "tomb",
        "name": "TT359",
        "name:en": "TT359 Inherkha",
        "name:fr": "TT359 Inherkhâou",
        "wikidata": "Q2385386",
        "wikimedia_commons": "Category:Tomb of Inherkha",
        "wikipedia": "en:TT359"
      },
      "geometry": {
        "type": "Point",
        "coordinates": [
          32.6006389,
          25.7276225
        ]
      },
      "id": "node/6380921185"
    },
    {
      "type": "Feature",
      "properties": {
        "@id": "node/6565629885",
        "historic": "archaeological_site",
        "name": "Abu Mena UNESCO World Heritage Site",
        "name:en": "Church",
        "name:ja": "教会",
        "wikidata": "Q9278",
        "wikimedia_commons": "Category:Abu Mena",
        "wikipedia": "en:Abu Mena"
      },
      "geometry": {
        "type": "Point",
        "coordinates": [
          29.6633763,
          30.8410692
        ]
      },
      "id": "node/6565629885"
    },
    {
      "type": "Feature",
      "properties": {
        "@id": "node/7474840174",
        "historic": "ruins",
        "historic:civilization": "ancient_egyptian",
        "name": "Pyramid of Sinki",
        "wikidata": "Q1649679",
        "wikimedia_commons": "Category:Pyramid of Sinki",
        "wikipedia": "ar:هرم سنكي"
      },
      "geometry": {
        "type": "Point",
        "coordinates": [
          31.9663767,
          26.1577874
        ]
      },
      "id": "node/7474840174"
    },
    {
      "type": "Feature",
      "properties": {
        "@id": "node/7806184885",
        "historic": "archaeological_site",
        "historic:civilization": "ancient_egyptian",
        "name": "Bubasteion",
        "wikidata": "Q997397",
        "wikimedia_commons": "Category:Bubasteion",
        "wikipedia": "en:Bubasteum"
      },
      "geometry": {
        "type": "Point",
        "coordinates": [
          31.2239814,
          29.8735271
        ]
      },
      "id": "node/7806184885"
    },
    {
      "type": "Feature",
      "properties": {
        "@id": "node/8285628917",
        "alt_name:de": "Traumstele",
        "alt_name:en": "Dream Stele;The Stela of Sleeping",
        "height": "3.6",
        "historic": "memorial",
        "historic:civilization": "ancient_egyptian",
        "memorial": "stele",
        "name": "لوحة أبي الهول",
        "name:ar": "لوحة أبي الهول",
        "name:de": "Sphinxstele des Thutmosis IV.",
        "name:en": "Sphinx Stele",
        "name:fa": "نقاشی ابوالهول",
        "name:ja": "夢の碑文",
        "name:ko": "투트모세 4세의 꿈의 비문",
        "name:pl": "Stela Snu",
        "name:ru": "Стела Сна",
        "name:zh": "记梦碑",
        "tourism": "attraction",
        "wikipedia": "en:Dream Stele"
      },
      "geometry": {
        "type": "Point",
        "coordinates": [
          31.1378372,
          29.9752684
        ]
      },
      "id": "node/8285628917"
    },
    {
      "type": "Feature",
      "properties": {
        "@id": "node/9204369618",
        "historic": "archaeological_site",
        "name:en": "Gebel Al-Silsila",
        "wikidata": "Q1261930",
        "wikimedia_commons": "Category:Gebel el-Silsila",
        "wikipedia": "en:Gebel el-Silsila"
      },
      "geometry": {
        "type": "Point",
        "coordinates": [
          32.9293463,
          24.6485729
        ]
      },
      "id": "node/9204369618"
    },
    {
      "type": "Feature",
      "properties": {
        "@id": "node/9215664517",
        "name": "T178 Tomb of Neferronpet",
        "name:en": "T178 Tomb of Neferronpet",
        "tourism": "attraction",
        "wikidata": "Q7671847",
        "wikipedia": "en:TT178"
      },
      "geometry": {
        "type": "Point",
        "coordinates": [
          32.6120936,
          25.7323707
        ]
      },
      "id": "node/9215664517"
    },
    {
      "type": "Feature",
      "properties": {
        "@id": "node/9215666818",
        "name": "TT296 Tomb of Nefersekheru",
        "name:en": "TT296 Tomb of Nefersekheru",
        "tourism": "attraction",
        "wikidata": "Q57468555"
      },
      "geometry": {
        "type": "Point",
        "coordinates": [
          32.6119684,
          25.7325104
        ]
      },
      "id": "node/9215666818"
    },
    {
      "type": "Feature",
      "properties": {
        "@id": "node/9215666917",
        "name": "TT295 Tomb of Dhutmosi",
        "name:en": "TT295 Tomb of Dhutmosi",
        "tourism": "attraction",
        "wikidata": "Q57468516"
      },
      "geometry": {
        "type": "Point",
        "coordinates": [
          32.6118587,
          25.7325183
        ]
      },
      "id": "node/9215666917"
    },
    {
      "type": "Feature",
      "properties": {
        "@id": "node/9629067137",
        "museum": "person",
        "name": "متحف كڤافيس",
        "name:ar": "متحف كڤافيس",
        "name:en": "Cavafy Museum",
        "tourism": "museum",
        "wikidata": "Q16327758",
        "wikimedia_commons": "Category:Museum of Constantine P. Cavafy",
        "wikipedia": "en:Cavafy Museum"
      },
      "geometry": {
        "type": "Point",
        "coordinates": [
          29.9012293,
          31.1976064
        ]
      },
      "id": "node/9629067137"
    },
    {
      "type": "Feature",
      "properties": {
        "@id": "node/9786687070",
        "historic": "archaeological_site",
        "name": "Birket Habu",
        "wikidata": "Q4087021",
        "wikipedia": "fr:Birket Habou"
      },
      "geometry": {
        "type": "Point",
        "coordinates": [
          32.5946069,
          25.7053045
        ]
      },
      "id": "node/9786687070"
    },
    {
      "type": "Feature",
      "properties": {
        "@id": "node/9930621381",
        "archaeological_site": "tomb",
        "historic": "archaeological_site",
        "historic:civilization": "ancient_egyptian",
        "name": "TT25",
        "wikidata": "Q3512413",
        "wikimedia_commons": "Category:Tomb of Amenemhab TT25",
        "wikipedia": "en:TT25"
      },
      "geometry": {
        "type": "Point",
        "coordinates": [
          32.5999341,
          25.7333069
        ]
      },
      "id": "node/9930621381"
    },
    {
      "type": "Feature",
      "properties": {
        "@id": "node/9963738617",
        "historic": "monument",
        "name:en": "TT51 Userhat",
        "wikidata": "Q3512455",
        "wikimedia_commons": "Category:Tomb of Userhat TT51",
        "wikipedia": "en:TT51"
      },
      "geometry": {
        "type": "Point",
        "coordinates": [
          32.610565,
          25.7303711
        ]
      },
      "id": "node/9963738617"
    },
    {
      "type": "Feature",
      "properties": {
        "@id": "node/9963738618",
        "historic": "monument",
        "name:en": "TT31 Khonsu",
        "wikidata": "Q3512422",
        "wikimedia_commons": "Category:Tomb of Khonsu called To TT31",
        "wikipedia": "en:TT31"
      },
      "geometry": {
        "type": "Point",
        "coordinates": [
          32.6105641,
          25.7304626
        ]
      },
      "id": "node/9963738618"
    },
    {
      "type": "Feature",
      "properties": {
        "@id": "node/9968528654",
        "historic": "tomb",
        "inscription": "Hier starb unbesiegt Hptm Hans Joachim Marseille",
        "tomb": "cenotaph",
        "wikidata": "Q14215043",
        "wikimedia_commons": "Category:Marseille Pyramid"
      },
      "geometry": {
        "type": "Point",
        "coordinates": [
          28.6953193,
          30.8907353
        ]
      },
      "id": "node/9968528654"
    },
    {
      "type": "Feature",
      "properties": {
        "@id": "node/10754375782",
        "historic": "archaeological_site",
        "name": "Avaris/Ramesses",
        "wikidata": "Q309282",
        "wikimedia_commons": "Category:Avaris",
        "wikipedia": "en:Avaris"
      },
      "geometry": {
        "type": "Point",
        "coordinates": [
          31.822848,
          30.7860137
        ]
      },
      "id": "node/10754375782"
    },
    {
      "type": "Feature",
      "properties": {
        "@id": "node/11298790782",
        "description:hu": "el Alamein-i 1942.okt-nov. csata egykori elaknásított területe: 3 millió akna",
        "historic": "battlefield",
        "name": "Devil's garden",
        "name:hu": "Ördög kertje",
        "place": "locality",
        "wikidata": "Q5267258",
        "wikipedia": "en:Devil's gardens"
      },
      "geometry": {
        "type": "Point",
        "coordinates": [
          28.9814722,
          30.7021026
        ]
      },
      "id": "node/11298790782"
    },
    {
      "type": "Feature",
      "properties": {
        "@id": "node/11301403586",
        "abandoned": "yes",
        "historic": "ruins",
        "name": "رفح",
        "name:ar": "رفح",
        "name:arz": "رفح",
        "name:azb": "رفح",
        "name:bg": "Рафах",
        "name:bn": "রাফাহ",
        "name:cs": "Rafah",
        "name:de": "Rafah",
        "name:en": "Rafah",
        "name:es": "Rafah",
        "name:et": "Rafaḩ",
        "name:eu": "Rafah",
        "name:fa": "رفح",
        "name:fr": "Rafah",
        "name:grc": "Ῥαφία",
        "name:ja": "ラファ",
        "name:ml": "റഫ",
        "name:nl": "Rafah",
        "name:os": "Рафах",
        "name:ota": "رفح",
        "name:pnb": "رفح",
        "name:pt": "Rafa",
        "name:ru": "Рафах",
        "name:sr": "Рафа",
        "name:sv": "Rafah",
        "name:ta": "ரபா",
        "name:uk": "Рафах",
        "name:ur": "رفح",
        "wikidata": "Q2457100",
        "wikipedia": "ar:رفح (مصر)"
      },
      "geometry": {
        "type": "Point",
        "coordinates": [
          34.2363417,
          31.2877055
        ]
      },
      "id": "node/11301403586"
    },
    {
      "type": "Feature",
      "properties": {
        "@id": "node/11423810107",
        "historic": "archaeological_site",
        "name": "Ikhmindi",
        "wikidata": "Q1657670"
      },
      "geometry": {
        "type": "Point",
        "coordinates": [
          32.6376268,
          23.0200187
        ]
      },
      "id": "node/11423810107"
    },
    {
      "type": "Feature",
      "properties": {
        "@id": "node/11436599527",
        "historic": "monument",
        "name": "Column of Taharqa",
        "wikidata": "Q124887901",
        "wikimedia_commons": "Category:Column of Taharqa"
      },
      "geometry": {
        "type": "Point",
        "coordinates": [
          32.6572987,
          25.7187615
        ]
      },
      "id": "node/11436599527"
    },
    {
      "type": "Feature",
      "properties": {
        "@id": "node/11472320269",
        "name": "Museum of Fine Arts",
        "name:en": "Museum of Fine Arts",
        "tourism": "museum",
        "wikidata": "Q28162764",
        "wikimedia_commons": "Category:Museum of Fine Arts, Alexandria",
        "wikipedia": "ar:متحف الفنون الجميلة بالاسكندرية"
      },
      "geometry": {
        "type": "Point",
        "coordinates": [
          29.9135029,
          31.1950937
        ]
      },
      "id": "node/11472320269"
    },
    {
      "type": "Feature",
      "properties": {
        "@id": "node/11505679256",
        "amenity": "grave_yard",
        "historic": "tomb",
        "name:de": "Grabmal von unbekannt",
        "name:en": "KV28",
        "name:fr": "KV28 Inconnu",
        "ref": "KV28",
        "wikidata": "Q1719135",
        "wikimedia_commons": "Category:KV28",
        "wikipedia": "en:KV28"
      },
      "geometry": {
        "type": "Point",
        "coordinates": [
          32.6031015,
          25.7399015
        ]
      },
      "id": "node/11505679256"
    },
    {
      "type": "Feature",
      "properties": {
        "@id": "node/11508931797",
        "historic": "tomb",
        "name": "KV50",
        "name:en": "Animal Tomb",
        "name:fr": "KV50 Tombeau d'animaux",
        "source": "wikipedia",
        "wikidata": "Q655583",
        "wikimedia_commons": "Category:KV50",
        "wikipedia": "en:KV50"
      },
      "geometry": {
        "type": "Point",
        "coordinates": [
          32.6004698,
          25.7399538
        ]
      },
      "id": "node/11508931797"
    },
    {
      "type": "Feature",
      "properties": {
        "@id": "node/11595331869",
        "amenity": "grave_yard",
        "historic": "tomb",
        "name": "Tomb of Nefertari-Merymut",
        "name:en": "Tomb of Nefertari-Merymut",
        "name:fr": "Tombe de Nefertari-Merymut",
        "ref": "QV55",
        "website": "https://thebanmappingproject.com/tombs/qv-55-prince-amenherkhepshef",
        "wikidata": "Q846281",
        "wikimedia_commons": "Category:QV55"
      },
      "geometry": {
        "type": "Point",
        "coordinates": [
          32.5927058,
          25.7281459
        ]
      },
      "id": "node/11595331869"
    },
    {
      "type": "Feature",
      "properties": {
        "@id": "node/11709402922",
        "alt_name:en": "Tell el-Yahudiya;Tell el-Yahudiyya",
        "historic": "archaeological_site",
        "name": "ليونتوبوليس",
        "name:ar": "ليونتوبوليس",
        "name:el": "Λεόντων πόλις",
        "name:en": "Leontopolis",
        "wikidata": "Q2372919",
        "wikimedia_commons": "Category:Tell el-Yahudiya",
        "wikipedia": "en:Leontopolis (Heliopolis)"
      },
      "geometry": {
        "type": "Point",
        "coordinates": [
          31.3326198,
          30.2934024
        ]
      },
      "id": "node/11709402922"
    },
    {
      "type": "Feature",
      "properties": {
        "@id": "node/11710884854",
        "historic": "memorial",
        "historic:civilization": "ancient_egyptian",
        "memorial": "stele",
        "name": "Stele of Seti II",
        "name:fr": "Stèle de Séthi II du dromos ouest",
        "wikidata": "Q124892333",
        "wikimedia_commons": "Category:Stele of Seti II in Karnak"
      },
      "geometry": {
        "type": "Point",
        "coordinates": [
          32.655993,
          25.7194979
        ]
      },
      "id": "node/11710884854"
    },
    {
      "type": "Feature",
      "properties": {
        "@id": "node/11877925207",
        "historic": "archaeological_site",
        "historic:civilization": "ancient_egyptian",
        "name": "TT3 - Tomb of Pashedu",
        "wikidata": "Q538773",
        "wikimedia_commons": "Category:Tomb of Peshedu",
        "wikipedia": "en:TT3"
      },
      "geometry": {
        "type": "Point",
        "coordinates": [
          32.6004259,
          25.7284926
        ]
      },
      "id": "node/11877925207"
    },
    {
      "type": "Feature",
      "properties": {
        "@id": "node/11887202391",
        "historic": "memorial",
        "memorial": "plaque",
        "name": "شفيع شلبي",
        "name:ar": "شفيع شلبي",
        "name:en": "Shafee Shalaby",
        "subject:wikidata": "Q104813961",
        "wikidata": "Q125825548",
        "wikimedia_commons": "File:Here-lived plaque for Shafee Shalaby in Tunis in Faiyum 01.jpg"
      },
      "geometry": {
        "type": "Point",
        "coordinates": [
          30.4927693,
          29.3982729
        ]
      },
      "id": "node/11887202391"
    },
    {
      "type": "Feature",
      "properties": {
        "@id": "node/11889879855",
        "historic": "archaeological_site",
        "historic:civilization": "ancient_egyptian",
        "name": "Fag el-Gamous Cemetery",
        "wikidata": "Q22919830",
        "wikipedia": "arz:مقبرة فج الجاموس"
      },
      "geometry": {
        "type": "Point",
        "coordinates": [
          31.0415622,
          29.3925614
        ]
      },
      "id": "node/11889879855"
    },
    {
      "type": "Feature",
      "properties": {
        "@id": "node/11929822942",
        "historic": "archaeological_site",
        "name": "Speos Artemidos",
        "wikidata": "Q378253",
        "wikimedia_commons": "Category:Speos Artemidos",
        "wikipedia": "ar:كهف أرطاميس"
      },
      "geometry": {
        "type": "Point",
        "coordinates": [
          30.8729888,
          27.9041464
        ]
      },
      "id": "node/11929822942"
    },
    {
      "type": "Feature",
      "properties": {
        "@id": "node/12235059013",
        "historic": "archaeological_site",
        "name": "مقابر الأنفوشي",
        "name:ar": "مقابر الأنفوشي",
        "name:en": "Tombs of Anfouchy",
        "wikidata": "Q20424374",
        "wikimedia_commons": "Category:Anfushi tombs",
        "wikipedia": "ar:مقابر الأنفوشي"
      },
      "geometry": {
        "type": "Point",
        "coordinates": [
          29.8740445,
          31.202136
        ]
      },
      "id": "node/12235059013"
    },
    {
      "type": "Feature",
      "properties": {
        "@id": "node/12270075193",
        "historic": "tomb",
        "name": "S 9 (Abydos)",
        "wikidata": "Q38252217",
        "wikipedia": "en:S 9 (Abydos)"
      },
      "geometry": {
        "type": "Point",
        "coordinates": [
          31.9250733,
          26.1713576
        ]
      },
      "id": "node/12270075193"
    },
    {
      "type": "Feature",
      "properties": {
        "@id": "node/12278326845",
        "contact:facebook": "RashidNationalMuseum",
        "email": "rashidnationalmuseum@gmail.com",
        "name": "متحف رشيد",
        "name:ar": "متحف رشيد",
        "name:de": "Rosetta-Museum",
        "name:en": "Rashid National Museum",
        "name:fr": "Musée National Rashid",
        "phone": "+20 45 2921733",
        "tourism": "museum",
        "website": "https://www.facebook.com/RashidNationalMuseum",
        "wikidata": "Q42332082",
        "wikipedia": "ar:متحف رشيد القومي"
      },
      "geometry": {
        "type": "Point",
        "coordinates": [
          30.4221213,
          31.4048922
        ]
      },
      "id": "node/12278326845"
    },
    {
      "type": "Feature",
      "properties": {
        "@id": "node/12310893276",
        "historic": "archaeological_site",
        "name": "Bakchias",
        "wikidata": "Q804269",
        "wikimedia_commons": "Category:Umm el-Athl",
        "wikipedia": "ar:أم الأتل"
      },
      "geometry": {
        "type": "Point",
        "coordinates": [
          31.007865,
          29.5410545
        ]
      },
      "id": "node/12310893276"
    },
    {
      "type": "Feature",
      "properties": {
        "@id": "node/12405978772",
        "historic": "archaeological_site",
        "name": "Kom El Sultan",
        "wikidata": "Q2751387",
        "wikipedia": "en:Kom El Sultan"
      },
      "geometry": {
        "type": "Point",
        "coordinates": [
          31.9111476,
          26.1925455
        ]
      },
      "id": "node/12405978772"
    },
    {
      "type": "Feature",
      "properties": {
        "@id": "node/12648619720",
        "historic": "tomb",
        "name": "TT184 Nefermenu",
        "wikidata": "Q7671849",
        "wikimedia_commons": "Category:Tomb of Nefermenu TT184",
        "wikipedia": "en:TT184"
      },
      "geometry": {
        "type": "Point",
        "coordinates": [
          32.6126888,
          25.7321574
        ]
      },
      "id": "node/12648619720"
    },
    {
      "type": "Feature",
      "properties": {
        "@id": "node/13273052232",
        "historic": "battlefield",
        "name": "موقع ميلاد الثورة المصرية 2011",
        "name:ar": "موقع ميلاد الثورة المصرية 2011",
        "name:en": "Site of the birth of 2011 Egyptian Revolution",
        "wikidata": "Q29198",
        "wikipedia": "ar:ثورة 25 يناير"
      },
      "geometry": {
        "type": "Point",
        "coordinates": [
          31.2356095,
          30.0445853
        ]
      },
      "id": "node/13273052232"
    },
    {
      "type": "Feature",
      "properties": {
        "@id": "node/13273052233",
        "historic": "battlefield",
        "name": "موقع مذبحة رابعة",
        "name:ar": "موقع مذبحة رابعة",
        "name:en": "Site of the Rabaa Massacre",
        "wikidata": "Q14575581",
        "wikipedia": "ar:فض اعتصامي رابعة العدوية والنهضة"
      },
      "geometry": {
        "type": "Point",
        "coordinates": [
          31.3217081,
          30.0684755
        ]
      },
      "id": "node/13273052233"
    },
    {
      "type": "Feature",
      "properties": {
        "@id": "node/13273052234",
        "historic": "battlefield",
        "name": "موقع ميلاد ثورة 30 يونيو",
        "name:ar": "موقع ميلاد ثورة 30 يونيو",
        "name:en": "Site of the birth of 30 June Revolution",
        "wikidata": "Q15634716",
        "wikipedia": "ar:مظاهرات 30 يونيو 2013 في مصر"
      },
      "geometry": {
        "type": "Point",
        "coordinates": [
          31.2357769,
          30.0441957
        ]
      },
      "id": "node/13273052234"
    },
    {
      "type": "Feature",
      "properties": {
        "@id": "node/13273052235",
        "historic": "archaeological_site",
        "name": "أون",
        "name:ar": "أون",
        "name:en": "Ancient Heliopolis",
        "wikidata": "Q191687",
        "wikipedia": "ar:أون"
      },
      "geometry": {
        "type": "Point",
        "coordinates": [
          31.3079279,
          30.1292477
        ]
      },
      "id": "node/13273052235"
    },
    {
      "type": "Feature",
      "properties": {
        "@id": "node/13273052236",
        "historic": "battlefield",
        "name": "موقع الانقلاب المصري عام 2013",
        "name:ar": "موقع الانقلاب المصري عام 2013",
        "name:en": "Site of the 2013 Egyptian coup d'etat",
        "wikidata": "Q13605743",
        "wikipedia": "ar:انقلاب 2013 في مصر"
      },
      "geometry": {
        "type": "Point",
        "coordinates": [
          31.3160006,
          30.0828773
        ]
      },
      "id": "node/13273052236"
    },
    {
      "type": "Feature",
      "properties": {
        "@id": "node/13305837187",
        "age": "ancient",
        "denotation": "landmark",
        "health": "good",
        "heritage": "yes",
        "leaf_type": "broadleaved",
        "natural": "tree",
        "species:wikidata": "Q1405636"
      },
      "geometry": {
        "type": "Point",
        "coordinates": [
          29.9154058,
          31.2019479
        ]
      },
      "id": "node/13305837187"
    },
    {
      "type": "Feature",
      "properties": {
        "@id": "node/13305841431",
        "age": "ancient",
        "denotation": "landmark",
        "health": "fair",
        "heritage": "yes",
        "leaf_type": "broadleaved",
        "natural": "tree",
        "noname": "yes",
        "species:wikidata": "Q1405636",
        "wikidata": "Q1405636"
      },
      "geometry": {
        "type": "Point",
        "coordinates": [
          29.9154201,
          31.2023743
        ]
      },
      "id": "node/13305841431"
    },
    {
      "type": "Feature",
      "properties": {
        "@id": "node/13305845554",
        "age": "ancient",
        "denotation": "landmark",
        "health": "good",
        "heritage": "no",
        "leaf_type": "broadleaved",
        "natural": "tree",
        "noname": "yes",
        "species:wikidata": "Q1405636",
        "wikidata": "Q1405636"
      },
      "geometry": {
        "type": "Point",
        "coordinates": [
          29.9155581,
          31.2021029
        ]
      },
      "id": "node/13305845554"
    },
    {
      "type": "Feature",
      "properties": {
        "@id": "node/13350897016",
        "historic": "battlefield",
        "name": "موقع بداية عملية بدر",
        "name:ar": "موقع بداية عملية بدر",
        "name:en": "Site of the beginning of Operation Badr",
        "wikidata": "Q2704666",
        "wikipedia": "ar:عملية بدر (1973)"
      },
      "geometry": {
        "type": "Point",
        "coordinates": [
          32.3532786,
          30.4221657
        ]
      },
      "id": "node/13350897016"
    },
    {
      "type": "Feature",
      "properties": {
        "@id": "node/13350897017",
        "historic": "fort",
        "name": "فورت لاكان (خط بارليف)",
        "name:ar": "فورت لاكان (خط بارليف)",
        "name:en": "Fort Lakekan (Bar-Lev Line)",
        "wikidata": "Q763742",
        "wikipedia": "ar:خط بارليف"
      },
      "geometry": {
        "type": "Point",
        "coordinates": [
          32.3401819,
          30.6216052
        ]
      },
      "id": "node/13350897017"
    },
    {
      "type": "Feature",
      "properties": {
        "@id": "node/13350897018",
        "historic": "battlefield",
        "name": "موقع بداية حرب أكتوبر",
        "name:ar": "موقع بداية حرب أكتوبر",
        "name:en": "Site of the beginning of Yom Kippur war",
        "wikidata": "Q49100",
        "wikipedia": "ar:حرب أكتوبر"
      },
      "geometry": {
        "type": "Point",
        "coordinates": [
          32.3533049,
          30.4217257
        ]
      },
      "id": "node/13350897018"
    },
    {
      "type": "Feature",
      "properties": {
        "@id": "node/13350897019",
        "historic": "battlefield",
        "name": "موقع المناوشات المصرية الليبية",
        "name:ar": "موقع المناوشات المصرية الليبية",
        "name:en": "Site of Egyptian-Libyan war",
        "wikidata": "Q1434602",
        "wikipedia": "ar:المناوشات المصرية الليبية"
      },
      "geometry": {
        "type": "Point",
        "coordinates": [
          25.0723284,
          31.5782915
        ]
      },
      "id": "node/13350897019"
    },
    {
      "type": "Feature",
      "properties": {
        "@id": "node/13350897020",
        "historic": "tomb",
        "name": "ضريح أنور السادات",
        "name:ar": "ضريح أنور السادات",
        "name:en": "Mausoleum of Anwar Sadat",
        "wikidata": "Q42013",
        "wikipedia": "ar:محمد أنور السادات"
      },
      "geometry": {
        "type": "Point",
        "coordinates": [
          31.3138664,
          30.0654033
        ]
      },
      "id": "node/13350897020"
    },
    {
      "type": "Feature",
      "properties": {
        "@id": "node/13350897021",
        "historic": "tomb",
        "name": "ضريح جمال عبد الناصر",
        "name:ar": "ضريح جمال عبد الناصر",
        "name:en": "Mausoleum of Gamal Abdel Nasser",
        "wikidata": "Q39524",
        "wikipedia": "ar:جمال عبد الناصر"
      },
      "geometry": {
        "type": "Point",
        "coordinates": [
          31.2942979,
          30.0833742
        ]
      },
      "id": "node/13350897021"
    },
    {
      "type": "Feature",
      "properties": {
        "@id": "node/13350897022",
        "historic": "tomb",
        "name": "قبر محمد مرسي",
        "name:ar": "قبر محمد مرسي",
        "name:en": "Grave of Mohammed Morsi",
        "wikidata": "Q4631",
        "wikipedia": "ar:محمد مرسي"
      },
      "geometry": {
        "type": "Point",
        "coordinates": [
          31.3519114,
          30.0294477
        ]
      },
      "id": "node/13350897022"
    },
    {
      "type": "Feature",
      "properties": {
        "@id": "node/13350897023",
        "historic": "battlefield",
        "name": "موقع بداية حرب الاستنزاف",
        "name:ar": "موقع بداية حرب الاستنزاف",
        "name:en": "Site of the beginning of the War of Attrition",
        "wikidata": "Q322607",
        "wikipedia": "ar:حرب الاستنزاف"
      },
      "geometry": {
        "type": "Point",
        "coordinates": [
          32.3097139,
          31.1141174
        ]
      },
      "id": "node/13350897023"
    },
    {
      "type": "Feature",
      "properties": {
        "@id": "node/13406579533",
        "historic": "battlefield",
        "name": "نقطة البداية حرب 1967",
        "name:ar": "نقطة البداية حرب 1967",
        "name:en": "Starting point of the Six-day war",
        "wikidata": "Q49077",
        "wikipedia": "ar:حرب 1967"
      },
      "geometry": {
        "type": "Point",
        "coordinates": [
          34.2423949,
          31.2390267
        ]
      },
      "id": "node/13406579533"
    },
    {
      "type": "Feature",
      "properties": {
        "@id": "node/13432361417",
        "historic": "battlefield",
        "name": "معركة رمانة",
        "name:ar": "معركة رمانة",
        "name:en": "Battle of Romani",
        "wikidata": "Q2722527",
        "wikipedia": "ar:معركة رمانة"
      },
      "geometry": {
        "type": "Point",
        "coordinates": [
          32.5468418,
          31.0281819
        ]
      },
      "id": "node/13432361417"
    },
    {
      "type": "Feature",
      "properties": {
        "@id": "node/13432361419",
        "historic": "battlefield",
        "name": "معركة بئر العبد",
        "name:ar": "معركة بئر العبد",
        "name:en": "Battle of Bir el Abd",
        "wikidata": "Q16834835",
        "wikipedia": "ar:معركة بئر العبد"
      },
      "geometry": {
        "type": "Point",
        "coordinates": [
          33.0091431,
          31.0294911
        ]
      },
      "id": "node/13432361419"
    },
    {
      "type": "Feature",
      "properties": {
        "@id": "node/13432361420",
        "historic": "battlefield",
        "name": "معركة مغضبة",
        "name:ar": "معركة مغضبة",
        "name:en": "Battle of Magdhaba",
        "wikidata": "Q2889191",
        "wikipedia": "ar:معركة مغضبة"
      },
      "geometry": {
        "type": "Point",
        "coordinates": [
          33.9632184,
          30.96161
        ]
      },
      "id": "node/13432361420"
    },
    {
      "type": "Feature",
      "properties": {
        "@id": "node/13956414941",
        "age": "mature",
        "check_date": "2026-06-21",
        "denotation": "natural_monument",
        "description": "La tradición recoge que en él la Virgen María descansó durante su huida a Egipto.",
        "diameter_crown": "8,5",
        "genus": "Ficus",
        "height": "9",
        "heritage": "yes",
        "leaf_cycle": "evergreen",
        "leaf_type": "broadleaved",
        "monument": "tree",
        "name": "Virgin Mary's Tree",
        "name:es": "El árbol de la Virgen",
        "natural": "tree",
        "object:city": "Ain Shams",
        "object:street": "Mahmoud Mantawy Alley",
        "species": "Ficus sycomorus",
        "species:es": "Sicomoro",
        "species:wikidata": "Q750217",
        "wikidata": "Q13141836",
        "wikimedia_commons": "File:CairoVirginTree.jpg"
      },
      "geometry": {
        "type": "Point",
        "coordinates": [
          31.3088606,
          30.1205388
        ]
      },
      "id": "node/13956414941"
    },
    {
      "type": "Feature",
      "properties": {
        "@id": "node/13965422600",
        "historic": "archaeological_site",
        "name": "Kom el-Dahab",
        "wikidata": "Q18602572",
        "wikipedia": "en:Kom el-Dahab"
      },
      "geometry": {
        "type": "Point",
        "coordinates": [
          31.8319992,
          31.3138467
        ]
      },
      "id": "node/13965422600"
    },
    {
      "type": "Feature",
      "properties": {
        "@id": "node/13965840027",
        "historic": "archaeological_site",
        "name": "Isidos Polis tou Sebennytou",
        "wikidata": "Q111139910"
      },
      "geometry": {
        "type": "Point",
        "coordinates": [
          31.3258533,
          31.0154001
        ]
      },
      "id": "node/13965840027"
    }
  ]
}