{
  "type": "FeatureCollection",
  "features": [
    {
      "type": "Feature",
      "properties": {
        "name": "جامع الحاكم بأمر الله",
        "name_en": "Mosque Al HakIm Bi Amr Allah",
        "type": "historic:heritage",
        "category": "heritage_site",
        "historic": "heritage",
        "civilization": "",
        "wikidata": "Q775838",
        "region": "Other"
      },
      "geometry": {
        "type": "Point",
        "coordinates": [
          31.2637637,
          30.0545133
        ]
      }
    },
    {
      "type": "Feature",
      "properties": {
        "name": "مسجد محمد علي",
        "name_en": "Mosque of Muhammad Ali",
        "type": "historic:mosque",
        "category": "mosque",
        "historic": "mosque",
        "civilization": "ottoman",
        "wikidata": "Q652046",
        "region": "Other"
      },
      "geometry": {
        "type": "Point",
        "coordinates": [
          31.2596163,
          30.0290726
        ]
      }
    },
    {
      "type": "Feature",
      "properties": {
        "name": "جامع الناصر محمد بن قلاوون",
        "name_en": "Mosque Of Al Nasser Mohammad Ibn Qalaun",
        "type": "historic:mosque",
        "category": "mosque",
        "historic": "mosque",
        "civilization": "medieval",
        "wikidata": "Q1707580",
        "region": "Other"
      },
      "geometry": {
        "type": "Point",
        "coordinates": [
          31.2607281,
          30.029306
        ]
      }
    },
    {
      "type": "Feature",
      "properties": {
        "name": "هرم خفرع",
        "name_en": "Pyramid of Khafre",
        "type": "attraction",
        "category": "pyramid",
        "historic": "tomb",
        "civilization": "ancient_egyptian",
        "wikidata": "Q208358",
        "region": "Fayoum / Nile Delta"
      },
      "geometry": {
        "type": "Point",
        "coordinates": [
          31.1307366,
          29.9759896
        ]
      }
    },
    {
      "type": "Feature",
      "properties": {
        "name": "هرم خوفو",
        "name_en": "Great Pyramid of Giza",
        "type": "attraction",
        "category": "pyramid",
        "historic": "tomb",
        "civilization": "ancient_egyptian",
        "wikidata": "Q37200",
        "region": "Fayoum / Nile Delta"
      },
      "geometry": {
        "type": "Point",
        "coordinates": [
          31.1342122,
          29.97917
        ]
      }
    },
    {
      "type": "Feature",
      "properties": {
        "name": "هرم منقرع",
        "name_en": "Pyramid of Menkaure",
        "type": "attraction",
        "category": "pyramid",
        "historic": "tomb",
        "civilization": "ancient_egyptian",
        "wikidata": "Q238623",
        "region": "Fayoum / Nile Delta"
      },
      "geometry": {
        "type": "Point",
        "coordinates": [
          31.1282609,
          29.9725095
        ]
      }
    },
    {
      "type": "Feature",
      "properties": {
        "name": "الحديقة النباتية بأسوان",
        "name_en": "Aswan Botanical Garden",
        "type": "attraction",
        "category": "other",
        "historic": "",
        "civilization": "",
        "wikidata": "Q1743861",
        "region": "Luxor / Aswan"
      },
      "geometry": {
        "type": "Point",
        "coordinates": [
          32.8870308,
          24.0937666
        ]
      }
    },
    {
      "type": "Feature",
      "properties": {
        "name": "مدينة طيبة القديمة ومقبرتها",
        "name_en": "Ancient Thebes with its Necropolis",
        "type": "historic:",
        "category": "other",
        "historic": "",
        "civilization": "ancient_egyptian",
        "wikidata": "Q65821410",
        "region": "Luxor / Aswan"
      },
      "geometry": {
        "type": "Point",
        "coordinates": [
          32.6117131,
          25.7057129
        ]
      }
    },
    {
      "type": "Feature",
      "properties": {
        "name": "القاهرة الإسلاميّة",
        "name_en": "Historic Cairo",
        "type": "historic:district",
        "category": "historic_district",
        "historic": "district",
        "civilization": "",
        "wikidata": null,
        "region": "Other"
      },
      "geometry": {
        "type": "Point",
        "coordinates": [
          31.2488279,
          30.030492
        ]
      }
    },
    {
      "type": "Feature",
      "properties": {
        "name": "معالم النوبة من أبو سمبل إلى فيلة",
        "name_en": "Nubian Monuments from Abu Simbel to Philae",
        "type": "historic:",
        "category": "other",
        "historic": "",
        "civilization": "",
        "wikidata": null,
        "region": "Upper Egypt / Nubia"
      },
      "geometry": {
        "type": "Point",
        "coordinates": [
          32.2582084,
          23.2201729
        ]
      }
    },
    {
      "type": "Feature",
      "properties": {
        "name": "",
        "name_en": "Marina el-Alamein",
        "type": "attraction",
        "category": "archaeological_site",
        "historic": "archaeological_site",
        "civilization": "",
        "wikidata": null,
        "region": "Other"
      },
      "geometry": {
        "type": "Point",
        "coordinates": [
          29.0081198,
          30.8244419
        ]
      }
    },
    {
      "type": "Feature",
      "properties": {
        "name": "",
        "name_en": "Tombs of the Nobles",
        "type": "attraction",
        "category": "other",
        "historic": "",
        "civilization": "",
        "wikidata": null,
        "region": "Middle Egypt"
      },
      "geometry": {
        "type": "Point",
        "coordinates": [
          30.9229953,
          27.638372
        ]
      }
    },
    {
      "type": "Feature",
      "properties": {
        "name": "جزيرة أجيليكا",
        "name_en": "Agilkia Island",
        "type": "historic:",
        "category": "other",
        "historic": "",
        "civilization": "",
        "wikidata": "Q2152707",
        "region": "Luxor / Aswan"
      },
      "geometry": {
        "type": "Point",
        "coordinates": [
          32.8842399,
          24.0253944
        ]
      }
    },
    {
      "type": "Feature",
      "properties": {
        "name": "المتحف المصري",
        "name_en": "Egyptian Museum",
        "type": "museum",
        "category": "other",
        "historic": "",
        "civilization": "",
        "wikidata": "Q201219",
        "region": "Other"
      },
      "geometry": {
        "type": "Point",
        "coordinates": [
          31.2336017,
          30.0478467
        ]
      }
    },
    {
      "type": "Feature",
      "properties": {
        "name": "معبد هورس",
        "name_en": "Temple of Horus",
        "type": "attraction",
        "category": "archaeological_site",
        "historic": "archaeological_site",
        "civilization": "ancient_egyptian",
        "wikidata": "Q613037",
        "region": "Luxor / Aswan"
      },
      "geometry": {
        "type": "Point",
        "coordinates": [
          32.8734942,
          24.9782265
        ]
      }
    },
    {
      "type": "Feature",
      "properties": {
        "name": "معبد الكرنك",
        "name_en": "Karnak Temple Complex",
        "type": "attraction",
        "category": "archaeological_site",
        "historic": "archaeological_site",
        "civilization": "ancient_egyptian",
        "wikidata": "Q522862",
        "region": "Luxor / Aswan"
      },
      "geometry": {
        "type": "Point",
        "coordinates": [
          32.6579,
          25.7159312
        ]
      }
    },
    {
      "type": "Feature",
      "properties": {
        "name": "معبد وادي السبوع",
        "name_en": "Wadi es-Sebua Temple",
        "type": "attraction",
        "category": "archaeological_site",
        "historic": "archaeological_site",
        "civilization": "ancient_egyptian",
        "wikidata": "Q1728322",
        "region": "Upper Egypt / Nubia"
      },
      "geometry": {
        "type": "Point",
        "coordinates": [
          32.5454296,
          22.7931139
        ]
      }
    },
    {
      "type": "Feature",
      "properties": {
        "name": "Tell-Basta",
        "name_en": "Bubastis",
        "type": "historic:archaeological_site",
        "category": "archaeological_site",
        "historic": "archaeological_site",
        "civilization": "egyptian",
        "wikidata": "Q603841",
        "region": "Cairo / Giza"
      },
      "geometry": {
        "type": "Point",
        "coordinates": [
          31.5119731,
          30.5719984
        ]
      }
    },
    {
      "type": "Feature",
      "properties": {
        "name": "كشك تراجان",
        "name_en": "Trajan's Kiosk",
        "type": "attraction",
        "category": "archaeological_site",
        "historic": "ruins",
        "civilization": "roman_and_byzantine_egyptian",
        "wikidata": "Q7833054",
        "region": "Luxor / Aswan"
      },
      "geometry": {
        "type": "Point",
        "coordinates": [
          32.8846003,
          24.0251134
        ]
      }
    },
    {
      "type": "Feature",
      "properties": {
        "name": "المتحف المصري الكبير",
        "name_en": "Grand Egyptian Museum",
        "type": "museum",
        "category": "other",
        "historic": "",
        "civilization": "",
        "wikidata": "Q2583681",
        "region": "Fayoum / Nile Delta"
      },
      "geometry": {
        "type": "Point",
        "coordinates": [
          31.1192355,
          29.9945706
        ]
      }
    },
    {
      "type": "Feature",
      "properties": {
        "name": "مدرسة وخانقاة السلطان برقوق",
        "name_en": "Madrasa and Khanqa of Sultan Barquq",
        "type": "historic:heritage",
        "category": "heritage_site",
        "historic": "heritage",
        "civilization": "",
        "wikidata": "Q12241714",
        "region": "Other"
      },
      "geometry": {
        "type": "Point",
        "coordinates": [
          31.2610146,
          30.0501146
        ]
      }
    },
    {
      "type": "Feature",
      "properties": {
        "name": "مجموعة السلطان المنصور قلاوون",
        "name_en": "Qalawun Complex",
        "type": "historic:heritage",
        "category": "heritage_site",
        "historic": "heritage",
        "civilization": "",
        "wikidata": "Q1237010",
        "region": "Other"
      },
      "geometry": {
        "type": "Point",
        "coordinates": [
          31.2607724,
          30.0494172
        ]
      }
    },
    {
      "type": "Feature",
      "properties": {
        "name": "مدرسة السلطان الناصر محمد بن قلاوون",
        "name_en": "Madrasa of Sultan Al-Nasir Muhammad Ibn Qalawun",
        "type": "historic:heritage",
        "category": "heritage_site",
        "historic": "heritage",
        "civilization": "",
        "wikidata": "Q1277350",
        "region": "Other"
      },
      "geometry": {
        "type": "Point",
        "coordinates": [
          31.2608855,
          30.0498518
        ]
      }
    },
    {
      "type": "Feature",
      "properties": {
        "name": "المتحف القومى للحضارة المصرية",
        "name_en": "National Museum of Egyptian Civilisation",
        "type": "museum",
        "category": "other",
        "historic": "",
        "civilization": "",
        "wikidata": "Q29017001",
        "region": "Other"
      },
      "geometry": {
        "type": "Point",
        "coordinates": [
          31.248226,
          30.0081842
        ]
      }
    },
    {
      "type": "Feature",
      "properties": {
        "name": "قصر الجوهرة",
        "name_en": "Al-Gawhara Palace",
        "type": "historic:castle",
        "category": "castle",
        "historic": "castle",
        "civilization": "",
        "wikidata": "Q4116059",
        "region": "Other"
      },
      "geometry": {
        "type": "Point",
        "coordinates": [
          31.2602537,
          30.0276072
        ]
      }
    },
    {
      "type": "Feature",
      "properties": {
        "name": "Castrum of Pelusium;Pelusium;Pelusium, Zeus-Kasios Temple;Pelusium church;Roman theater;HIppodrome of Pelusium",
        "name_en": "Castrum of Pelusium;Pelusium;Pelusium, Zeus-Kasios Temple;Pelusium church;Roman theater;HIppodrome of Pelusium",
        "type": "historic:archaeological_site",
        "category": "archaeological_site",
        "historic": "archaeological_site",
        "civilization": "ancient_roman",
        "wikidata": "Q25383052",
        "region": "Other"
      },
      "geometry": {
        "type": "Point",
        "coordinates": [
          32.5470767,
          31.0423144
        ]
      }
    },
    {
      "type": "Feature",
      "properties": {
        "name": "Peristyle Hall of Thutmosis IV",
        "name_en": "Peristyle Hall of Thutmosis IV",
        "type": "historic:building",
        "category": "historic_building",
        "historic": "building",
        "civilization": "ancient_egyptian",
        "wikidata": "Q124831228",
        "region": "Luxor / Aswan"
      },
      "geometry": {
        "type": "Point",
        "coordinates": [
          32.6577038,
          25.7207561
        ]
      }
    },
    {
      "type": "Feature",
      "properties": {
        "name": "east exterior wall",
        "name_en": "east exterior wall",
        "type": "historic:ruins",
        "category": "archaeological_site",
        "historic": "ruins",
        "civilization": "ancient_egyptian",
        "wikidata": "Q125102512",
        "region": "Luxor / Aswan"
      },
      "geometry": {
        "type": "Point",
        "coordinates": [
          32.6598915,
          25.7176265
        ]
      }
    },
    {
      "type": "Feature",
      "properties": {
        "name": "المعبد الكبير",
        "name_en": "Great Temple",
        "type": "attraction",
        "category": "archaeological_site",
        "historic": "archaeological_site",
        "civilization": "ancient_egyptian",
        "wikidata": "Q3114835",
        "region": "Upper Egypt / Nubia"
      },
      "geometry": {
        "type": "Point",
        "coordinates": [
          31.6252634,
          22.3368929
        ]
      }
    },
    {
      "type": "Feature",
      "properties": {
        "name": "معبد نفرتاري",
        "name_en": "Nefertari's Temple of Hathor",
        "type": "attraction",
        "category": "archaeological_site",
        "historic": "archaeological_site",
        "civilization": "ancient_egyptian",
        "wikidata": "Q3377285",
        "region": "Upper Egypt / Nubia"
      },
      "geometry": {
        "type": "Point",
        "coordinates": [
          31.6266442,
          22.3377906
        ]
      }
    },
    {
      "type": "Feature",
      "properties": {
        "name": "القرية الفرعونية",
        "name_en": "The Pharaonic Village",
        "type": "attraction",
        "category": "other",
        "historic": "",
        "civilization": "",
        "wikidata": null,
        "region": "Fayoum / Nile Delta"
      },
      "geometry": {
        "type": "Point",
        "coordinates": [
          31.2176304,
          29.9961603
        ]
      }
    },
    {
      "type": "Feature",
      "properties": {
        "name": "الجامع الأزهر",
        "name_en": "El Azhar Mosque",
        "type": "attraction",
        "category": "other",
        "historic": "",
        "civilization": "",
        "wikidata": "Q312342",
        "region": "Other"
      },
      "geometry": {
        "type": "Point",
        "coordinates": [
          31.262676,
          30.0457344
        ]
      }
    },
    {
      "type": "Feature",
      "properties": {
        "name": "قصر بارون أمبان",
        "name_en": "Baron Empain Palace",
        "type": "attraction",
        "category": "castle",
        "historic": "castle",
        "civilization": "",
        "wikidata": "Q808618",
        "region": "Other"
      },
      "geometry": {
        "type": "Point",
        "coordinates": [
          31.3302538,
          30.0866555
        ]
      }
    },
    {
      "type": "Feature",
      "properties": {
        "name": "قلعة صلاح الدين",
        "name_en": "Salah El Din Citadel",
        "type": "attraction",
        "category": "castle",
        "historic": "castle",
        "civilization": "",
        "wikidata": "Q1988240",
        "region": "Other"
      },
      "geometry": {
        "type": "Point",
        "coordinates": [
          31.2621151,
          30.0293262
        ]
      }
    },
    {
      "type": "Feature",
      "properties": {
        "name": "قصر عابدين",
        "name_en": "Abdin Palace",
        "type": "attraction",
        "category": "castle",
        "historic": "castle",
        "civilization": "",
        "wikidata": "Q307747",
        "region": "Other"
      },
      "geometry": {
        "type": "Point",
        "coordinates": [
          31.2474606,
          30.0427646
        ]
      }
    },
    {
      "type": "Feature",
      "properties": {
        "name": "الجندي المجهول",
        "name_en": "Unknown Soldier Memorial",
        "type": "attraction",
        "category": "monument",
        "historic": "monument",
        "civilization": "",
        "wikidata": "Q2919312",
        "region": "Other"
      },
      "geometry": {
        "type": "Point",
        "coordinates": [
          31.3138006,
          30.0653741
        ]
      }
    },
    {
      "type": "Feature",
      "properties": {
        "name": "هرم الملكة",
        "name_en": "Queen's Pyramid, G III-A",
        "type": "historic:tomb",
        "category": "pyramid",
        "historic": "tomb",
        "civilization": "ancient_egyptian",
        "wikidata": "Q25389687",
        "region": "Fayoum / Nile Delta"
      },
      "geometry": {
        "type": "Point",
        "coordinates": [
          31.1283027,
          29.9716223
        ]
      }
    },
    {
      "type": "Feature",
      "properties": {
        "name": "هرم الملكة",
        "name_en": "Queen's Pyramid, G III-B",
        "type": "historic:tomb",
        "category": "pyramid",
        "historic": "tomb",
        "civilization": "ancient_egyptian",
        "wikidata": "Q25389690",
        "region": "Fayoum / Nile Delta"
      },
      "geometry": {
        "type": "Point",
        "coordinates": [
          31.1278092,
          29.9716306
        ]
      }
    },
    {
      "type": "Feature",
      "properties": {
        "name": "هرم الملكة",
        "name_en": "Queen's Pyramid, G III-C",
        "type": "historic:tomb",
        "category": "pyramid",
        "historic": "tomb",
        "civilization": "ancient_egyptian",
        "wikidata": "Q25389709",
        "region": "Fayoum / Nile Delta"
      },
      "geometry": {
        "type": "Point",
        "coordinates": [
          31.1273396,
          29.9716164
        ]
      }
    },
    {
      "type": "Feature",
      "properties": {
        "name": "منارة الإسكندرية",
        "name_en": "Lighthouse of Alexandria",
        "type": "historic:ruins",
        "category": "archaeological_site",
        "historic": "ruins",
        "civilization": "",
        "wikidata": "Q43244",
        "region": "Cairo / Giza"
      },
      "geometry": {
        "type": "Point",
        "coordinates": [
          29.8856722,
          31.2139964
        ]
      }
    },
    {
      "type": "Feature",
      "properties": {
        "name": "عمود السواري والحديقة الأثرية",
        "name_en": "Archaeological Park & Pompey's Pillar",
        "type": "attraction",
        "category": "archaeological_site",
        "historic": "archaeological_site",
        "civilization": "",
        "wikidata": "Q492487",
        "region": "Cairo / Giza"
      },
      "geometry": {
        "type": "Point",
        "coordinates": [
          29.8963142,
          31.1821703
        ]
      }
    },
    {
      "type": "Feature",
      "properties": {
        "name": "كوم الدكة",
        "name_en": "Kom el Deka (Roman stairs)",
        "type": "historic:archaeological_site",
        "category": "archaeological_site",
        "historic": "archaeological_site",
        "civilization": "ancient_roman",
        "wikidata": "Q12236559",
        "region": "Cairo / Giza"
      },
      "geometry": {
        "type": "Point",
        "coordinates": [
          29.9042516,
          31.1951552
        ]
      }
    },
    {
      "type": "Feature",
      "properties": {
        "name": "قلعة قايتباي",
        "name_en": "Citadel of Qaitbay",
        "type": "attraction",
        "category": "castle",
        "historic": "castle",
        "civilization": "",
        "wikidata": "Q1938065",
        "region": "Cairo / Giza"
      },
      "geometry": {
        "type": "Point",
        "coordinates": [
          29.8853977,
          31.2137497
        ]
      }
    },
    {
      "type": "Feature",
      "properties": {
        "name": "القاهرة القبطية",
        "name_en": "Coptic Cairo",
        "type": "attraction",
        "category": "historic_district",
        "historic": "district",
        "civilization": "",
        "wikidata": "Q3438824",
        "region": "Other"
      },
      "geometry": {
        "type": "Point",
        "coordinates": [
          31.2318415,
          30.0062606
        ]
      }
    },
    {
      "type": "Feature",
      "properties": {
        "name": "المتحف الزراعي",
        "name_en": "Agricultural Museum",
        "type": "museum",
        "category": "other",
        "historic": "",
        "civilization": "",
        "wikidata": "Q2420309",
        "region": "Other"
      },
      "geometry": {
        "type": "Point",
        "coordinates": [
          31.2091708,
          30.0466925
        ]
      }
    },
    {
      "type": "Feature",
      "properties": {
        "name": "وكالة السلطان الغورى",
        "name_en": "Wekalat El Sultan Al-Ghoury",
        "type": "historic:building",
        "category": "historic_building",
        "historic": "building",
        "civilization": "",
        "wikidata": "Q3570251",
        "region": "Other"
      },
      "geometry": {
        "type": "Point",
        "coordinates": [
          31.2608739,
          30.0456731
        ]
      }
    },
    {
      "type": "Feature",
      "properties": {
        "name": "متحف محمود مختار",
        "name_en": "Mahmoud Mukhtar Museum",
        "type": "museum",
        "category": "other",
        "historic": "",
        "civilization": "",
        "wikidata": "Q6933506",
        "region": "Other"
      },
      "geometry": {
        "type": "Point",
        "coordinates": [
          31.2229447,
          30.0406374
        ]
      }
    },
    {
      "type": "Feature",
      "properties": {
        "name": "متحف أحمد شوقي",
        "name_en": "Ahmed Shawqi Museum",
        "type": "museum",
        "category": "other",
        "historic": "",
        "civilization": "",
        "wikidata": "Q372088",
        "region": "Other"
      },
      "geometry": {
        "type": "Point",
        "coordinates": [
          31.2175989,
          30.0214538
        ]
      }
    },
    {
      "type": "Feature",
      "properties": {
        "name": "كوم الشقافة",
        "name_en": "Catacombs of Kom el Shoqafa",
        "type": "attraction",
        "category": "archaeological_site",
        "historic": "archaeological_site",
        "civilization": "ancient_egyptian",
        "wikidata": "Q2671839",
        "region": "Cairo / Giza"
      },
      "geometry": {
        "type": "Point",
        "coordinates": [
          29.8930424,
          31.1785435
        ]
      }
    },
    {
      "type": "Feature",
      "properties": {
        "name": "قصر رئاسة",
        "name_en": "Heliopolis Presidential Palace",
        "type": "historic:castle",
        "category": "castle",
        "historic": "castle",
        "civilization": "",
        "wikidata": null,
        "region": "Other"
      },
      "geometry": {
        "type": "Point",
        "coordinates": [
          31.3196721,
          30.0889912
        ]
      }
    },
    {
      "type": "Feature",
      "properties": {
        "name": "هرم زوسر المدرج",
        "name_en": "Pyramid of Djoser",
        "type": "attraction",
        "category": "pyramid",
        "historic": "tomb",
        "civilization": "ancient_egyptian",
        "wikidata": "Q192418",
        "region": "Fayoum / Nile Delta"
      },
      "geometry": {
        "type": "Point",
        "coordinates": [
          31.2165654,
          29.8712196
        ]
      }
    },
    {
      "type": "Feature",
      "properties": {
        "name": "جامع الأقمر",
        "name_en": "Al-Aqmar Mosque",
        "type": "historic:heritage",
        "category": "heritage_site",
        "historic": "heritage",
        "civilization": "",
        "wikidata": "Q287283",
        "region": "Other"
      },
      "geometry": {
        "type": "Point",
        "coordinates": [
          31.2620213,
          30.0515556
        ]
      }
    },
    {
      "type": "Feature",
      "properties": {
        "name": "بانوراما حرب أوكتوبر",
        "name_en": "October War Panorama",
        "type": "attraction",
        "category": "other",
        "historic": "",
        "civilization": "",
        "wikidata": "Q6741397",
        "region": "Other"
      },
      "geometry": {
        "type": "Point",
        "coordinates": [
          31.3069523,
          30.074126
        ]
      }
    },
    {
      "type": "Feature",
      "properties": {
        "name": "قصر السكاكيني",
        "name_en": "Sakakini Palace",
        "type": "attraction",
        "category": "castle",
        "historic": "castle",
        "civilization": "",
        "wikidata": "Q10981930",
        "region": "Other"
      },
      "geometry": {
        "type": "Point",
        "coordinates": [
          31.2662423,
          30.0658596
        ]
      }
    },
    {
      "type": "Feature",
      "properties": {
        "name": "هرم سنفرو",
        "name_en": "Bent Pyramid",
        "type": "attraction",
        "category": "pyramid",
        "historic": "tomb",
        "civilization": "ancient_egyptian",
        "wikidata": "Q459608",
        "region": "Fayoum / Nile Delta"
      },
      "geometry": {
        "type": "Point",
        "coordinates": [
          31.2094681,
          29.7902357
        ]
      }
    },
    {
      "type": "Feature",
      "properties": {
        "name": "الهرم الأحمر",
        "name_en": "Red Pyramid",
        "type": "attraction",
        "category": "pyramid",
        "historic": "tomb",
        "civilization": "ancient_egyptian",
        "wikidata": "Q135332",
        "region": "Fayoum / Nile Delta"
      },
      "geometry": {
        "type": "Point",
        "coordinates": [
          31.2062444,
          29.8085513
        ]
      }
    },
    {
      "type": "Feature",
      "properties": {
        "name": "الهرم الأسود",
        "name_en": "Black Pyramid",
        "type": "historic:tomb",
        "category": "pyramid",
        "historic": "tomb",
        "civilization": "ancient_egyptian",
        "wikidata": "Q284794",
        "region": "Fayoum / Nile Delta"
      },
      "geometry": {
        "type": "Point",
        "coordinates": [
          31.2239092,
          29.7917431
        ]
      }
    },
    {
      "type": "Feature",
      "properties": {
        "name": "هرم تتى",
        "name_en": "Pyramid of Teti",
        "type": "attraction",
        "category": "pyramid",
        "historic": "tomb",
        "civilization": "ancient_egyptian",
        "wikidata": "Q1278166",
        "region": "Fayoum / Nile Delta"
      },
      "geometry": {
        "type": "Point",
        "coordinates": [
          31.2217551,
          29.875165
        ]
      }
    },
    {
      "type": "Feature",
      "properties": {
        "name": "المقابر الفاطمية",
        "name_en": "Islamic Cemetery",
        "type": "historic:yes",
        "category": "historic_area",
        "historic": "yes",
        "civilization": "islamic_egyptian",
        "wikidata": "Q18915139",
        "region": "Luxor / Aswan"
      },
      "geometry": {
        "type": "Point",
        "coordinates": [
          32.8915636,
          24.0779062
        ]
      }
    },
    {
      "type": "Feature",
      "properties": {
        "name": "كلابشة الجديدة",
        "name_en": "New Kalabsha Island",
        "type": "historic:",
        "category": "other",
        "historic": "",
        "civilization": "",
        "wikidata": "Q1721920",
        "region": "Upper Egypt / Nubia"
      },
      "geometry": {
        "type": "Point",
        "coordinates": [
          32.8666172,
          23.961795
        ]
      }
    },
    {
      "type": "Feature",
      "properties": {
        "name": "متحف الفنون الأسلامية",
        "name_en": "Museum of Islamic Art",
        "type": "museum",
        "category": "other",
        "historic": "",
        "civilization": "",
        "wikidata": "Q3330629",
        "region": "Other"
      },
      "geometry": {
        "type": "Point",
        "coordinates": [
          31.2527223,
          30.0446521
        ]
      }
    },
    {
      "type": "Feature",
      "properties": {
        "name": "Pyramid of Neferirkare",
        "name_en": "Pyramid of Neferirkare",
        "type": "attraction",
        "category": "pyramid",
        "historic": "tomb",
        "civilization": "ancient_egyptian",
        "wikidata": "Q1609149",
        "region": "Fayoum / Nile Delta"
      },
      "geometry": {
        "type": "Point",
        "coordinates": [
          31.2024288,
          29.8949706
        ]
      }
    },
    {
      "type": "Feature",
      "properties": {
        "name": "Pyramid of Nyuserre",
        "name_en": "Pyramid of Nyuserre",
        "type": "attraction",
        "category": "pyramid",
        "historic": "tomb",
        "civilization": "ancient_egyptian",
        "wikidata": "Q1751693",
        "region": "Fayoum / Nile Delta"
      },
      "geometry": {
        "type": "Point",
        "coordinates": [
          31.2036312,
          29.8955433
        ]
      }
    },
    {
      "type": "Feature",
      "properties": {
        "name": "هرم سهورة",
        "name_en": "Pyramid of Sahure",
        "type": "attraction",
        "category": "pyramid",
        "historic": "tomb",
        "civilization": "ancient_egyptian",
        "wikidata": "Q131820",
        "region": "Fayoum / Nile Delta"
      },
      "geometry": {
        "type": "Point",
        "coordinates": [
          31.2033926,
          29.8975358
        ]
      }
    },
    {
      "type": "Feature",
      "properties": {
        "name": "معبد الإلاه الشمس",
        "name_en": "Sun Temple of Niuserre",
        "type": "attraction",
        "category": "archaeological_site",
        "historic": "temple",
        "civilization": "ancient_egyptian",
        "wikidata": "Q2009417",
        "region": "Fayoum / Nile Delta"
      },
      "geometry": {
        "type": "Point",
        "coordinates": [
          31.1941213,
          29.9040208
        ]
      }
    },
    {
      "type": "Feature",
      "properties": {
        "name": "هرم الشواف",
        "name_en": "Pyramid of Djedkare-Isesi",
        "type": "attraction",
        "category": "pyramid",
        "historic": "tomb",
        "civilization": "ancient_egyptian",
        "wikidata": "Q1232134",
        "region": "Fayoum / Nile Delta"
      },
      "geometry": {
        "type": "Point",
        "coordinates": [
          31.2209469,
          29.850964
        ]
      }
    },
    {
      "type": "Feature",
      "properties": {
        "name": "هرم خنت كاوس 1",
        "name_en": "Pyramid of Khentkawes 1",
        "type": "historic:tomb",
        "category": "pyramid",
        "historic": "tomb",
        "civilization": "ancient_egyptian",
        "wikidata": "Q838479",
        "region": "Fayoum / Nile Delta"
      },
      "geometry": {
        "type": "Point",
        "coordinates": [
          31.1354663,
          29.9733862
        ]
      }
    },
    {
      "type": "Feature",
      "properties": {
        "name": "White Pyramid",
        "name_en": "White Pyramid",
        "type": "historic:tomb",
        "category": "pyramid",
        "historic": "tomb",
        "civilization": "ancient_egyptian",
        "wikidata": "Q275666",
        "region": "Fayoum / Nile Delta"
      },
      "geometry": {
        "type": "Point",
        "coordinates": [
          31.2232766,
          29.8057216
        ]
      }
    },
    {
      "type": "Feature",
      "properties": {
        "name": "Pyramid of Senusret III",
        "name_en": "Pyramid of Senusret III",
        "type": "attraction",
        "category": "archaeological_site",
        "historic": "archaeological_site",
        "civilization": "ancient_egyptian",
        "wikidata": "Q1752090",
        "region": "Fayoum / Nile Delta"
      },
      "geometry": {
        "type": "Point",
        "coordinates": [
          31.2257308,
          29.8188537
        ]
      }
    },
    {
      "type": "Feature",
      "properties": {
        "name": "Pyramid of Ameny Qemau",
        "name_en": "Pyramid of Ameny Qemau",
        "type": "historic:tomb",
        "category": "pyramid",
        "historic": "tomb",
        "civilization": "ancient_egyptian",
        "wikidata": "Q462453",
        "region": "Fayoum / Nile Delta"
      },
      "geometry": {
        "type": "Point",
        "coordinates": [
          31.2216054,
          29.7818513
        ]
      }
    },
    {
      "type": "Feature",
      "properties": {
        "name": "أهرامات الجيزة",
        "name_en": "Giza Pyramids",
        "type": "historic:archaeological_site",
        "category": "archaeological_site",
        "historic": "archaeological_site",
        "civilization": "ancient_egyptian",
        "wikidata": "Q12508",
        "region": "Fayoum / Nile Delta"
      },
      "geometry": {
        "type": "Point",
        "coordinates": [
          31.125074,
          29.9707692
        ]
      }
    },
    {
      "type": "Feature",
      "properties": {
        "name": "Pyramid Senusret I",
        "name_en": "Pyramid Senusret I",
        "type": "historic:ruins",
        "category": "archaeological_site",
        "historic": "ruins",
        "civilization": "",
        "wikidata": "Q206610",
        "region": "Fayoum / Nile Delta"
      },
      "geometry": {
        "type": "Point",
        "coordinates": [
          31.2211567,
          29.5601796
        ]
      }
    },
    {
      "type": "Feature",
      "properties": {
        "name": "هرم ميدون",
        "name_en": "Maidun Pyramid",
        "type": "historic:archaeological_site",
        "category": "archaeological_site",
        "historic": "archaeological_site",
        "civilization": "ancient_egyptian",
        "wikidata": "Q13444093",
        "region": "Fayoum / Nile Delta"
      },
      "geometry": {
        "type": "Point",
        "coordinates": [
          31.1571284,
          29.3883705
        ]
      }
    },
    {
      "type": "Feature",
      "properties": {
        "name": "هرم حوارة",
        "name_en": "Pyramid of Hawara",
        "type": "attraction",
        "category": "archaeological_site",
        "historic": "archaeological_site",
        "civilization": "middle_kingdom",
        "wikidata": "Q26237",
        "region": "Fayoum / Nile Delta"
      },
      "geometry": {
        "type": "Point",
        "coordinates": [
          30.8988643,
          29.2741815
        ]
      }
    },
    {
      "type": "Feature",
      "properties": {
        "name": "هرم اللاهون",
        "name_en": "Sesostris II Pyramid",
        "type": "attraction",
        "category": "archaeological_site",
        "historic": "archaeological_site",
        "civilization": "",
        "wikidata": "Q1698602",
        "region": "Fayoum / Nile Delta"
      },
      "geometry": {
        "type": "Point",
        "coordinates": [
          30.9707395,
          29.2361809
        ]
      }
    },
    {
      "type": "Feature",
      "properties": {
        "name": "رمسسيوم",
        "name_en": "Ramesseum",
        "type": "attraction",
        "category": "archaeological_site",
        "historic": "archaeological_site",
        "civilization": "",
        "wikidata": "Q311581",
        "region": "Luxor / Aswan"
      },
      "geometry": {
        "type": "Point",
        "coordinates": [
          32.6101924,
          25.7279413
        ]
      }
    },
    {
      "type": "Feature",
      "properties": {
        "name": "دير المدينة",
        "name_en": "Dayr al-Madīnah",
        "type": "attraction",
        "category": "archaeological_site",
        "historic": "archaeological_site",
        "civilization": "",
        "wikidata": "Q750212",
        "region": "Luxor / Aswan"
      },
      "geometry": {
        "type": "Point",
        "coordinates": [
          32.6012912,
          25.7283442
        ]
      }
    },
    {
      "type": "Feature",
      "properties": {
        "name": "Mortuary Temple of Seti I",
        "name_en": "Mortuary Temple of Seti I",
        "type": "attraction",
        "category": "archaeological_site",
        "historic": "archaeological_site",
        "civilization": "ancient_egyptian",
        "wikidata": "Q375642",
        "region": "Luxor / Aswan"
      },
      "geometry": {
        "type": "Point",
        "coordinates": [
          32.6285505,
          25.7324392
        ]
      }
    },
    {
      "type": "Feature",
      "properties": {
        "name": "معبد تحتمس الثالث",
        "name_en": "Mortuary Temple of Thutmose III",
        "type": "historic:archaeological_site",
        "category": "archaeological_site",
        "historic": "archaeological_site",
        "civilization": "",
        "wikidata": "Q2445753",
        "region": "Luxor / Aswan"
      },
      "geometry": {
        "type": "Point",
        "coordinates": [
          32.6130429,
          25.7301702
        ]
      }
    },
    {
      "type": "Feature",
      "properties": {
        "name": "مدينة هبو",
        "name_en": "Medinet Habu",
        "type": "attraction",
        "category": "archaeological_site",
        "historic": "archaeological_site",
        "civilization": "",
        "wikidata": "Q656040",
        "region": "Luxor / Aswan"
      },
      "geometry": {
        "type": "Point",
        "coordinates": [
          32.6009841,
          25.7197354
        ]
      }
    },
    {
      "type": "Feature",
      "properties": {
        "name": "معبد مرنبتاح",
        "name_en": "Temple of Merneptah",
        "type": "historic:archaeological_site",
        "category": "archaeological_site",
        "historic": "archaeological_site",
        "civilization": "",
        "wikidata": "Q2065935",
        "region": "Luxor / Aswan"
      },
      "geometry": {
        "type": "Point",
        "coordinates": [
          32.6066138,
          25.7250035
        ]
      }
    },
    {
      "type": "Feature",
      "properties": {
        "name": "معبد توت عنخ آمون وآي وحور محب",
        "name_en": "Temple of Tutankhamen, Ay and Horemheb",
        "type": "historic:archaeological_site",
        "category": "archaeological_site",
        "historic": "archaeological_site",
        "civilization": "",
        "wikidata": "Q125552294",
        "region": "Luxor / Aswan"
      },
      "geometry": {
        "type": "Point",
        "coordinates": [
          32.6016269,
          25.7210209
        ]
      }
    },
    {
      "type": "Feature",
      "properties": {
        "name": "Dra' Abu el-Naga'",
        "name_en": "Dra' Abu el-Naga'",
        "type": "historic:archaeological_site",
        "category": "archaeological_site",
        "historic": "archaeological_site",
        "civilization": "",
        "wikidata": "Q676508",
        "region": "Luxor / Aswan"
      },
      "geometry": {
        "type": "Point",
        "coordinates": [
          32.6215075,
          25.7369909
        ]
      }
    },
    {
      "type": "Feature",
      "properties": {
        "name": "طريق الكباش",
        "name_en": "Avenue of Sphinxes",
        "type": "attraction",
        "category": "other",
        "historic": "",
        "civilization": "",
        "wikidata": "Q6811142",
        "region": "Luxor / Aswan"
      },
      "geometry": {
        "type": "Point",
        "coordinates": [
          32.6472224,
          25.7071476
        ]
      }
    },
    {
      "type": "Feature",
      "properties": {
        "name": "معبد منتو",
        "name_en": "Temple of Montu",
        "type": "attraction",
        "category": "archaeological_site",
        "historic": "ruins",
        "civilization": "",
        "wikidata": "Q2665873",
        "region": "Luxor / Aswan"
      },
      "geometry": {
        "type": "Point",
        "coordinates": [
          32.6606535,
          25.7200935
        ]
      }
    },
    {
      "type": "Feature",
      "properties": {
        "name": "معبد بتاح",
        "name_en": "Temple of Ptah",
        "type": "historic:ruins",
        "category": "archaeological_site",
        "historic": "ruins",
        "civilization": "ancient_egyptian",
        "wikidata": "Q763599",
        "region": "Luxor / Aswan"
      },
      "geometry": {
        "type": "Point",
        "coordinates": [
          32.6596688,
          25.7196117
        ]
      }
    },
    {
      "type": "Feature",
      "properties": {
        "name": "معبد كوم أمبو",
        "name_en": "Temple of Kom Ombo",
        "type": "attraction",
        "category": "archaeological_site",
        "historic": "ruins",
        "civilization": "",
        "wikidata": "Q1243401",
        "region": "Luxor / Aswan"
      },
      "geometry": {
        "type": "Point",
        "coordinates": [
          32.9284726,
          24.4521408
        ]
      }
    },
    {
      "type": "Feature",
      "properties": {
        "name": "Umm el Qa'ab",
        "name_en": "Umm el Qa'ab",
        "type": "attraction",
        "category": "archaeological_site",
        "historic": "archaeological_site",
        "civilization": "",
        "wikidata": "Q853955",
        "region": "Other"
      },
      "geometry": {
        "type": "Point",
        "coordinates": [
          31.9079301,
          26.1750593
        ]
      }
    },
    {
      "type": "Feature",
      "properties": {
        "name": "Temple of Seti I",
        "name_en": "Temple of Seti I",
        "type": "historic:archaeological_site",
        "category": "archaeological_site",
        "historic": "archaeological_site",
        "civilization": "ancient_egyptian",
        "wikidata": "Q1536148",
        "region": "Other"
      },
      "geometry": {
        "type": "Point",
        "coordinates": [
          31.9193816,
          26.1849157
        ]
      }
    },
    {
      "type": "Feature",
      "properties": {
        "name": "Shunet ez Zebib",
        "name_en": "Shunet ez Zebib",
        "type": "attraction",
        "category": "archaeological_site",
        "historic": "ruins",
        "civilization": "ancient_egyptian",
        "wikidata": "Q7505051",
        "region": "Other"
      },
      "geometry": {
        "type": "Point",
        "coordinates": [
          31.908031,
          26.1895004
        ]
      }
    },
    {
      "type": "Feature",
      "properties": {
        "name": "Osireion",
        "name_en": "Osireion",
        "type": "attraction",
        "category": "archaeological_site",
        "historic": "archaeological_site",
        "civilization": "",
        "wikidata": "Q2033435",
        "region": "Other"
      },
      "geometry": {
        "type": "Point",
        "coordinates": [
          31.9184282,
          26.1841332
        ]
      }
    },
    {
      "type": "Feature",
      "properties": {
        "name": "الكاب",
        "name_en": "Ancient town of Nikhab",
        "type": "historic:archaeological_site",
        "category": "archaeological_site",
        "historic": "archaeological_site",
        "civilization": "",
        "wikidata": "Q287705",
        "region": "Luxor / Aswan"
      },
      "geometry": {
        "type": "Point",
        "coordinates": [
          32.7984225,
          25.1203979
        ]
      }
    },
    {
      "type": "Feature",
      "properties": {
        "name": "معبد فيلة",
        "name_en": "Philae Temple",
        "type": "attraction",
        "category": "archaeological_site",
        "historic": "temple",
        "civilization": "ancient_egyptian;greek_egyptian",
        "wikidata": "Q1503673",
        "region": "Luxor / Aswan"
      },
      "geometry": {
        "type": "Point",
        "coordinates": [
          32.8842309,
          24.0252701
        ]
      }
    },
    {
      "type": "Feature",
      "properties": {
        "name": "متحف بنى سويف",
        "name_en": "Beni Suef Museum",
        "type": "museum",
        "category": "other",
        "historic": "",
        "civilization": "",
        "wikidata": "Q12238625",
        "region": "Fayoum / Nile Delta"
      },
      "geometry": {
        "type": "Point",
        "coordinates": [
          31.1013031,
          29.0840621
        ]
      }
    },
    {
      "type": "Feature",
      "properties": {
        "name": "قصر القبة",
        "name_en": "Qubba Palace",
        "type": "historic:castle",
        "category": "castle",
        "historic": "castle",
        "civilization": "",
        "wikidata": "Q4165397",
        "region": "Other"
      },
      "geometry": {
        "type": "Point",
        "coordinates": [
          31.3025996,
          30.0987657
        ]
      }
    },
    {
      "type": "Feature",
      "properties": {
        "name": "فندق كتراكت القديم",
        "name_en": "Sofitel Legend Old Cataract Aswan Hotel",
        "type": "hotel",
        "category": "historic_building",
        "historic": "building",
        "civilization": "",
        "wikidata": "Q1283262",
        "region": "Luxor / Aswan"
      },
      "geometry": {
        "type": "Point",
        "coordinates": [
          32.8881827,
          24.0823013
        ]
      }
    },
    {
      "type": "Feature",
      "properties": {
        "name": "هرم أوسركاف",
        "name_en": "Pyramid of Userkaf",
        "type": "attraction",
        "category": "pyramid",
        "historic": "tomb",
        "civilization": "ancient_egyptian",
        "wikidata": "Q1570082",
        "region": "Fayoum / Nile Delta"
      },
      "geometry": {
        "type": "Point",
        "coordinates": [
          31.2188806,
          29.8734202
        ]
      }
    },
    {
      "type": "Feature",
      "properties": {
        "name": "هرم أوناس",
        "name_en": "Pyramid of Unas",
        "type": "attraction",
        "category": "pyramid",
        "historic": "tomb",
        "civilization": "ancient_egyptian",
        "wikidata": "Q1478801",
        "region": "Fayoum / Nile Delta"
      },
      "geometry": {
        "type": "Point",
        "coordinates": [
          31.2149354,
          29.8681879
        ]
      }
    },
    {
      "type": "Feature",
      "properties": {
        "name": "Unfinished Pyramid of Neferefe",
        "name_en": "Unfinished Pyramid of Neferefe",
        "type": "attraction",
        "category": "pyramid",
        "historic": "tomb",
        "civilization": "ancient_egyptian",
        "wikidata": "Q240579",
        "region": "Fayoum / Nile Delta"
      },
      "geometry": {
        "type": "Point",
        "coordinates": [
          31.2016947,
          29.8937108
        ]
      }
    },
    {
      "type": "Feature",
      "properties": {
        "name": "معبد هبيس",
        "name_en": "Temple of Hibis",
        "type": "attraction",
        "category": "archaeological_site",
        "historic": "archaeological_site",
        "civilization": "",
        "wikidata": "Q4115642",
        "region": "Other"
      },
      "geometry": {
        "type": "Point",
        "coordinates": [
          30.5558233,
          25.47658
        ]
      }
    },
    {
      "type": "Feature",
      "properties": {
        "name": "مقابر البجوات",
        "name_en": "Bagawat Necropolis",
        "type": "historic:archaeological_site",
        "category": "archaeological_site",
        "historic": "archaeological_site",
        "civilization": "",
        "wikidata": "Q12244492",
        "region": "Other"
      },
      "geometry": {
        "type": "Point",
        "coordinates": [
          30.5549084,
          25.4858271
        ]
      }
    },
    {
      "type": "Feature",
      "properties": {
        "name": "Sun Temple of Userkaf",
        "name_en": "Sun Temple of Userkaf",
        "type": "attraction",
        "category": "archaeological_site",
        "historic": "temple",
        "civilization": "ancient_egyptian",
        "wikidata": "Q2301943",
        "region": "Fayoum / Nile Delta"
      },
      "geometry": {
        "type": "Point",
        "coordinates": [
          31.1991712,
          29.90005
        ]
      }
    },
    {
      "type": "Feature",
      "properties": {
        "name": "الهرم المدفون",
        "name_en": "Buried Pyramid",
        "type": "attraction",
        "category": "pyramid",
        "historic": "tomb",
        "civilization": "ancient_egyptian",
        "wikidata": "Q135318",
        "region": "Fayoum / Nile Delta"
      },
      "geometry": {
        "type": "Point",
        "coordinates": [
          31.2136489,
          29.866153
        ]
      }
    },
    {
      "type": "Feature",
      "properties": {
        "name": "تل العمارنة",
        "name_en": "Amarna",
        "type": "attraction",
        "category": "archaeological_site",
        "historic": "ruins",
        "civilization": "",
        "wikidata": "Q5736",
        "region": "Middle Egypt"
      },
      "geometry": {
        "type": "Point",
        "coordinates": [
          30.8989379,
          27.6464494
        ]
      }
    },
    {
      "type": "Feature",
      "properties": {
        "name": "هرم مرن رع الاول",
        "name_en": "Pyramid of Merenre I",
        "type": "historic:tomb",
        "category": "pyramid",
        "historic": "tomb",
        "civilization": "ancient_egyptian",
        "wikidata": "Q629240",
        "region": "Fayoum / Nile Delta"
      },
      "geometry": {
        "type": "Point",
        "coordinates": [
          31.2153632,
          29.8506692
        ]
      }
    },
    {
      "type": "Feature",
      "properties": {
        "name": "Pyramid of Pepi I",
        "name_en": "Pyramid of Pepi I",
        "type": "attraction",
        "category": "pyramid",
        "historic": "tomb",
        "civilization": "ancient_egyptian",
        "wikidata": "Q1536118",
        "region": "Fayoum / Nile Delta"
      },
      "geometry": {
        "type": "Point",
        "coordinates": [
          31.2189899,
          29.8544317
        ]
      }
    },
    {
      "type": "Feature",
      "properties": {
        "name": "أبو مينا",
        "name_en": "Abu Mena",
        "type": "historic:archaeological_site",
        "category": "archaeological_site",
        "historic": "archaeological_site",
        "civilization": "",
        "wikidata": "Q9278",
        "region": "Cairo / Giza"
      },
      "geometry": {
        "type": "Point",
        "coordinates": [
          29.6715511,
          30.8418757
        ]
      }
    },
    {
      "type": "Feature",
      "properties": {
        "name": "",
        "name_en": "Aswan quarries",
        "type": "attraction",
        "category": "other",
        "historic": "quarry",
        "civilization": "ancient_egyptian",
        "wikidata": "Q65827938",
        "region": "Luxor / Aswan"
      },
      "geometry": {
        "type": "Point",
        "coordinates": [
          32.8946988,
          24.0771153
        ]
      }
    },
    {
      "type": "Feature",
      "properties": {
        "name": "متحف الإسكندرية القومي",
        "name_en": "Alexandria National Museum",
        "type": "museum",
        "category": "other",
        "historic": "",
        "civilization": "",
        "wikidata": "Q201383",
        "region": "Cairo / Giza"
      },
      "geometry": {
        "type": "Point",
        "coordinates": [
          29.9131473,
          31.2011126
        ]
      }
    },
    {
      "type": "Feature",
      "properties": {
        "name": "المتحف اليونانى الرومانى",
        "name_en": "Graeco-Roman Museum",
        "type": "museum",
        "category": "other",
        "historic": "",
        "civilization": "",
        "wikidata": "Q1546319",
        "region": "Cairo / Giza"
      },
      "geometry": {
        "type": "Point",
        "coordinates": [
          29.9068731,
          31.1992602
        ]
      }
    },
    {
      "type": "Feature",
      "properties": {
        "name": "وادي الملوك",
        "name_en": "Valley of the Kings",
        "type": "attraction",
        "category": "archaeological_site",
        "historic": "archaeological_site",
        "civilization": "",
        "wikidata": "Q133423",
        "region": "Luxor / Aswan"
      },
      "geometry": {
        "type": "Point",
        "coordinates": [
          32.6013928,
          25.7402542
        ]
      }
    },
    {
      "type": "Feature",
      "properties": {
        "name": "وادي الملكات",
        "name_en": "Valley of the Queens",
        "type": "attraction",
        "category": "archaeological_site",
        "historic": "archaeological_site",
        "civilization": "",
        "wikidata": "Q260386",
        "region": "Luxor / Aswan"
      },
      "geometry": {
        "type": "Point",
        "coordinates": [
          32.5928883,
          25.7277006
        ]
      }
    },
    {
      "type": "Feature",
      "properties": {
        "name": "العساسيف",
        "name_en": "al-Asāsīf",
        "type": "historic:archaeological_site",
        "category": "archaeological_site",
        "historic": "archaeological_site",
        "civilization": "",
        "wikidata": "Q286631",
        "region": "Luxor / Aswan"
      },
      "geometry": {
        "type": "Point",
        "coordinates": [
          32.6137356,
          25.7342572
        ]
      }
    },
    {
      "type": "Feature",
      "properties": {
        "name": "Temple of Amenhotep II",
        "name_en": "Temple of Amenhotep II",
        "type": "historic:archaeological_site",
        "category": "archaeological_site",
        "historic": "archaeological_site",
        "civilization": "",
        "wikidata": "Q140043879",
        "region": "Luxor / Aswan"
      },
      "geometry": {
        "type": "Point",
        "coordinates": [
          32.6113323,
          25.7286085
        ]
      }
    },
    {
      "type": "Feature",
      "properties": {
        "name": "معبد تاوسرت",
        "name_en": "Temple of Tawosret",
        "type": "historic:archaeological_site",
        "category": "archaeological_site",
        "historic": "archaeological_site",
        "civilization": "",
        "wikidata": "Q140043253",
        "region": "Luxor / Aswan"
      },
      "geometry": {
        "type": "Point",
        "coordinates": [
          32.6073284,
          25.7261861
        ]
      }
    },
    {
      "type": "Feature",
      "properties": {
        "name": "المعبد الجنائزي لأمنحتب الثالث",
        "name_en": "Mortuary Temple of Amenhotep III",
        "type": "historic:archaeological_site",
        "category": "archaeological_site",
        "historic": "archaeological_site",
        "civilization": "",
        "wikidata": "Q1058753",
        "region": "Luxor / Aswan"
      },
      "geometry": {
        "type": "Point",
        "coordinates": [
          32.6085635,
          25.7215402
        ]
      }
    },
    {
      "type": "Feature",
      "properties": {
        "name": "Chapel of the White Queen",
        "name_en": "Chapel of the White Queen",
        "type": "historic:archaeological_site",
        "category": "archaeological_site",
        "historic": "archaeological_site",
        "civilization": "",
        "wikidata": "Q125744153",
        "region": "Luxor / Aswan"
      },
      "geometry": {
        "type": "Point",
        "coordinates": [
          32.6106931,
          25.7290722
        ]
      }
    },
    {
      "type": "Feature",
      "properties": {
        "name": "عملاق ممنون",
        "name_en": "Colossi of Memnon",
        "type": "attraction",
        "category": "archaeological_site",
        "historic": "ruins",
        "civilization": "",
        "wikidata": "Q750209",
        "region": "Luxor / Aswan"
      },
      "geometry": {
        "type": "Point",
        "coordinates": [
          32.6104417,
          25.7204993
        ]
      }
    },
    {
      "type": "Feature",
      "properties": {
        "name": "مقاصير ستي الثاني",
        "name_en": "Temple of Sethos II",
        "type": "historic:ruins",
        "category": "archaeological_site",
        "historic": "ruins",
        "civilization": "ancient_egyptian",
        "wikidata": "Q124889719",
        "region": "Luxor / Aswan"
      },
      "geometry": {
        "type": "Point",
        "coordinates": [
          32.6570687,
          25.7192461
        ]
      }
    },
    {
      "type": "Feature",
      "properties": {
        "name": "معبد الأخمنو",
        "name_en": "Temple of Akhmenu",
        "type": "attraction",
        "category": "archaeological_site",
        "historic": "ruins",
        "civilization": "ancient_egyptian",
        "wikidata": "Q13218743",
        "region": "Luxor / Aswan"
      },
      "geometry": {
        "type": "Point",
        "coordinates": [
          32.6596655,
          25.7177166
        ]
      }
    },
    {
      "type": "Feature",
      "properties": {
        "name": "Contra Temple",
        "name_en": "Contra Temple",
        "type": "attraction",
        "category": "archaeological_site",
        "historic": "ruins",
        "civilization": "ancient_egyptian",
        "wikidata": "Q125053343",
        "region": "Luxor / Aswan"
      },
      "geometry": {
        "type": "Point",
        "coordinates": [
          32.6599603,
          25.7176441
        ]
      }
    },
    {
      "type": "Feature",
      "properties": {
        "name": "معبد خونسو",
        "name_en": "Temple of Khonsu",
        "type": "historic:ruins",
        "category": "archaeological_site",
        "historic": "ruins",
        "civilization": "ancient_egyptian",
        "wikidata": "Q746382",
        "region": "Luxor / Aswan"
      },
      "geometry": {
        "type": "Point",
        "coordinates": [
          32.6558579,
          25.7167727
        ]
      }
    },
    {
      "type": "Feature",
      "properties": {
        "name": "معبد امنحتب الثانى",
        "name_en": "Temple of Amenhotep II",
        "type": "historic:ruins",
        "category": "archaeological_site",
        "historic": "ruins",
        "civilization": "ancient_egyptian",
        "wikidata": "Q125099871",
        "region": "Luxor / Aswan"
      },
      "geometry": {
        "type": "Point",
        "coordinates": [
          32.6574802,
          25.7158362
        ]
      }
    },
    {
      "type": "Feature",
      "properties": {
        "name": "صالة الأعمدة الكبرى",
        "name_en": "Great Hypostyle Hall",
        "type": "historic:ruins",
        "category": "archaeological_site",
        "historic": "ruins",
        "civilization": "ancient_egyptian",
        "wikidata": "Q3775633",
        "region": "Luxor / Aswan"
      },
      "geometry": {
        "type": "Point",
        "coordinates": [
          32.6579243,
          25.7185783
        ]
      }
    },
    {
      "type": "Feature",
      "properties": {
        "name": "معبد رمسيس الثالث",
        "name_en": "Temple Barque Chapel of Ramesses III",
        "type": "historic:ruins",
        "category": "archaeological_site",
        "historic": "ruins",
        "civilization": "ancient_egyptian",
        "wikidata": "Q124894323",
        "region": "Luxor / Aswan"
      },
      "geometry": {
        "type": "Point",
        "coordinates": [
          32.6570121,
          25.7183286
        ]
      }
    },
    {
      "type": "Feature",
      "properties": {
        "name": "Botanical Gardens of Thutmose III",
        "name_en": "Botanical Gardens of Thutmose III",
        "type": "attraction",
        "category": "archaeological_site",
        "historic": "ruins",
        "civilization": "ancient_egyptian",
        "wikidata": "Q3162408",
        "region": "Luxor / Aswan"
      },
      "geometry": {
        "type": "Point",
        "coordinates": [
          32.6597725,
          25.717765
        ]
      }
    },
    {
      "type": "Feature",
      "properties": {
        "name": "Red Chapel of Hatshepsut",
        "name_en": "Red Chapel of Hatshepsut",
        "type": "historic:ruins",
        "category": "archaeological_site",
        "historic": "ruins",
        "civilization": "ancient_egyptian",
        "wikidata": "Q1427051",
        "region": "Luxor / Aswan"
      },
      "geometry": {
        "type": "Point",
        "coordinates": [
          32.6576617,
          25.7204367
        ]
      }
    },
    {
      "type": "Feature",
      "properties": {
        "name": "المتحف المفتوح",
        "name_en": "Open-Air Museum",
        "type": "museum",
        "category": "other",
        "historic": "",
        "civilization": "",
        "wikidata": "Q13218762",
        "region": "Luxor / Aswan"
      },
      "geometry": {
        "type": "Point",
        "coordinates": [
          32.6574848,
          25.7203119
        ]
      }
    },
    {
      "type": "Feature",
      "properties": {
        "name": "Alabaster Chapel of Thutmosis III",
        "name_en": "Alabaster Chapel of Thutmosis III",
        "type": "historic:archaeological_site",
        "category": "archaeological_site",
        "historic": "archaeological_site",
        "civilization": "ancient_egyptian",
        "wikidata": "Q124884454",
        "region": "Luxor / Aswan"
      },
      "geometry": {
        "type": "Point",
        "coordinates": [
          32.6572116,
          25.7205009
        ]
      }
    },
    {
      "type": "Feature",
      "properties": {
        "name": "KV1",
        "name_en": "KV1 Rameses VII",
        "type": "historic:tomb",
        "category": "other",
        "historic": "tomb",
        "civilization": "",
        "wikidata": "Q778902",
        "region": "Luxor / Aswan"
      },
      "geometry": {
        "type": "Point",
        "coordinates": [
          32.6019565,
          25.742441
        ]
      }
    },
    {
      "type": "Feature",
      "properties": {
        "name": "south exterior wall",
        "name_en": "south exterior wall",
        "type": "historic:ruins",
        "category": "archaeological_site",
        "historic": "ruins",
        "civilization": "ancient_egyptian",
        "wikidata": "Q125102594",
        "region": "Luxor / Aswan"
      },
      "geometry": {
        "type": "Point",
        "coordinates": [
          32.6588927,
          25.7176149
        ]
      }
    },
    {
      "type": "Feature",
      "properties": {
        "name": "north exterior wall",
        "name_en": "north exterior wall",
        "type": "historic:ruins",
        "category": "archaeological_site",
        "historic": "ruins",
        "civilization": "ancient_egyptian",
        "wikidata": "Q125103437",
        "region": "Luxor / Aswan"
      },
      "geometry": {
        "type": "Point",
        "coordinates": [
          32.6594557,
          25.7183084
        ]
      }
    },
    {
      "type": "Feature",
      "properties": {
        "name": "Temple of Taharqa",
        "name_en": "Temple of Taharqa",
        "type": "historic:ruins",
        "category": "archaeological_site",
        "historic": "ruins",
        "civilization": "ancient_egyptian",
        "wikidata": "Q124956023",
        "region": "Luxor / Aswan"
      },
      "geometry": {
        "type": "Point",
        "coordinates": [
          32.6585132,
          25.7176145
        ]
      }
    },
    {
      "type": "Feature",
      "properties": {
        "name": "Small Aten Temple",
        "name_en": "Small Aten Temple",
        "type": "attraction",
        "category": "monument",
        "historic": "monument",
        "civilization": "",
        "wikidata": "Q586630",
        "region": "Middle Egypt"
      },
      "geometry": {
        "type": "Point",
        "coordinates": [
          30.8962838,
          27.6451318
        ]
      }
    },
    {
      "type": "Feature",
      "properties": {
        "name": "Great Aten Temple",
        "name_en": "Great Aten Temple",
        "type": "attraction",
        "category": "archaeological_site",
        "historic": "ruins",
        "civilization": "",
        "wikidata": "Q1214008",
        "region": "Middle Egypt"
      },
      "geometry": {
        "type": "Point",
        "coordinates": [
          30.9008476,
          27.6504909
        ]
      }
    },
    {
      "type": "Feature",
      "properties": {
        "name": "Temple of Khnum",
        "name_en": "Temple of Khnum",
        "type": "attraction",
        "category": "archaeological_site",
        "historic": "temple",
        "civilization": "",
        "wikidata": "Q1131024",
        "region": "Luxor / Aswan"
      },
      "geometry": {
        "type": "Point",
        "coordinates": [
          32.5561992,
          25.2934662
        ]
      }
    },
    {
      "type": "Feature",
      "properties": {
        "name": "Green Island",
        "name_en": "Green Island",
        "type": "historic:fort",
        "category": "fort",
        "historic": "fort",
        "civilization": "",
        "wikidata": "Q5602706",
        "region": "Other"
      },
      "geometry": {
        "type": "Point",
        "coordinates": [
          32.529806,
          29.9120061
        ]
      }
    },
    {
      "type": "Feature",
      "properties": {
        "name": "مركز القبة السماوية العلمي",
        "name_en": "Planetarium Science Center",
        "type": "museum",
        "category": "other",
        "historic": "",
        "civilization": "",
        "wikidata": "Q7201222",
        "region": "Cairo / Giza"
      },
      "geometry": {
        "type": "Point",
        "coordinates": [
          29.9081435,
          31.208971
        ]
      }
    },
    {
      "type": "Feature",
      "properties": {
        "name": "Pyramid of Djedefre",
        "name_en": "Pyramid of Djedefre",
        "type": "attraction",
        "category": "other",
        "historic": "",
        "civilization": "",
        "wikidata": "Q1569654",
        "region": "Other"
      },
      "geometry": {
        "type": "Point",
        "coordinates": [
          31.0749381,
          30.0321443
        ]
      }
    },
    {
      "type": "Feature",
      "properties": {
        "name": "إسمنت الخراب",
        "name_en": "Kellis",
        "type": "attraction",
        "category": "archaeological_site",
        "historic": "archaeological_site",
        "civilization": "",
        "wikidata": "Q3814386",
        "region": "Other"
      },
      "geometry": {
        "type": "Point",
        "coordinates": [
          29.095113,
          25.5170018
        ]
      }
    },
    {
      "type": "Feature",
      "properties": {
        "name": "",
        "name_en": "Temple of Amada",
        "type": "attraction",
        "category": "archaeological_site",
        "historic": "ruins",
        "civilization": "ancient_egyptian",
        "wikidata": "Q11951235",
        "region": "Upper Egypt / Nubia"
      },
      "geometry": {
        "type": "Point",
        "coordinates": [
          32.2626039,
          22.7311392
        ]
      }
    },
    {
      "type": "Feature",
      "properties": {
        "name": "Tanis",
        "name_en": "Tanis",
        "type": "historic:archaeological_site",
        "category": "archaeological_site",
        "historic": "archaeological_site",
        "civilization": "",
        "wikidata": null,
        "region": "Cairo / Giza"
      },
      "geometry": {
        "type": "Point",
        "coordinates": [
          31.8834674,
          30.972502
        ]
      }
    },
    {
      "type": "Feature",
      "properties": {
        "name": "كنيسة المغارة والشهيدين سرجيوس وواخس",
        "name_en": "Cavern Church, and The Martyrs Sergius and Bacchus",
        "type": "attraction",
        "category": "church",
        "historic": "church",
        "civilization": "",
        "wikidata": "Q2965718",
        "region": "Other"
      },
      "geometry": {
        "type": "Point",
        "coordinates": [
          31.2306554,
          30.0062615
        ]
      }
    },
    {
      "type": "Feature",
      "properties": {
        "name": "متحف الخزف الإسلامي",
        "name_en": "Museum of Islamic Ceramics",
        "type": "museum",
        "category": "other",
        "historic": "",
        "civilization": "",
        "wikidata": "Q6940902",
        "region": "Other"
      },
      "geometry": {
        "type": "Point",
        "coordinates": [
          31.223104,
          30.0564865
        ]
      }
    },
    {
      "type": "Feature",
      "properties": {
        "name": "",
        "name_en": "Pyramid of Hetepheres I",
        "type": "attraction",
        "category": "pyramid",
        "historic": "tomb",
        "civilization": "ancient_egyptian",
        "wikidata": "Q3411252",
        "region": "Fayoum / Nile Delta"
      },
      "geometry": {
        "type": "Point",
        "coordinates": [
          31.1362122,
          29.9788677
        ]
      }
    },
    {
      "type": "Feature",
      "properties": {
        "name": "متحف العلمين العسكري",
        "name_en": "Al-Alamein Military Museum",
        "type": "museum",
        "category": "other",
        "historic": "",
        "civilization": "",
        "wikidata": "Q12238614",
        "region": "Other"
      },
      "geometry": {
        "type": "Point",
        "coordinates": [
          28.9429483,
          30.8415229
        ]
      }
    },
    {
      "type": "Feature",
      "properties": {
        "name": "El-Alamein War Cemetery",
        "name_en": "El-Alamein War Cemetery",
        "type": "historic:yes",
        "category": "historic_area",
        "historic": "yes",
        "civilization": "",
        "wikidata": "Q12404548",
        "region": "Other"
      },
      "geometry": {
        "type": "Point",
        "coordinates": [
          28.9469313,
          30.8376823
        ]
      }
    },
    {
      "type": "Feature",
      "properties": {
        "name": "متحف محمود خليل",
        "name_en": "Mahmoud Khaleel",
        "type": "museum",
        "category": "other",
        "historic": "",
        "civilization": "",
        "wikidata": "Q4115728",
        "region": "Other"
      },
      "geometry": {
        "type": "Point",
        "coordinates": [
          31.2195836,
          30.0355567
        ]
      }
    },
    {
      "type": "Feature",
      "properties": {
        "name": "المتحف القبطى",
        "name_en": "The Coptic Museum",
        "type": "museum",
        "category": "other",
        "historic": "",
        "civilization": "",
        "wikidata": "Q1784177",
        "region": "Other"
      },
      "geometry": {
        "type": "Point",
        "coordinates": [
          31.2303596,
          30.0057685
        ]
      }
    },
    {
      "type": "Feature",
      "properties": {
        "name": "Dendera Temple Complex",
        "name_en": "Dendera Temple Complex",
        "type": "attraction",
        "category": "archaeological_site",
        "historic": "archaeological_site",
        "civilization": "",
        "wikidata": "Q735254",
        "region": "Luxor / Aswan"
      },
      "geometry": {
        "type": "Point",
        "coordinates": [
          32.6707451,
          26.143423
        ]
      }
    },
    {
      "type": "Feature",
      "properties": {
        "name": "محمية وادى الحيتان الطبيعية",
        "name_en": "Wadi Al-Hitan (Whale Valley)",
        "type": "attraction",
        "category": "other",
        "historic": "",
        "civilization": "",
        "wikidata": "Q501833",
        "region": "Other"
      },
      "geometry": {
        "type": "Point",
        "coordinates": [
          30.0874617,
          29.2922663
        ]
      }
    },
    {
      "type": "Feature",
      "properties": {
        "name": "Pyramid of Meritites I",
        "name_en": "Pyramid of Meritites I",
        "type": "historic:tomb",
        "category": "pyramid",
        "historic": "tomb",
        "civilization": "ancient_egyptian",
        "wikidata": "Q587347",
        "region": "Fayoum / Nile Delta"
      },
      "geometry": {
        "type": "Point",
        "coordinates": [
          31.1362145,
          29.9783421
        ]
      }
    },
    {
      "type": "Feature",
      "properties": {
        "name": "",
        "name_en": "Pyramid of Henutsen princess",
        "type": "historic:tomb",
        "category": "pyramid",
        "historic": "tomb",
        "civilization": "ancient_egyptian",
        "wikidata": "Q3411256",
        "region": "Fayoum / Nile Delta"
      },
      "geometry": {
        "type": "Point",
        "coordinates": [
          31.1362042,
          29.9778777
        ]
      }
    },
    {
      "type": "Feature",
      "properties": {
        "name": "Tell el-Maskhuta",
        "name_en": "Tell el-Maskhuta",
        "type": "historic:archaeological_site",
        "category": "archaeological_site",
        "historic": "archaeological_site",
        "civilization": "",
        "wikidata": "Q121773",
        "region": "Other"
      },
      "geometry": {
        "type": "Point",
        "coordinates": [
          32.0994344,
          30.5528942
        ]
      }
    },
    {
      "type": "Feature",
      "properties": {
        "name": "مسلة ناقصةال",
        "name_en": "Unfinished obelisk",
        "type": "attraction",
        "category": "historic_area",
        "historic": "yes",
        "civilization": "ancient_egyptian",
        "wikidata": "Q735438",
        "region": "Luxor / Aswan"
      },
      "geometry": {
        "type": "Point",
        "coordinates": [
          32.8954431,
          24.076921
        ]
      }
    },
    {
      "type": "Feature",
      "properties": {
        "name": "Mastabat al-Fir’aun",
        "name_en": "Mastabat al-Fir’aun",
        "type": "attraction",
        "category": "pyramid",
        "historic": "tomb",
        "civilization": "ancient_egyptian",
        "wikidata": "Q1004589",
        "region": "Fayoum / Nile Delta"
      },
      "geometry": {
        "type": "Point",
        "coordinates": [
          31.2152757,
          29.8389375
        ]
      }
    },
    {
      "type": "Feature",
      "properties": {
        "name": "Pyramid of Pepi II",
        "name_en": "Pyramid of Pepi II",
        "type": "attraction",
        "category": "pyramid",
        "historic": "tomb",
        "civilization": "ancient_egyptian",
        "wikidata": "Q1478835",
        "region": "Fayoum / Nile Delta"
      },
      "geometry": {
        "type": "Point",
        "coordinates": [
          31.213515,
          29.840289
        ]
      }
    },
    {
      "type": "Feature",
      "properties": {
        "name": "Serapeum",
        "name_en": "Serapeum",
        "type": "historic:archaeological_site",
        "category": "archaeological_site",
        "historic": "archaeological_site",
        "civilization": "ancient_egyptian",
        "wikidata": "Q287375",
        "region": "Fayoum / Nile Delta"
      },
      "geometry": {
        "type": "Point",
        "coordinates": [
          31.2095902,
          29.8760223
        ]
      }
    },
    {
      "type": "Feature",
      "properties": {
        "name": "Abu Sir",
        "name_en": "Abu Sir",
        "type": "historic:archaeological_site",
        "category": "archaeological_site",
        "historic": "archaeological_site",
        "civilization": "ancient_egyptian",
        "wikidata": null,
        "region": "Fayoum / Nile Delta"
      },
      "geometry": {
        "type": "Point",
        "coordinates": [
          31.2098819,
          29.8832952
        ]
      }
    },
    {
      "type": "Feature",
      "properties": {
        "name": "المعبد الجنائزي منقرع",
        "name_en": "Funerary Temple of Menkaure",
        "type": "attraction",
        "category": "archaeological_site",
        "historic": "temple",
        "civilization": "ancient_egyptian",
        "wikidata": null,
        "region": "Fayoum / Nile Delta"
      },
      "geometry": {
        "type": "Point",
        "coordinates": [
          31.1292831,
          29.9725177
        ]
      }
    },
    {
      "type": "Feature",
      "properties": {
        "name": "معبد كلابشة",
        "name_en": "Temple of Kalabsha",
        "type": "attraction",
        "category": "archaeological_site",
        "historic": "ruins",
        "civilization": "greek_egyptian",
        "wikidata": "Q11704302",
        "region": "Upper Egypt / Nubia"
      },
      "geometry": {
        "type": "Point",
        "coordinates": [
          32.867461,
          23.9608548
        ]
      }
    },
    {
      "type": "Feature",
      "properties": {
        "name": "",
        "name_en": "Kiosk of Qertassi",
        "type": "attraction",
        "category": "archaeological_site",
        "historic": "ruins",
        "civilization": "greek_egyptian;roman_and_byzantine_egyptian",
        "wikidata": "Q925318",
        "region": "Upper Egypt / Nubia"
      },
      "geometry": {
        "type": "Point",
        "coordinates": [
          32.8676293,
          23.9601748
        ]
      }
    },
    {
      "type": "Feature",
      "properties": {
        "name": "معبد بيت الوالي",
        "name_en": "Temple of Beit el-Wali",
        "type": "attraction",
        "category": "archaeological_site",
        "historic": "ruins",
        "civilization": "ancient_egyptian",
        "wikidata": "Q3517508",
        "region": "Upper Egypt / Nubia"
      },
      "geometry": {
        "type": "Point",
        "coordinates": [
          32.8663114,
          23.9617964
        ]
      }
    },
    {
      "type": "Feature",
      "properties": {
        "name": "",
        "name_en": "Temple of Gerf Hussein",
        "type": "attraction",
        "category": "archaeological_site",
        "historic": "ruins",
        "civilization": "ancient_egyptian",
        "wikidata": "Q267700",
        "region": "Upper Egypt / Nubia"
      },
      "geometry": {
        "type": "Point",
        "coordinates": [
          32.8669904,
          23.9603053
        ]
      }
    },
    {
      "type": "Feature",
      "properties": {
        "name": "",
        "name_en": "Dakka",
        "type": "historic:yes",
        "category": "historic_area",
        "historic": "yes",
        "civilization": "",
        "wikidata": "Q291241",
        "region": "Upper Egypt / Nubia"
      },
      "geometry": {
        "type": "Point",
        "coordinates": [
          32.5458404,
          22.8014654
        ]
      }
    },
    {
      "type": "Feature",
      "properties": {
        "name": "معبد الدكة",
        "name_en": "Ed Dakka Temple",
        "type": "attraction",
        "category": "archaeological_site",
        "historic": "archaeological_site",
        "civilization": "",
        "wikidata": "Q291241",
        "region": "Upper Egypt / Nubia"
      },
      "geometry": {
        "type": "Point",
        "coordinates": [
          32.5457556,
          22.8012443
        ]
      }
    },
    {
      "type": "Feature",
      "properties": {
        "name": "معبد المحرقة",
        "name_en": "Maharraqa",
        "type": "attraction",
        "category": "castle",
        "historic": "castle",
        "civilization": "",
        "wikidata": "Q291839",
        "region": "Upper Egypt / Nubia"
      },
      "geometry": {
        "type": "Point",
        "coordinates": [
          32.5475926,
          22.8008197
        ]
      }
    },
    {
      "type": "Feature",
      "properties": {
        "name": "معبد الدر",
        "name_en": "Temple of Derr",
        "type": "historic:archaeological_site",
        "category": "archaeological_site",
        "historic": "archaeological_site",
        "civilization": "ancient_egyptian",
        "wikidata": "Q7698721",
        "region": "Upper Egypt / Nubia"
      },
      "geometry": {
        "type": "Point",
        "coordinates": [
          32.262181,
          22.7324068
        ]
      }
    },
    {
      "type": "Feature",
      "properties": {
        "name": "Pharos of Abusir",
        "name_en": "Pharos of Abusir",
        "type": "historic:archaeological_site",
        "category": "archaeological_site",
        "historic": "archaeological_site",
        "civilization": "",
        "wikidata": null,
        "region": "Cairo / Giza"
      },
      "geometry": {
        "type": "Point",
        "coordinates": [
          29.5235627,
          30.9479558
        ]
      }
    },
    {
      "type": "Feature",
      "properties": {
        "name": "Abu Sha'ar",
        "name_en": "Abu Sha'ar",
        "type": "historic:archaeological_site",
        "category": "archaeological_site",
        "historic": "archaeological_site",
        "civilization": "",
        "wikidata": null,
        "region": "Other"
      },
      "geometry": {
        "type": "Point",
        "coordinates": [
          33.6828339,
          27.3689286
        ]
      }
    },
    {
      "type": "Feature",
      "properties": {
        "name": "Bir Abraq",
        "name_en": "Bir Abraq",
        "type": "historic:ruins",
        "category": "archaeological_site",
        "historic": "ruins",
        "civilization": "",
        "wikidata": "Q56215235",
        "region": "Other"
      },
      "geometry": {
        "type": "Point",
        "coordinates": [
          34.7992018,
          23.4154289
        ]
      }
    },
    {
      "type": "Feature",
      "properties": {
        "name": "برامية",
        "name_en": "Barrâmîya",
        "type": "historic:archaeological_site",
        "category": "archaeological_site",
        "historic": "archaeological_site",
        "civilization": "",
        "wikidata": "Q23952854",
        "region": "Other"
      },
      "geometry": {
        "type": "Point",
        "coordinates": [
          33.7929573,
          25.0691838
        ]
      }
    },
    {
      "type": "Feature",
      "properties": {
        "name": "Didymoi",
        "name_en": "Didymoi",
        "type": "historic:archaeological_site",
        "category": "archaeological_site",
        "historic": "archaeological_site",
        "civilization": "ancient_roman",
        "wikidata": "Q131314363",
        "region": "Other"
      },
      "geometry": {
        "type": "Point",
        "coordinates": [
          33.3947821,
          25.7543302
        ]
      }
    },
    {
      "type": "Feature",
      "properties": {
        "name": "Umm Balad, Mons Porphyrites",
        "name_en": "Umm Balad, Mons Porphyrites",
        "type": "historic:archaeological_site",
        "category": "archaeological_site",
        "historic": "archaeological_site",
        "civilization": "ancient_roman",
        "wikidata": "Q1945239",
        "region": "Other"
      },
      "geometry": {
        "type": "Point",
        "coordinates": [
          33.2913841,
          27.1474304
        ]
      }
    },
    {
      "type": "Feature",
      "properties": {
        "name": "Qasr el-Banat",
        "name_en": "Qasr el-Banat",
        "type": "historic:archaeological_site",
        "category": "archaeological_site",
        "historic": "archaeological_site",
        "civilization": "",
        "wikidata": null,
        "region": "Other"
      },
      "geometry": {
        "type": "Point",
        "coordinates": [
          33.263262,
          25.9193712
        ]
      }
    },
    {
      "type": "Feature",
      "properties": {
        "name": "El-Kanayis",
        "name_en": "El-Kanayis",
        "type": "historic:archaeological_site",
        "category": "archaeological_site",
        "historic": "archaeological_site",
        "civilization": "ancient_roman",
        "wikidata": "Q53918004",
        "region": "Other"
      },
      "geometry": {
        "type": "Point",
        "coordinates": [
          33.3108686,
          25.0054486
        ]
      }
    },
    {
      "type": "Feature",
      "properties": {
        "name": "Antiphrai/Leukaspis",
        "name_en": "Antiphrai/Leukaspis",
        "type": "historic:ruins",
        "category": "archaeological_site",
        "historic": "ruins",
        "civilization": "",
        "wikidata": "Q582150",
        "region": "Other"
      },
      "geometry": {
        "type": "Point",
        "coordinates": [
          29.0120386,
          30.823825
        ]
      }
    },
    {
      "type": "Feature",
      "properties": {
        "name": "Chatby Necropolis",
        "name_en": "Chatby Necropolis",
        "type": "attraction",
        "category": "archaeological_site",
        "historic": "archaeological_site",
        "civilization": "",
        "wikidata": "Q105202124",
        "region": "Cairo / Giza"
      },
      "geometry": {
        "type": "Point",
        "coordinates": [
          29.9169764,
          31.2113785
        ]
      }
    },
    {
      "type": "Feature",
      "properties": {
        "name": "Kellia",
        "name_en": "Kellia",
        "type": "historic:archaeological_site",
        "category": "archaeological_site",
        "historic": "archaeological_site",
        "civilization": "",
        "wikidata": null,
        "region": "Cairo / Giza"
      },
      "geometry": {
        "type": "Point",
        "coordinates": [
          30.3704883,
          30.7769229
        ]
      }
    },
    {
      "type": "Feature",
      "properties": {
        "name": "قصر الجب",
        "name_en": "Qasr El Gibb",
        "type": "historic:archaeological_site",
        "category": "archaeological_site",
        "historic": "archaeological_site",
        "civilization": "",
        "wikidata": "Q14218433",
        "region": "Other"
      },
      "geometry": {
        "type": "Point",
        "coordinates": [
          30.6157933,
          25.8253894
        ]
      }
    },
    {
      "type": "Feature",
      "properties": {
        "name": "Ain Manawir",
        "name_en": "Ain Manawir",
        "type": "historic:archaeological_site",
        "category": "archaeological_site",
        "historic": "archaeological_site",
        "civilization": "",
        "wikidata": "Q405869",
        "region": "Other"
      },
      "geometry": {
        "type": "Point",
        "coordinates": [
          30.6764356,
          24.5746212
        ]
      }
    },
    {
      "type": "Feature",
      "properties": {
        "name": "Deir el-Hagar",
        "name_en": "Deir el-Hagar",
        "type": "historic:archaeological_site",
        "category": "archaeological_site",
        "historic": "archaeological_site",
        "civilization": "",
        "wikidata": "Q14207694",
        "region": "Other"
      },
      "geometry": {
        "type": "Point",
        "coordinates": [
          28.8132927,
          25.6649799
        ]
      }
    },
    {
      "type": "Feature",
      "properties": {
        "name": "Blue Hole Memorial",
        "name_en": "Blue Hole Memorial",
        "type": "historic:memorial",
        "category": "memorial",
        "historic": "memorial",
        "civilization": "",
        "wikidata": null,
        "region": "Other"
      },
      "geometry": {
        "type": "Point",
        "coordinates": [
          34.5384791,
          28.5732169
        ]
      }
    },
    {
      "type": "Feature",
      "properties": {
        "name": "متحف التمساح",
        "name_en": "Crocodile Museum",
        "type": "museum",
        "category": "other",
        "historic": "",
        "civilization": "",
        "wikidata": "Q130216123",
        "region": "Luxor / Aswan"
      },
      "geometry": {
        "type": "Point",
        "coordinates": [
          32.9276894,
          24.4530467
        ]
      }
    },
    {
      "type": "Feature",
      "properties": {
        "name": "معبد إدفو",
        "name_en": "Edfu Temple",
        "type": "attraction",
        "category": "archaeological_site",
        "historic": "archaeological_site",
        "civilization": "ancient_egyptian",
        "wikidata": "Q613037",
        "region": "Luxor / Aswan"
      },
      "geometry": {
        "type": "Point",
        "coordinates": [
          32.872315,
          24.9771655
        ]
      }
    },
    {
      "type": "Feature",
      "properties": {
        "name": "TT69 (Menna)",
        "name_en": "Theban Tomb 69 (Menna)",
        "type": "attraction",
        "category": "other",
        "historic": "tomb",
        "civilization": "",
        "wikidata": "Q3531157",
        "region": "Luxor / Aswan"
      },
      "geometry": {
        "type": "Point",
        "coordinates": [
          32.6089693,
          25.7321656
        ]
      }
    },
    {
      "type": "Feature",
      "properties": {
        "name": "قصر الصاغة",
        "name_en": "Qasr el Sagha",
        "type": "historic:archaeological_site",
        "category": "archaeological_site",
        "historic": "archaeological_site",
        "civilization": "",
        "wikidata": "Q11944150",
        "region": "Fayoum / Nile Delta"
      },
      "geometry": {
        "type": "Point",
        "coordinates": [
          30.6778215,
          29.5951253
        ]
      }
    },
    {
      "type": "Feature",
      "properties": {
        "name": "دير سمان",
        "name_en": "Saint Simeon Monastery",
        "type": "attraction",
        "category": "archaeological_site",
        "historic": "ruins",
        "civilization": "roman_and_byzantine_egyptian",
        "wikidata": "Q3320333",
        "region": "Luxor / Aswan"
      },
      "geometry": {
        "type": "Point",
        "coordinates": [
          32.8757717,
          24.0947147
        ]
      }
    },
    {
      "type": "Feature",
      "properties": {
        "name": "Aga Khan Mausoleum",
        "name_en": "Aga Khan Mausoleum",
        "type": "historic:tomb",
        "category": "other",
        "historic": "tomb",
        "civilization": "",
        "wikidata": "Q959631",
        "region": "Luxor / Aswan"
      },
      "geometry": {
        "type": "Point",
        "coordinates": [
          32.878829,
          24.0882868
        ]
      }
    },
    {
      "type": "Feature",
      "properties": {
        "name": "طابية_رشيد",
        "name_en": "Fort Julien",
        "type": "historic:castle",
        "category": "castle",
        "historic": "castle",
        "civilization": "",
        "wikidata": "Q3077898",
        "region": "Cairo / Giza"
      },
      "geometry": {
        "type": "Point",
        "coordinates": [
          30.389513,
          31.4396474
        ]
      }
    },
    {
      "type": "Feature",
      "properties": {
        "name": "مسجد الجيوشى",
        "name_en": "El Geyoushy Mosque",
        "type": "historic:monument",
        "category": "monument",
        "historic": "monument",
        "civilization": "",
        "wikidata": "Q4022325",
        "region": "Other"
      },
      "geometry": {
        "type": "Point",
        "coordinates": [
          31.2683725,
          30.0221078
        ]
      }
    },
    {
      "type": "Feature",
      "properties": {
        "name": "دير الأنبا سمعان الخراز",
        "name_en": "Saint Samaan The Tanner Monastery",
        "type": "historic:church",
        "category": "church",
        "historic": "church",
        "civilization": "",
        "wikidata": null,
        "region": "Other"
      },
      "geometry": {
        "type": "Point",
        "coordinates": [
          31.2754164,
          30.0316702
        ]
      }
    },
    {
      "type": "Feature",
      "properties": {
        "name": "Hebenu",
        "name_en": "Hebenu",
        "type": "historic:archaeological_site",
        "category": "archaeological_site",
        "historic": "archaeological_site",
        "civilization": "ancient_egyptian",
        "wikidata": null,
        "region": "Luxor / Aswan"
      },
      "geometry": {
        "type": "Point",
        "coordinates": [
          32.7796876,
          25.0975944
        ]
      }
    },
    {
      "type": "Feature",
      "properties": {
        "name": "جوسق تهرقا",
        "name_en": "Taharqa Kiosk",
        "type": "historic:ruins",
        "category": "archaeological_site",
        "historic": "ruins",
        "civilization": "ancient_egyptian",
        "wikidata": "Q124888169",
        "region": "Luxor / Aswan"
      },
      "geometry": {
        "type": "Point",
        "coordinates": [
          32.6572048,
          25.7188984
        ]
      }
    },
    {
      "type": "Feature",
      "properties": {
        "name": "فناء الدولة الوسطى",
        "name_en": "Middle Kingdom Courtyard",
        "type": "attraction",
        "category": "archaeological_site",
        "historic": "archaeological_site",
        "civilization": "ancient_egyptian",
        "wikidata": "Q125054663",
        "region": "Luxor / Aswan"
      },
      "geometry": {
        "type": "Point",
        "coordinates": [
          32.6592192,
          25.7179364
        ]
      }
    },
    {
      "type": "Feature",
      "properties": {
        "name": "معبد الأوبت",
        "name_en": "Opet Temple",
        "type": "historic:ruins",
        "category": "archaeological_site",
        "historic": "ruins",
        "civilization": "ancient_egyptian",
        "wikidata": "Q1956069",
        "region": "Luxor / Aswan"
      },
      "geometry": {
        "type": "Point",
        "coordinates": [
          32.6553261,
          25.7166956
        ]
      }
    },
    {
      "type": "Feature",
      "properties": {
        "name": "قدس الأقداس",
        "name_en": "Central Bark Shrine",
        "type": "historic:temple",
        "category": "archaeological_site",
        "historic": "temple",
        "civilization": "ancient_egyptian",
        "wikidata": "Q125055156",
        "region": "Luxor / Aswan"
      },
      "geometry": {
        "type": "Point",
        "coordinates": [
          32.6588897,
          25.7181008
        ]
      }
    },
    {
      "type": "Feature",
      "properties": {
        "name": "كتدرائية الملاك جبريل",
        "name_en": "Archangel Michael Cathedral for Coptic Orthodox",
        "type": "attraction",
        "category": "other",
        "historic": "",
        "civilization": "",
        "wikidata": "Q131265047",
        "region": "Luxor / Aswan"
      },
      "geometry": {
        "type": "Point",
        "coordinates": [
          32.8905126,
          24.0829025
        ]
      }
    },
    {
      "type": "Feature",
      "properties": {
        "name": "متحف جاير أندرسون",
        "name_en": "Gayer-Anderson Museum",
        "type": "museum",
        "category": "other",
        "historic": "",
        "civilization": "",
        "wikidata": "Q2190649",
        "region": "Other"
      },
      "geometry": {
        "type": "Point",
        "coordinates": [
          31.2507258,
          30.0283804
        ]
      }
    },
    {
      "type": "Feature",
      "properties": {
        "name": "جبل موسى",
        "name_en": "Mount Sinai",
        "type": "attraction",
        "category": "other",
        "historic": "",
        "civilization": "",
        "wikidata": "Q377485",
        "region": "Other"
      },
      "geometry": {
        "type": "Point",
        "coordinates": [
          33.9751845,
          28.5388088
        ]
      }
    },
    {
      "type": "Feature",
      "properties": {
        "name": "مسجد سيدى ابو الحجاج الاقصري",
        "name_en": "Sidi Abou Al Hagag Al Aqsry Mosque",
        "type": "historic:mosque",
        "category": "mosque",
        "historic": "mosque",
        "civilization": "",
        "wikidata": "Q2635269",
        "region": "Luxor / Aswan"
      },
      "geometry": {
        "type": "Point",
        "coordinates": [
          32.6396703,
          25.6999913
        ]
      }
    },
    {
      "type": "Feature",
      "properties": {
        "name": "معبد تحتمس الرابع",
        "name_en": "Temple of Tuthmosis IV",
        "type": "historic:archaeological_site",
        "category": "archaeological_site",
        "historic": "archaeological_site",
        "civilization": "",
        "wikidata": "Q18008316",
        "region": "Luxor / Aswan"
      },
      "geometry": {
        "type": "Point",
        "coordinates": [
          32.6086438,
          25.726992
        ]
      }
    },
    {
      "type": "Feature",
      "properties": {
        "name": "Deir el-Shelwit",
        "name_en": "Deir el-Shelwit",
        "type": "historic:ruins",
        "category": "archaeological_site",
        "historic": "ruins",
        "civilization": "",
        "wikidata": "Q820028",
        "region": "Luxor / Aswan"
      },
      "geometry": {
        "type": "Point",
        "coordinates": [
          32.5786703,
          25.6951349
        ]
      }
    },
    {
      "type": "Feature",
      "properties": {
        "name": "Shrine of Ptah Meretzeger",
        "name_en": "Shrine of Ptah Meretzeger",
        "type": "historic:archaeological_site",
        "category": "archaeological_site",
        "historic": "archaeological_site",
        "civilization": "",
        "wikidata": "Q124005307",
        "region": "Luxor / Aswan"
      },
      "geometry": {
        "type": "Point",
        "coordinates": [
          32.5983146,
          25.7274877
        ]
      }
    },
    {
      "type": "Feature",
      "properties": {
        "name": "الملقطة",
        "name_en": "Malqata",
        "type": "historic:archaeological_site",
        "category": "archaeological_site",
        "historic": "archaeological_site",
        "civilization": "",
        "wikidata": "Q431422",
        "region": "Luxor / Aswan"
      },
      "geometry": {
        "type": "Point",
        "coordinates": [
          32.5923464,
          25.7157456
        ]
      }
    },
    {
      "type": "Feature",
      "properties": {
        "name": "قبة شجر الدر",
        "name_en": "Mausoleum of Shagar El Dorr",
        "type": "historic:monument",
        "category": "monument",
        "historic": "monument",
        "civilization": "",
        "wikidata": "Q23975588",
        "region": "Other"
      },
      "geometry": {
        "type": "Point",
        "coordinates": [
          31.2521512,
          30.0259186
        ]
      }
    },
    {
      "type": "Feature",
      "properties": {
        "name": "بقايا مدرسة بيبرس البندقداري",
        "name_en": "Madrasa of Sultan Al-Zahir Baybars",
        "type": "historic:heritage",
        "category": "heritage_site",
        "historic": "heritage",
        "civilization": "",
        "wikidata": "Q23975647",
        "region": "Other"
      },
      "geometry": {
        "type": "Point",
        "coordinates": [
          31.2612034,
          30.0493155
        ]
      }
    },
    {
      "type": "Feature",
      "properties": {
        "name": "سبيل وكتاب خسرو باشا",
        "name_en": "Sabil-kuttab of Khusraw Pasha",
        "type": "historic:heritage",
        "category": "heritage_site",
        "historic": "heritage",
        "civilization": "",
        "wikidata": "Q23975643",
        "region": "Other"
      },
      "geometry": {
        "type": "Point",
        "coordinates": [
          31.2611511,
          30.0490926
        ]
      }
    },
    {
      "type": "Feature",
      "properties": {
        "name": "مدرسة وقبة الصالح نجم الدين أيوب",
        "name_en": "Madrasa and Mausoleum of Sultan Al-Salih Nagm Al-Din Ayyub",
        "type": "historic:heritage",
        "category": "heritage_site",
        "historic": "heritage",
        "civilization": "",
        "wikidata": "Q7404512",
        "region": "Other"
      },
      "geometry": {
        "type": "Point",
        "coordinates": [
          31.2614085,
          30.0490346
        ]
      }
    },
    {
      "type": "Feature",
      "properties": {
        "name": "طريق الكباش",
        "name_en": "Avenue of Sphinxes",
        "type": "attraction",
        "category": "archaeological_site",
        "historic": "archaeological_site",
        "civilization": "",
        "wikidata": "Q6811142",
        "region": "Luxor / Aswan"
      },
      "geometry": {
        "type": "Point",
        "coordinates": [
          32.6485497,
          25.7083658
        ]
      }
    },
    {
      "type": "Feature",
      "properties": {
        "name": "متحف المجوهرات الملكية",
        "name_en": "Royal Jewellery Museum",
        "type": "museum",
        "category": "other",
        "historic": "",
        "civilization": "",
        "wikidata": "Q1323293",
        "region": "Cairo / Giza"
      },
      "geometry": {
        "type": "Point",
        "coordinates": [
          29.9631277,
          31.2407873
        ]
      }
    },
    {
      "type": "Feature",
      "properties": {
        "name": "المتحف القومي للحضارة المصرية",
        "name_en": "National Museum of Egyptian Civilization",
        "type": "museum",
        "category": "other",
        "historic": "",
        "civilization": "",
        "wikidata": "Q29017001",
        "region": "Other"
      },
      "geometry": {
        "type": "Point",
        "coordinates": [
          31.2489634,
          30.0076128
        ]
      }
    },
    {
      "type": "Feature",
      "properties": {
        "name": "Ain Asil",
        "name_en": "Ain Asil",
        "type": "historic:archaeological_site",
        "category": "archaeological_site",
        "historic": "archaeological_site",
        "civilization": "",
        "wikidata": "Q14299218",
        "region": "Other"
      },
      "geometry": {
        "type": "Point",
        "coordinates": [
          29.2915266,
          25.5593016
        ]
      }
    },
    {
      "type": "Feature",
      "properties": {
        "name": "Qila' el-Dabba",
        "name_en": "Qila' el-Dabba",
        "type": "historic:archaeological_site",
        "category": "archaeological_site",
        "historic": "archaeological_site",
        "civilization": "",
        "wikidata": "Q14300118",
        "region": "Other"
      },
      "geometry": {
        "type": "Point",
        "coordinates": [
          29.2805924,
          25.5578073
        ]
      }
    },
    {
      "type": "Feature",
      "properties": {
        "name": "المتخف الجيولوجي المصري",
        "name_en": "Egyptian Geological Museum",
        "type": "museum",
        "category": "other",
        "historic": "",
        "civilization": "",
        "wikidata": "Q5348411",
        "region": "Fayoum / Nile Delta"
      },
      "geometry": {
        "type": "Point",
        "coordinates": [
          31.2287249,
          29.9961855
        ]
      }
    },
    {
      "type": "Feature",
      "properties": {
        "name": "Mastaba of Ptahshepses",
        "name_en": "Mastaba of Ptahshepses",
        "type": "attraction",
        "category": "archaeological_site",
        "historic": "archaeological_site",
        "civilization": "ancient_egyptian",
        "wikidata": null,
        "region": "Fayoum / Nile Delta"
      },
      "geometry": {
        "type": "Point",
        "coordinates": [
          31.2045661,
          29.8965424
        ]
      }
    },
    {
      "type": "Feature",
      "properties": {
        "name": "وكالة قايتباي",
        "name_en": "Wikala Qaitbey",
        "type": "historic:building",
        "category": "historic_building",
        "historic": "building",
        "civilization": "",
        "wikidata": "Q23975076",
        "region": "Other"
      },
      "geometry": {
        "type": "Point",
        "coordinates": [
          31.2645264,
          30.0541741
        ]
      }
    },
    {
      "type": "Feature",
      "properties": {
        "name": "Wadi al-Jarf",
        "name_en": "Wadi al-Jarf",
        "type": "historic:archaeological_site",
        "category": "archaeological_site",
        "historic": "archaeological_site",
        "civilization": "",
        "wikidata": "Q11855049",
        "region": "Other"
      },
      "geometry": {
        "type": "Point",
        "coordinates": [
          32.6582549,
          28.891717
        ]
      }
    },
    {
      "type": "Feature",
      "properties": {
        "name": "Temple of Ammon at Karnak",
        "name_en": "Temple of Ammon at Karnak",
        "type": "historic:archaeological_site",
        "category": "archaeological_site",
        "historic": "archaeological_site",
        "civilization": "ancient_egyptian",
        "wikidata": "Q124958525",
        "region": "Luxor / Aswan"
      },
      "geometry": {
        "type": "Point",
        "coordinates": [
          32.6583014,
          25.7184045
        ]
      }
    },
    {
      "type": "Feature",
      "properties": {
        "name": "مجمع هرم زوسر",
        "name_en": "Djoser Pyramid complex in Sakkara",
        "type": "attraction",
        "category": "archaeological_site",
        "historic": "archaeological_site",
        "civilization": "ancient_egyptian",
        "wikidata": "Q192418",
        "region": "Fayoum / Nile Delta"
      },
      "geometry": {
        "type": "Point",
        "coordinates": [
          31.21759,
          29.8699072
        ]
      }
    },
    {
      "type": "Feature",
      "properties": {
        "name": "الدير البحري",
        "name_en": "Deir el-Bahari",
        "type": "attraction",
        "category": "archaeological_site",
        "historic": "archaeological_site",
        "civilization": "",
        "wikidata": "Q373909",
        "region": "Luxor / Aswan"
      },
      "geometry": {
        "type": "Point",
        "coordinates": [
          32.6075212,
          25.7373276
        ]
      }
    },
    {
      "type": "Feature",
      "properties": {
        "name": "وادي النبلاء عساسيف",
        "name_en": "Valley of the nobles Asasif",
        "type": "historic:archaeological_site",
        "category": "archaeological_site",
        "historic": "archaeological_site",
        "civilization": "",
        "wikidata": "Q286631",
        "region": "Luxor / Aswan"
      },
      "geometry": {
        "type": "Point",
        "coordinates": [
          32.6115918,
          25.7343245
        ]
      }
    },
    {
      "type": "Feature",
      "properties": {
        "name": "Roman circus of Antinoopolis",
        "name_en": "Roman circus of Antinoopolis",
        "type": "historic:archaeological_site",
        "category": "archaeological_site",
        "historic": "archaeological_site",
        "civilization": "ancient_roman",
        "wikidata": null,
        "region": "Middle Egypt"
      },
      "geometry": {
        "type": "Point",
        "coordinates": [
          30.8858088,
          27.8101912
        ]
      }
    },
    {
      "type": "Feature",
      "properties": {
        "name": "تل الفرخة",
        "name_en": "Tell el-Farkha",
        "type": "historic:archaeological_site",
        "category": "archaeological_site",
        "historic": "archaeological_site",
        "civilization": "",
        "wikidata": "Q2402237",
        "region": "Cairo / Giza"
      },
      "geometry": {
        "type": "Point",
        "coordinates": [
          31.6016104,
          30.8749545
        ]
      }
    },
    {
      "type": "Feature",
      "properties": {
        "name": "القاهرة الإسلامية",
        "name_en": "Islamic Cairo",
        "type": "historic:",
        "category": "other",
        "historic": "",
        "civilization": "",
        "wikidata": null,
        "region": "Other"
      },
      "geometry": {
        "type": "Point",
        "coordinates": [
          31.2565291,
          30.0414288
        ]
      }
    },
    {
      "type": "Feature",
      "properties": {
        "name": "معبد وادي منقرع",
        "name_en": "Valley Temple of Menkaure",
        "type": "attraction",
        "category": "archaeological_site",
        "historic": "ruins",
        "civilization": "ancient_egyptian",
        "wikidata": "Q1585619",
        "region": "Fayoum / Nile Delta"
      },
      "geometry": {
        "type": "Point",
        "coordinates": [
          31.1363661,
          29.9725066
        ]
      }
    },
    {
      "type": "Feature",
      "properties": {
        "name": "The Monastery of Apollo at Bawit",
        "name_en": "The Monastery of Apollo at Bawit",
        "type": "historic:archaeological_site",
        "category": "archaeological_site",
        "historic": "archaeological_site",
        "civilization": "",
        "wikidata": "Q2883627",
        "region": "Middle Egypt"
      },
      "geometry": {
        "type": "Point",
        "coordinates": [
          30.7012943,
          27.5443075
        ]
      }
    },
    {
      "type": "Feature",
      "properties": {
        "name": "هرم سيلا",
        "name_en": "Pyramid of Seila",
        "type": "historic:archaeological_site",
        "category": "archaeological_site",
        "historic": "archaeological_site",
        "civilization": "ancient_egyptian",
        "wikidata": "Q688720",
        "region": "Fayoum / Nile Delta"
      },
      "geometry": {
        "type": "Point",
        "coordinates": [
          31.0535558,
          29.3826332
        ]
      }
    },
    {
      "type": "Feature",
      "properties": {
        "name": "",
        "name_en": "Edfu South Pyramid",
        "type": "historic:archaeological_site",
        "category": "archaeological_site",
        "historic": "archaeological_site",
        "civilization": "",
        "wikidata": "Q1603917",
        "region": "Luxor / Aswan"
      },
      "geometry": {
        "type": "Point",
        "coordinates": [
          32.8420086,
          24.9437328
        ]
      }
    },
    {
      "type": "Feature",
      "properties": {
        "name": "أبو الهول",
        "name_en": "The Great Sphinx",
        "type": "artwork",
        "category": "monument",
        "historic": "monument",
        "civilization": "ancient_egyptian",
        "wikidata": "Q130958",
        "region": "Fayoum / Nile Delta"
      },
      "geometry": {
        "type": "Point",
        "coordinates": [
          31.1375947,
          29.9752813
        ]
      }
    },
    {
      "type": "Feature",
      "properties": {
        "name": "قبر آغا خان",
        "name_en": "Agha Khan Tomb",
        "type": "historic:monument",
        "category": "monument",
        "historic": "monument",
        "civilization": "",
        "wikidata": "Q959631",
        "region": "Luxor / Aswan"
      },
      "geometry": {
        "type": "Point",
        "coordinates": [
          32.8788351,
          24.0882795
        ]
      }
    },
    {
      "type": "Feature",
      "properties": {
        "name": "فوهة كبيرة",
        "name_en": "Kebira Crater",
        "type": "attraction",
        "category": "other",
        "historic": "",
        "civilization": "",
        "wikidata": "Q1737677",
        "region": "Other"
      },
      "geometry": {
        "type": "Point",
        "coordinates": [
          24.9662271,
          24.663955
        ]
      }
    },
    {
      "type": "Feature",
      "properties": {
        "name": "هرم الفنتين",
        "name_en": "Pyramid of Elefantine",
        "type": "attraction",
        "category": "archaeological_site",
        "historic": "archaeological_site",
        "civilization": "ancient_egyptian",
        "wikidata": "Q569832",
        "region": "Luxor / Aswan"
      },
      "geometry": {
        "type": "Point",
        "coordinates": [
          32.8855772,
          24.0856647
        ]
      }
    },
    {
      "type": "Feature",
      "properties": {
        "name": "Aswan Museum",
        "name_en": "Aswan Museum",
        "type": "museum",
        "category": "other",
        "historic": "",
        "civilization": "",
        "wikidata": "Q535586",
        "region": "Luxor / Aswan"
      },
      "geometry": {
        "type": "Point",
        "coordinates": [
          32.8869909,
          24.084979
        ]
      }
    },
    {
      "type": "Feature",
      "properties": {
        "name": "Northern palace القصر الشمالى",
        "name_en": "Northern palace القصر الشمالى",
        "type": "attraction",
        "category": "monument",
        "historic": "monument",
        "civilization": "",
        "wikidata": "Q586630",
        "region": "Middle Egypt"
      },
      "geometry": {
        "type": "Point",
        "coordinates": [
          30.9035149,
          27.6699463
        ]
      }
    },
    {
      "type": "Feature",
      "properties": {
        "name": "تل العمارنة",
        "name_en": "Amarna",
        "type": "attraction",
        "category": "monument",
        "historic": "monument",
        "civilization": "",
        "wikidata": null,
        "region": "Middle Egypt"
      },
      "geometry": {
        "type": "Point",
        "coordinates": [
          30.8983424,
          27.645072
        ]
      }
    },
    {
      "type": "Feature",
      "properties": {
        "name": "Royal Tomb of Eknathon",
        "name_en": "Royal Tomb of Eknathon",
        "type": "attraction",
        "category": "archaeological_site",
        "historic": "archaeological_site",
        "civilization": "",
        "wikidata": null,
        "region": "Middle Egypt"
      },
      "geometry": {
        "type": "Point",
        "coordinates": [
          30.9851026,
          27.6261154
        ]
      }
    },
    {
      "type": "Feature",
      "properties": {
        "name": "Northern tombs",
        "name_en": "Northern tombs",
        "type": "attraction",
        "category": "archaeological_site",
        "historic": "archaeological_site",
        "civilization": "",
        "wikidata": null,
        "region": "Middle Egypt"
      },
      "geometry": {
        "type": "Point",
        "coordinates": [
          30.9280889,
          27.6623374
        ]
      }
    },
    {
      "type": "Feature",
      "properties": {
        "name": "سرابيط الخادم",
        "name_en": "Temple of Hator",
        "type": "historic:archaeological_site",
        "category": "archaeological_site",
        "historic": "archaeological_site",
        "civilization": "",
        "wikidata": "Q1462523",
        "region": "Other"
      },
      "geometry": {
        "type": "Point",
        "coordinates": [
          33.4594416,
          29.0366791
        ]
      }
    },
    {
      "type": "Feature",
      "properties": {
        "name": "Wadi Maghareh",
        "name_en": "Wadi Maghareh",
        "type": "historic:archaeological_site",
        "category": "archaeological_site",
        "historic": "archaeological_site",
        "civilization": "",
        "wikidata": null,
        "region": "Other"
      },
      "geometry": {
        "type": "Point",
        "coordinates": [
          33.3726051,
          28.8991098
        ]
      }
    },
    {
      "type": "Feature",
      "properties": {
        "name": "Mons Claudianus",
        "name_en": "Mons Claudianus",
        "type": "historic:yes",
        "category": "historic_area",
        "historic": "yes",
        "civilization": "",
        "wikidata": "Q1146716",
        "region": "Other"
      },
      "geometry": {
        "type": "Point",
        "coordinates": [
          33.4867456,
          26.8094739
        ]
      }
    },
    {
      "type": "Feature",
      "properties": {
        "name": "معبدا أبو سمبل",
        "name_en": "Abu Simbel Temples",
        "type": "attraction",
        "category": "archaeological_site",
        "historic": "archaeological_site",
        "civilization": "ancient_egyptian",
        "wikidata": "Q134140",
        "region": "Upper Egypt / Nubia"
      },
      "geometry": {
        "type": "Point",
        "coordinates": [
          31.625897,
          22.3370856
        ]
      }
    },
    {
      "type": "Feature",
      "properties": {
        "name": "رمسيس الثالث",
        "name_en": "KV11 Ramses III",
        "type": "historic:tomb",
        "category": "other",
        "historic": "tomb",
        "civilization": "",
        "wikidata": "Q385280",
        "region": "Luxor / Aswan"
      },
      "geometry": {
        "type": "Point",
        "coordinates": [
          32.6010879,
          25.7390669
        ]
      }
    },
    {
      "type": "Feature",
      "properties": {
        "name": "تحوتموزس الثالث",
        "name_en": "Tomb of Tuthmosis III",
        "type": "historic:tomb",
        "category": "other",
        "historic": "tomb",
        "civilization": "",
        "wikidata": "Q1719144",
        "region": "Luxor / Aswan"
      },
      "geometry": {
        "type": "Point",
        "coordinates": [
          32.6010177,
          25.7378879
        ]
      }
    },
    {
      "type": "Feature",
      "properties": {
        "name": "سور الإسكندرية القديم",
        "name_en": "Ancient Town Wall of Alexandria",
        "type": "attraction",
        "category": "castle",
        "historic": "castle",
        "civilization": "",
        "wikidata": "Q20386666",
        "region": "Cairo / Giza"
      },
      "geometry": {
        "type": "Point",
        "coordinates": [
          29.913871,
          31.2025984
        ]
      }
    },
    {
      "type": "Feature",
      "properties": {
        "name": "المسرح الروماني",
        "name_en": "Roman Theatre",
        "type": "historic:monument",
        "category": "monument",
        "historic": "monument",
        "civilization": "",
        "wikidata": "Q12192976",
        "region": "Cairo / Giza"
      },
      "geometry": {
        "type": "Point",
        "coordinates": [
          29.9040491,
          31.1946424
        ]
      }
    },
    {
      "type": "Feature",
      "properties": {
        "name": "زاوية أم الرخم",
        "name_en": "Zawiyet Umm el-Rakham",
        "type": "historic:archaeological_site",
        "category": "archaeological_site",
        "historic": "archaeological_site",
        "civilization": "",
        "wikidata": "Q167780",
        "region": "Other"
      },
      "geometry": {
        "type": "Point",
        "coordinates": [
          27.0259792,
          31.4000237
        ]
      }
    },
    {
      "type": "Feature",
      "properties": {
        "name": "Grenzfestung des Ramses III.",
        "name_en": "Grenzfestung des Ramses III.",
        "type": "historic:archaeological_site",
        "category": "archaeological_site",
        "historic": "archaeological_site",
        "civilization": "ancient_egyptian",
        "wikidata": "Q1545755",
        "region": "Other"
      },
      "geometry": {
        "type": "Point",
        "coordinates": [
          32.4928992,
          30.9673598
        ]
      }
    },
    {
      "type": "Feature",
      "properties": {
        "name": "Alamein Memorial",
        "name_en": "Alamein Memorial",
        "type": "historic:memorial",
        "category": "memorial",
        "historic": "memorial",
        "civilization": "",
        "wikidata": "Q16161233",
        "region": "Other"
      },
      "geometry": {
        "type": "Point",
        "coordinates": [
          28.9470323,
          30.8381508
        ]
      }
    },
    {
      "type": "Feature",
      "properties": {
        "name": "",
        "name_en": "El Alamein German war cemetery",
        "type": "historic:yes",
        "category": "historic_area",
        "historic": "yes",
        "civilization": "",
        "wikidata": "Q59530220",
        "region": "Other"
      },
      "geometry": {
        "type": "Point",
        "coordinates": [
          28.8751669,
          30.8892746
        ]
      }
    },
    {
      "type": "Feature",
      "properties": {
        "name": "آثار مدينة لوكاسبس",
        "name_en": "Leucaspis town ruins",
        "type": "historic:archaeological_site",
        "category": "archaeological_site",
        "historic": "archaeological_site",
        "civilization": "",
        "wikidata": null,
        "region": "Other"
      },
      "geometry": {
        "type": "Point",
        "coordinates": [
          29.0068031,
          30.8252607
        ]
      }
    },
    {
      "type": "Feature",
      "properties": {
        "name": "منف",
        "name_en": "Memphis",
        "type": "historic:archaeological_site",
        "category": "archaeological_site",
        "historic": "archaeological_site",
        "civilization": "ancient_egyptian",
        "wikidata": "Q5715",
        "region": "Fayoum / Nile Delta"
      },
      "geometry": {
        "type": "Point",
        "coordinates": [
          31.2573749,
          29.8544832
        ]
      }
    },
    {
      "type": "Feature",
      "properties": {
        "name": "نيلوميتر",
        "name_en": "Nilometer in Rhoda Island",
        "type": "attraction",
        "category": "other",
        "historic": "",
        "civilization": "",
        "wikidata": "Q1992209",
        "region": "Other"
      },
      "geometry": {
        "type": "Point",
        "coordinates": [
          31.2250004,
          30.0069316
        ]
      }
    },
    {
      "type": "Feature",
      "properties": {
        "name": "رأس أم سد",
        "name_en": "Ras Umm Sid",
        "type": "attraction",
        "category": "other",
        "historic": "",
        "civilization": "",
        "wikidata": "Q14218645",
        "region": "Other"
      },
      "geometry": {
        "type": "Point",
        "coordinates": [
          34.31648,
          27.847261
        ]
      }
    },
    {
      "type": "Feature",
      "properties": {
        "name": "Blue Hole",
        "name_en": "Blue Hole",
        "type": "attraction",
        "category": "other",
        "historic": "",
        "civilization": "",
        "wikidata": "Q885734",
        "region": "Other"
      },
      "geometry": {
        "type": "Point",
        "coordinates": [
          34.5373553,
          28.5723028
        ]
      }
    },
    {
      "type": "Feature",
      "properties": {
        "name": "متحف أم كلثوم",
        "name_en": "Om Kalthom Museum",
        "type": "museum",
        "category": "other",
        "historic": "",
        "civilization": "",
        "wikidata": "Q7881638",
        "region": "Other"
      },
      "geometry": {
        "type": "Point",
        "coordinates": [
          31.2248842,
          30.0076221
        ]
      }
    },
    {
      "type": "Feature",
      "properties": {
        "name": "Mausoleum des Abū el-Ḥasan ʿAlī esch-Schādhilī",
        "name_en": "Mausoleum des Abū el-Ḥasan ʿAlī esch-Schādhilī",
        "type": "historic:tomb",
        "category": "other",
        "historic": "tomb",
        "civilization": "",
        "wikidata": "Q39087910",
        "region": "Other"
      },
      "geometry": {
        "type": "Point",
        "coordinates": [
          34.6357166,
          24.2007841
        ]
      }
    },
    {
      "type": "Feature",
      "properties": {
        "name": "سكيت",
        "name_en": "South-Sikait",
        "type": "historic:ruins",
        "category": "archaeological_site",
        "historic": "ruins",
        "civilization": "",
        "wikidata": "Q9336835",
        "region": "Other"
      },
      "geometry": {
        "type": "Point",
        "coordinates": [
          34.7953923,
          24.6317992
        ]
      }
    },
    {
      "type": "Feature",
      "properties": {
        "name": "كعب مرفوع",
        "name_en": "Kab Marfua",
        "type": "historic:archaeological_site",
        "category": "archaeological_site",
        "historic": "archaeological_site",
        "civilization": "",
        "wikidata": "Q56231835",
        "region": "Other"
      },
      "geometry": {
        "type": "Point",
        "coordinates": [
          34.7380306,
          24.5430122
        ]
      }
    },
    {
      "type": "Feature",
      "properties": {
        "name": "Northern tombs",
        "name_en": "Northern tombs",
        "type": "attraction",
        "category": "archaeological_site",
        "historic": "archaeological_site",
        "civilization": "",
        "wikidata": null,
        "region": "Middle Egypt"
      },
      "geometry": {
        "type": "Point",
        "coordinates": [
          30.9212807,
          27.6698153
        ]
      }
    },
    {
      "type": "Feature",
      "properties": {
        "name": "كهف الدكة",
        "name_en": "Dakka Cave",
        "type": "attraction",
        "category": "archaeological_site",
        "historic": "archaeological_site",
        "civilization": "",
        "wikidata": "Q291241",
        "region": "Upper Egypt / Nubia"
      },
      "geometry": {
        "type": "Point",
        "coordinates": [
          32.5467654,
          22.7989759
        ]
      }
    },
    {
      "type": "Feature",
      "properties": {
        "name": "معبد رع وتحوت",
        "name_en": "Re & Thot Temple",
        "type": "attraction",
        "category": "archaeological_site",
        "historic": "archaeological_site",
        "civilization": "",
        "wikidata": null,
        "region": "Upper Egypt / Nubia"
      },
      "geometry": {
        "type": "Point",
        "coordinates": [
          32.5446513,
          22.7941638
        ]
      }
    },
    {
      "type": "Feature",
      "properties": {
        "name": "Alamein Cremation Memorial",
        "name_en": "Alamein Cremation Memorial",
        "type": "historic:memorial",
        "category": "memorial",
        "historic": "memorial",
        "civilization": "",
        "wikidata": "Q65455986",
        "region": "Other"
      },
      "geometry": {
        "type": "Point",
        "coordinates": [
          28.9484368,
          30.8366404
        ]
      }
    },
    {
      "type": "Feature",
      "properties": {
        "name": "Pyramid of Amenemhet I",
        "name_en": "Pyramid of Amenemhet I",
        "type": "historic:ruins",
        "category": "archaeological_site",
        "historic": "ruins",
        "civilization": "",
        "wikidata": "Q462160",
        "region": "Fayoum / Nile Delta"
      },
      "geometry": {
        "type": "Point",
        "coordinates": [
          31.2252959,
          29.5748413
        ]
      }
    },
    {
      "type": "Feature",
      "properties": {
        "name": "Umm Kābū",
        "name_en": "Umm Kābū",
        "type": "historic:ruins",
        "category": "archaeological_site",
        "historic": "ruins",
        "civilization": "",
        "wikidata": "Q56035692",
        "region": "Other"
      },
      "geometry": {
        "type": "Point",
        "coordinates": [
          34.8800797,
          24.571373
        ]
      }
    },
    {
      "type": "Feature",
      "properties": {
        "name": "برج القاهرة",
        "name_en": "Cairo Tower",
        "type": "attraction",
        "category": "other",
        "historic": "",
        "civilization": "",
        "wikidata": "Q614684",
        "region": "Other"
      },
      "geometry": {
        "type": "Point",
        "coordinates": [
          31.2243127,
          30.04603
        ]
      }
    },
    {
      "type": "Feature",
      "properties": {
        "name": "قلعة النخل",
        "name_en": "An-Nekhel Fortress",
        "type": "historic:castle",
        "category": "castle",
        "historic": "castle",
        "civilization": "",
        "wikidata": "Q2975928",
        "region": "Other"
      },
      "geometry": {
        "type": "Point",
        "coordinates": [
          33.7460393,
          29.9119211
        ]
      }
    },
    {
      "type": "Feature",
      "properties": {
        "name": "الكوم الأحمر",
        "name_en": "Nekhen",
        "type": "historic:ruins",
        "category": "archaeological_site",
        "historic": "ruins",
        "civilization": "",
        "wikidata": "Q278988",
        "region": "Luxor / Aswan"
      },
      "geometry": {
        "type": "Point",
        "coordinates": [
          32.7,
          25.116667
        ]
      }
    },
    {
      "type": "Feature",
      "properties": {
        "name": "كوم أبو بلو",
        "name_en": "Terenuthis",
        "type": "historic:yes",
        "category": "historic_area",
        "historic": "yes",
        "civilization": "",
        "wikidata": "Q2404564",
        "region": "Cairo / Giza"
      },
      "geometry": {
        "type": "Point",
        "coordinates": [
          30.816667,
          30.533333
        ]
      }
    },
    {
      "type": "Feature",
      "properties": {
        "name": "تابوسيريس",
        "name_en": "Taposiris Magna",
        "type": "historic:yes",
        "category": "historic_area",
        "historic": "yes",
        "civilization": "",
        "wikidata": "Q7684735",
        "region": "Cairo / Giza"
      },
      "geometry": {
        "type": "Point",
        "coordinates": [
          29.520851,
          30.947236
        ]
      }
    },
    {
      "type": "Feature",
      "properties": {
        "name": "تل البهنسا",
        "name_en": "Tall al Bahnasa",
        "type": "historic:ruins",
        "category": "archaeological_site",
        "historic": "ruins",
        "civilization": "",
        "wikidata": "Q622640",
        "region": "Middle Egypt"
      },
      "geometry": {
        "type": "Point",
        "coordinates": [
          30.650278,
          28.5425
        ]
      }
    },
    {
      "type": "Feature",
      "properties": {
        "name": "قصر الصاغة",
        "name_en": "Qasr al Sagha",
        "type": "historic:monument",
        "category": "monument",
        "historic": "monument",
        "civilization": "",
        "wikidata": "Q11944150",
        "region": "Fayoum / Nile Delta"
      },
      "geometry": {
        "type": "Point",
        "coordinates": [
          30.6777957,
          29.595351
        ]
      }
    },
    {
      "type": "Feature",
      "properties": {
        "name": "فيلوترس",
        "name_en": "Philoteris",
        "type": "historic:ruins",
        "category": "archaeological_site",
        "historic": "ruins",
        "civilization": "",
        "wikidata": "Q42834453",
        "region": "Other"
      },
      "geometry": {
        "type": "Point",
        "coordinates": [
          30.466667,
          29.383333
        ]
      }
    },
    {
      "type": "Feature",
      "properties": {
        "name": "بيتوم",
        "name_en": "Pithom",
        "type": "historic:yes",
        "category": "historic_area",
        "historic": "yes",
        "civilization": "",
        "wikidata": "Q1630019",
        "region": "Other"
      },
      "geometry": {
        "type": "Point",
        "coordinates": [
          32.066667,
          30.55
        ]
      }
    },
    {
      "type": "Feature",
      "properties": {
        "name": "طابية الجميل",
        "name_en": "Al Gamil Fort",
        "type": "historic:castle",
        "category": "castle",
        "historic": "castle",
        "civilization": "",
        "wikidata": "Q5351300",
        "region": "Other"
      },
      "geometry": {
        "type": "Point",
        "coordinates": [
          32.2025,
          31.284444
        ]
      }
    },
    {
      "type": "Feature",
      "properties": {
        "name": "الإسم العربي ؟",
        "name_en": "Antaeopolis",
        "type": "historic:ruins",
        "category": "archaeological_site",
        "historic": "ruins",
        "civilization": "",
        "wikidata": "Q548283",
        "region": "Other"
      },
      "geometry": {
        "type": "Point",
        "coordinates": [
          31.5,
          26.95
        ]
      }
    },
    {
      "type": "Feature",
      "properties": {
        "name": "مصطبة مروروكة",
        "name_en": "Mastaba of Meruduka",
        "type": "attraction",
        "category": "archaeological_site",
        "historic": "archaeological_site",
        "civilization": "ancient_egyptian",
        "wikidata": null,
        "region": "Fayoum / Nile Delta"
      },
      "geometry": {
        "type": "Point",
        "coordinates": [
          31.2166617,
          29.8833055
        ]
      }
    },
    {
      "type": "Feature",
      "properties": {
        "name": "يميت",
        "name_en": "Yamit",
        "type": "historic:ruins",
        "category": "archaeological_site",
        "historic": "ruins",
        "civilization": "",
        "wikidata": "Q1681445",
        "region": "Other"
      },
      "geometry": {
        "type": "Point",
        "coordinates": [
          34.1679931,
          31.2740264
        ]
      }
    },
    {
      "type": "Feature",
      "properties": {
        "name": "دير العذراء - السريان",
        "name_en": "Monastery of Saint Mary Deipara",
        "type": "attraction",
        "category": "other",
        "historic": "",
        "civilization": "",
        "wikidata": null,
        "region": "Other"
      },
      "geometry": {
        "type": "Point",
        "coordinates": [
          30.3592893,
          30.3188437
        ]
      }
    },
    {
      "type": "Feature",
      "properties": {
        "name": "محمية وادي دجلة",
        "name_en": "Wadi Degla Protectorate Area",
        "type": "attraction",
        "category": "other",
        "historic": "",
        "civilization": "",
        "wikidata": "Q12241414",
        "region": "Fayoum / Nile Delta"
      },
      "geometry": {
        "type": "Point",
        "coordinates": [
          31.391146,
          29.9393975
        ]
      }
    },
    {
      "type": "Feature",
      "properties": {
        "name": "باب زويلة",
        "name_en": "Bab Zuweila",
        "type": "attraction",
        "category": "city_gate",
        "historic": "city_gate",
        "civilization": "",
        "wikidata": "Q2041270",
        "region": "Other"
      },
      "geometry": {
        "type": "Point",
        "coordinates": [
          31.2577817,
          30.0427938
        ]
      }
    },
    {
      "type": "Feature",
      "properties": {
        "name": "'Ain el-Gedida",
        "name_en": "'Ain el-Gedida",
        "type": "historic:archaeological_site",
        "category": "archaeological_site",
        "historic": "archaeological_site",
        "civilization": "",
        "wikidata": "Q88802946",
        "region": "Other"
      },
      "geometry": {
        "type": "Point",
        "coordinates": [
          29.0452053,
          25.5398822
        ]
      }
    },
    {
      "type": "Feature",
      "properties": {
        "name": "KV18",
        "name_en": "KV18",
        "type": "historic:tomb",
        "category": "other",
        "historic": "tomb",
        "civilization": "",
        "wikidata": "Q1719122",
        "region": "Luxor / Aswan"
      },
      "geometry": {
        "type": "Point",
        "coordinates": [
          32.6022406,
          25.7398071
        ]
      }
    },
    {
      "type": "Feature",
      "properties": {
        "name": "KV17",
        "name_en": "KV17",
        "type": "historic:tomb",
        "category": "other",
        "historic": "tomb",
        "civilization": "",
        "wikidata": "Q1420195",
        "region": "Luxor / Aswan"
      },
      "geometry": {
        "type": "Point",
        "coordinates": [
          32.6019701,
          25.7399231
        ]
      }
    },
    {
      "type": "Feature",
      "properties": {
        "name": "KV-3",
        "name_en": "KV-3",
        "type": "historic:tomb",
        "category": "other",
        "historic": "tomb",
        "civilization": "",
        "wikidata": "Q589651",
        "region": "Luxor / Aswan"
      },
      "geometry": {
        "type": "Point",
        "coordinates": [
          32.6026812,
          25.7410354
        ]
      }
    },
    {
      "type": "Feature",
      "properties": {
        "name": "KV-4",
        "name_en": "KV-4",
        "type": "historic:tomb",
        "category": "other",
        "historic": "tomb",
        "civilization": "",
        "wikidata": "Q591894",
        "region": "Luxor / Aswan"
      },
      "geometry": {
        "type": "Point",
        "coordinates": [
          32.6029155,
          25.7407445
        ]
      }
    },
    {
      "type": "Feature",
      "properties": {
        "name": "KV-46",
        "name_en": "KV-46",
        "type": "historic:tomb",
        "category": "other",
        "historic": "tomb",
        "civilization": "",
        "wikidata": "Q1719159",
        "region": "Luxor / Aswan"
      },
      "geometry": {
        "type": "Point",
        "coordinates": [
          32.6027713,
          25.7408802
        ]
      }
    },
    {
      "type": "Feature",
      "properties": {
        "name": "KV47",
        "name_en": "KV47",
        "type": "historic:tomb",
        "category": "other",
        "historic": "tomb",
        "civilization": "",
        "wikidata": "Q366941",
        "region": "Luxor / Aswan"
      },
      "geometry": {
        "type": "Point",
        "coordinates": [
          32.6000411,
          25.7392131
        ]
      }
    },
    {
      "type": "Feature",
      "properties": {
        "name": "KV11",
        "name_en": "KV11",
        "type": "historic:tomb",
        "category": "other",
        "historic": "tomb",
        "civilization": "",
        "wikidata": "Q385280",
        "region": "Luxor / Aswan"
      },
      "geometry": {
        "type": "Point",
        "coordinates": [
          32.6011393,
          25.7400243
        ]
      }
    },
    {
      "type": "Feature",
      "properties": {
        "name": "KV16",
        "name_en": "KV16",
        "type": "historic:tomb",
        "category": "other",
        "historic": "tomb",
        "civilization": "",
        "wikidata": "Q2634186",
        "region": "Luxor / Aswan"
      },
      "geometry": {
        "type": "Point",
        "coordinates": [
          32.6018445,
          25.7399791
        ]
      }
    },
    {
      "type": "Feature",
      "properties": {
        "name": "KV9",
        "name_en": "KV9",
        "type": "historic:tomb",
        "category": "other",
        "historic": "tomb",
        "civilization": "",
        "wikidata": "Q1520987",
        "region": "Luxor / Aswan"
      },
      "geometry": {
        "type": "Point",
        "coordinates": [
          32.6013301,
          25.7403237
        ]
      }
    },
    {
      "type": "Feature",
      "properties": {
        "name": "KV6",
        "name_en": "KV6",
        "type": "historic:tomb",
        "category": "other",
        "historic": "tomb",
        "civilization": "",
        "wikidata": "Q1499244",
        "region": "Luxor / Aswan"
      },
      "geometry": {
        "type": "Point",
        "coordinates": [
          32.6018537,
          25.7405442
        ]
      }
    },
    {
      "type": "Feature",
      "properties": {
        "name": "KV5",
        "name_en": "KV5",
        "type": "historic:tomb",
        "category": "other",
        "historic": "tomb",
        "civilization": "",
        "wikidata": "Q1348082",
        "region": "Luxor / Aswan"
      },
      "geometry": {
        "type": "Point",
        "coordinates": [
          32.6020331,
          25.7406992
        ]
      }
    },
    {
      "type": "Feature",
      "properties": {
        "name": "KV7",
        "name_en": "KV7",
        "type": "historic:tomb",
        "category": "other",
        "historic": "tomb",
        "civilization": "",
        "wikidata": "Q1051476",
        "region": "Luxor / Aswan"
      },
      "geometry": {
        "type": "Point",
        "coordinates": [
          32.6016434,
          25.7407269
        ]
      }
    },
    {
      "type": "Feature",
      "properties": {
        "name": "KV21",
        "name_en": "KV21",
        "type": "historic:tomb",
        "category": "other",
        "historic": "tomb",
        "civilization": "",
        "wikidata": "Q742922",
        "region": "Luxor / Aswan"
      },
      "geometry": {
        "type": "Point",
        "coordinates": [
          32.6030817,
          25.7396585
        ]
      }
    },
    {
      "type": "Feature",
      "properties": {
        "name": "KV28",
        "name_en": "KV28",
        "type": "historic:tomb",
        "category": "other",
        "historic": "tomb",
        "civilization": "",
        "wikidata": "Q1719135",
        "region": "Luxor / Aswan"
      },
      "geometry": {
        "type": "Point",
        "coordinates": [
          32.6032018,
          25.7398879
        ]
      }
    },
    {
      "type": "Feature",
      "properties": {
        "name": "KV44",
        "name_en": "KV44",
        "type": "historic:tomb",
        "category": "other",
        "historic": "tomb",
        "civilization": "",
        "wikidata": "Q1661091",
        "region": "Luxor / Aswan"
      },
      "geometry": {
        "type": "Point",
        "coordinates": [
          32.6031761,
          25.7401239
        ]
      }
    },
    {
      "type": "Feature",
      "properties": {
        "name": "KV45",
        "name_en": "KV45",
        "type": "historic:tomb",
        "category": "other",
        "historic": "tomb",
        "civilization": "",
        "wikidata": "Q662744",
        "region": "Luxor / Aswan"
      },
      "geometry": {
        "type": "Point",
        "coordinates": [
          32.6030861,
          25.7401812
        ]
      }
    },
    {
      "type": "Feature",
      "properties": {
        "name": "KV8",
        "name_en": "KV8",
        "type": "historic:tomb",
        "category": "other",
        "historic": "tomb",
        "civilization": "",
        "wikidata": "Q590096",
        "region": "Luxor / Aswan"
      },
      "geometry": {
        "type": "Point",
        "coordinates": [
          32.601068,
          25.7407952
        ]
      }
    },
    {
      "type": "Feature",
      "properties": {
        "name": "KV2",
        "name_en": "KV2",
        "type": "historic:tomb",
        "category": "other",
        "historic": "tomb",
        "civilization": "",
        "wikidata": "Q1347523",
        "region": "Luxor / Aswan"
      },
      "geometry": {
        "type": "Point",
        "coordinates": [
          32.602205,
          25.7415145
        ]
      }
    },
    {
      "type": "Feature",
      "properties": {
        "name": "KV57",
        "name_en": "KV57",
        "type": "historic:tomb",
        "category": "other",
        "historic": "tomb",
        "civilization": "",
        "wikidata": "Q947481",
        "region": "Luxor / Aswan"
      },
      "geometry": {
        "type": "Point",
        "coordinates": [
          32.6009092,
          25.7400429
        ]
      }
    },
    {
      "type": "Feature",
      "properties": {
        "name": "KV56",
        "name_en": "KV56",
        "type": "historic:tomb",
        "category": "other",
        "historic": "tomb",
        "civilization": "",
        "wikidata": "Q1719164",
        "region": "Luxor / Aswan"
      },
      "geometry": {
        "type": "Point",
        "coordinates": [
          32.6010843,
          25.7401435
        ]
      }
    },
    {
      "type": "Feature",
      "properties": {
        "name": "KV49",
        "name_en": "KV49",
        "type": "historic:tomb",
        "category": "other",
        "historic": "tomb",
        "civilization": "",
        "wikidata": "Q690563",
        "region": "Luxor / Aswan"
      },
      "geometry": {
        "type": "Point",
        "coordinates": [
          32.6006912,
          25.7399561
        ]
      }
    },
    {
      "type": "Feature",
      "properties": {
        "name": "KV-12",
        "name_en": "KV-12",
        "type": "historic:tomb",
        "category": "other",
        "historic": "tomb",
        "civilization": "",
        "wikidata": "Q1719112",
        "region": "Luxor / Aswan"
      },
      "geometry": {
        "type": "Point",
        "coordinates": [
          32.6004833,
          25.7401064
        ]
      }
    },
    {
      "type": "Feature",
      "properties": {
        "name": "KV48",
        "name_en": "KV48",
        "type": "historic:tomb",
        "category": "other",
        "historic": "tomb",
        "civilization": "",
        "wikidata": "Q1716474",
        "region": "Luxor / Aswan"
      },
      "geometry": {
        "type": "Point",
        "coordinates": [
          32.6005752,
          25.7399718
        ]
      }
    },
    {
      "type": "Feature",
      "properties": {
        "name": "KV10",
        "name_en": "KV10",
        "type": "historic:tomb",
        "category": "other",
        "historic": "tomb",
        "civilization": "",
        "wikidata": "Q576793",
        "region": "Luxor / Aswan"
      },
      "geometry": {
        "type": "Point",
        "coordinates": [
          32.60137,
          25.7400644
        ]
      }
    },
    {
      "type": "Feature",
      "properties": {
        "name": "KV14",
        "name_en": "KV14",
        "type": "historic:tomb",
        "category": "other",
        "historic": "tomb",
        "civilization": "",
        "wikidata": "Q684908",
        "region": "Luxor / Aswan"
      },
      "geometry": {
        "type": "Point",
        "coordinates": [
          32.5998025,
          25.7391509
        ]
      }
    },
    {
      "type": "Feature",
      "properties": {
        "name": "KV61",
        "name_en": "KV61",
        "type": "historic:tomb",
        "category": "other",
        "historic": "tomb",
        "civilization": "",
        "wikidata": "Q204004",
        "region": "Luxor / Aswan"
      },
      "geometry": {
        "type": "Point",
        "coordinates": [
          32.6006532,
          25.7395552
        ]
      }
    },
    {
      "type": "Feature",
      "properties": {
        "name": "KV15",
        "name_en": "KV15",
        "type": "historic:tomb",
        "category": "other",
        "historic": "tomb",
        "civilization": "",
        "wikidata": "Q2184354",
        "region": "Luxor / Aswan"
      },
      "geometry": {
        "type": "Point",
        "coordinates": [
          32.5998151,
          25.738797
        ]
      }
    },
    {
      "type": "Feature",
      "properties": {
        "name": "KV34",
        "name_en": "KV34",
        "type": "historic:tomb",
        "category": "other",
        "historic": "tomb",
        "civilization": "",
        "wikidata": "Q1719144",
        "region": "Luxor / Aswan"
      },
      "geometry": {
        "type": "Point",
        "coordinates": [
          32.6007194,
          25.7379926
        ]
      }
    },
    {
      "type": "Feature",
      "properties": {
        "name": "KV39",
        "name_en": "KV39",
        "type": "historic:tomb",
        "category": "other",
        "historic": "tomb",
        "civilization": "",
        "wikidata": "Q1597218",
        "region": "Luxor / Aswan"
      },
      "geometry": {
        "type": "Point",
        "coordinates": [
          32.5999166,
          25.7364536
        ]
      }
    },
    {
      "type": "Feature",
      "properties": {
        "name": "KV30",
        "name_en": "KV30",
        "type": "historic:tomb",
        "category": "other",
        "historic": "tomb",
        "civilization": "",
        "wikidata": "Q1364533",
        "region": "Luxor / Aswan"
      },
      "geometry": {
        "type": "Point",
        "coordinates": [
          32.6004871,
          25.738841
        ]
      }
    },
    {
      "type": "Feature",
      "properties": {
        "name": "KV31",
        "name_en": "KV31",
        "type": "historic:tomb",
        "category": "other",
        "historic": "tomb",
        "civilization": "",
        "wikidata": "Q591371",
        "region": "Luxor / Aswan"
      },
      "geometry": {
        "type": "Point",
        "coordinates": [
          32.6006128,
          25.738694
        ]
      }
    },
    {
      "type": "Feature",
      "properties": {
        "name": "KV59",
        "name_en": "KV59",
        "type": "historic:tomb",
        "category": "other",
        "historic": "tomb",
        "civilization": "",
        "wikidata": "Q2133920",
        "region": "Luxor / Aswan"
      },
      "geometry": {
        "type": "Point",
        "coordinates": [
          32.600708,
          25.7387235
        ]
      }
    },
    {
      "type": "Feature",
      "properties": {
        "name": "KV52",
        "name_en": "KV52",
        "type": "historic:tomb",
        "category": "other",
        "historic": "tomb",
        "civilization": "",
        "wikidata": "Q525882",
        "region": "Luxor / Aswan"
      },
      "geometry": {
        "type": "Point",
        "coordinates": [
          32.600454,
          25.7399694
        ]
      }
    },
    {
      "type": "Feature",
      "properties": {
        "name": "KV53",
        "name_en": "KV53",
        "type": "historic:tomb",
        "category": "other",
        "historic": "tomb",
        "civilization": "",
        "wikidata": "Q1719163",
        "region": "Luxor / Aswan"
      },
      "geometry": {
        "type": "Point",
        "coordinates": [
          32.6007711,
          25.7398081
        ]
      }
    },
    {
      "type": "Feature",
      "properties": {
        "name": "KV62",
        "name_en": "KV62",
        "type": "historic:tomb",
        "category": "other",
        "historic": "tomb",
        "civilization": "",
        "wikidata": "Q835309",
        "region": "Luxor / Aswan"
      },
      "geometry": {
        "type": "Point",
        "coordinates": [
          32.6014798,
          25.7403522
        ]
      }
    },
    {
      "type": "Feature",
      "properties": {
        "name": "KV37",
        "name_en": "KV37",
        "type": "historic:tomb",
        "category": "other",
        "historic": "tomb",
        "civilization": "",
        "wikidata": "Q1975338",
        "region": "Luxor / Aswan"
      },
      "geometry": {
        "type": "Point",
        "coordinates": [
          32.6007143,
          25.7384914
        ]
      }
    },
    {
      "type": "Feature",
      "properties": {
        "name": "KV29",
        "name_en": "KV29",
        "type": "historic:tomb",
        "category": "other",
        "historic": "tomb",
        "civilization": "",
        "wikidata": "Q2128037",
        "region": "Luxor / Aswan"
      },
      "geometry": {
        "type": "Point",
        "coordinates": [
          32.6006433,
          25.7394382
        ]
      }
    },
    {
      "type": "Feature",
      "properties": {
        "name": "KV36",
        "name_en": "KV36",
        "type": "historic:tomb",
        "category": "other",
        "historic": "tomb",
        "civilization": "",
        "wikidata": "Q1300297",
        "region": "Luxor / Aswan"
      },
      "geometry": {
        "type": "Point",
        "coordinates": [
          32.6002403,
          25.7396538
        ]
      }
    },
    {
      "type": "Feature",
      "properties": {
        "name": "KV-51",
        "name_en": "KV-51",
        "type": "historic:tomb",
        "category": "other",
        "historic": "tomb",
        "civilization": "",
        "wikidata": "Q2910785",
        "region": "Luxor / Aswan"
      },
      "geometry": {
        "type": "Point",
        "coordinates": [
          32.600506,
          25.7399669
        ]
      }
    },
    {
      "type": "Feature",
      "properties": {
        "name": "KV58",
        "name_en": "KV58",
        "type": "historic:tomb",
        "category": "other",
        "historic": "tomb",
        "civilization": "",
        "wikidata": "Q1465157",
        "region": "Luxor / Aswan"
      },
      "geometry": {
        "type": "Point",
        "coordinates": [
          32.600916,
          25.7400817
        ]
      }
    },
    {
      "type": "Feature",
      "properties": {
        "name": "KV19",
        "name_en": "KV19",
        "type": "historic:tomb",
        "category": "other",
        "historic": "tomb",
        "civilization": "",
        "wikidata": "Q1719126",
        "region": "Luxor / Aswan"
      },
      "geometry": {
        "type": "Point",
        "coordinates": [
          32.6032425,
          25.7391466
        ]
      }
    },
    {
      "type": "Feature",
      "properties": {
        "name": "KV43",
        "name_en": "KV43",
        "type": "historic:tomb",
        "category": "other",
        "historic": "tomb",
        "civilization": "",
        "wikidata": "Q593468",
        "region": "Luxor / Aswan"
      },
      "geometry": {
        "type": "Point",
        "coordinates": [
          32.6032132,
          25.7387273
        ]
      }
    },
    {
      "type": "Feature",
      "properties": {
        "name": "KV27",
        "name_en": "KV27",
        "type": "historic:tomb",
        "category": "other",
        "historic": "tomb",
        "civilization": "",
        "wikidata": "Q1976462",
        "region": "Luxor / Aswan"
      },
      "geometry": {
        "type": "Point",
        "coordinates": [
          32.6031774,
          25.7398324
        ]
      }
    },
    {
      "type": "Feature",
      "properties": {
        "name": "KV20",
        "name_en": "KV20",
        "type": "historic:tomb",
        "category": "other",
        "historic": "tomb",
        "civilization": "",
        "wikidata": "Q1477526",
        "region": "Luxor / Aswan"
      },
      "geometry": {
        "type": "Point",
        "coordinates": [
          32.6035978,
          25.7390901
        ]
      }
    },
    {
      "type": "Feature",
      "properties": {
        "name": "KV40",
        "name_en": "KV40",
        "type": "historic:tomb",
        "category": "other",
        "historic": "tomb",
        "civilization": "",
        "wikidata": "Q1719150",
        "region": "Luxor / Aswan"
      },
      "geometry": {
        "type": "Point",
        "coordinates": [
          32.6006101,
          25.7390327
        ]
      }
    },
    {
      "type": "Feature",
      "properties": {
        "name": "KV26",
        "name_en": "KV26",
        "type": "historic:tomb",
        "category": "other",
        "historic": "tomb",
        "civilization": "",
        "wikidata": "Q1719130",
        "region": "Luxor / Aswan"
      },
      "geometry": {
        "type": "Point",
        "coordinates": [
          32.6007033,
          25.7389427
        ]
      }
    },
    {
      "type": "Feature",
      "properties": {
        "name": "KV42",
        "name_en": "KV42",
        "type": "historic:tomb",
        "category": "other",
        "historic": "tomb",
        "civilization": "",
        "wikidata": "Q1719155",
        "region": "Luxor / Aswan"
      },
      "geometry": {
        "type": "Point",
        "coordinates": [
          32.6005874,
          25.7382893
        ]
      }
    },
    {
      "type": "Feature",
      "properties": {
        "name": "KV35",
        "name_en": "KV35",
        "type": "historic:tomb",
        "category": "other",
        "historic": "tomb",
        "civilization": "",
        "wikidata": "Q1633253",
        "region": "Luxor / Aswan"
      },
      "geometry": {
        "type": "Point",
        "coordinates": [
          32.6001919,
          25.7401403
        ]
      }
    },
    {
      "type": "Feature",
      "properties": {
        "name": "WV23",
        "name_en": "WV23",
        "type": "historic:tomb",
        "category": "other",
        "historic": "tomb",
        "civilization": "",
        "wikidata": "Q2706226",
        "region": "Luxor / Aswan"
      },
      "geometry": {
        "type": "Point",
        "coordinates": [
          32.592077,
          25.7415064
        ]
      }
    },
    {
      "type": "Feature",
      "properties": {
        "name": "TT181",
        "name_en": "TT181",
        "type": "historic:tomb",
        "category": "other",
        "historic": "tomb",
        "civilization": "",
        "wikidata": "Q48832034",
        "region": "Luxor / Aswan"
      },
      "geometry": {
        "type": "Point",
        "coordinates": [
          32.612148,
          25.7326839
        ]
      }
    },
    {
      "type": "Feature",
      "properties": {
        "name": "KV38",
        "name_en": "KV38",
        "type": "historic:tomb",
        "category": "other",
        "historic": "tomb",
        "civilization": "",
        "wikidata": "Q2771864",
        "region": "Luxor / Aswan"
      },
      "geometry": {
        "type": "Point",
        "coordinates": [
          32.5998367,
          25.7390104
        ]
      }
    },
    {
      "type": "Feature",
      "properties": {
        "name": "KV13",
        "name_en": "KV13",
        "type": "historic:tomb",
        "category": "other",
        "historic": "tomb",
        "civilization": "",
        "wikidata": "Q1719116",
        "region": "Luxor / Aswan"
      },
      "geometry": {
        "type": "Point",
        "coordinates": [
          32.5998209,
          25.7393413
        ]
      }
    },
    {
      "type": "Feature",
      "properties": {
        "name": "WV25",
        "name_en": "WV25",
        "type": "historic:tomb",
        "category": "other",
        "historic": "tomb",
        "civilization": "",
        "wikidata": "Q2300538",
        "region": "Luxor / Aswan"
      },
      "geometry": {
        "type": "Point",
        "coordinates": [
          32.5928356,
          25.7412882
        ]
      }
    },
    {
      "type": "Feature",
      "properties": {
        "name": "WV24",
        "name_en": "WV24",
        "type": "historic:tomb",
        "category": "other",
        "historic": "tomb",
        "civilization": "",
        "wikidata": "Q200653",
        "region": "Luxor / Aswan"
      },
      "geometry": {
        "type": "Point",
        "coordinates": [
          32.5926702,
          25.7413232
        ]
      }
    },
    {
      "type": "Feature",
      "properties": {
        "name": "VW22",
        "name_en": "VW22",
        "type": "historic:tomb",
        "category": "other",
        "historic": "tomb",
        "civilization": "",
        "wikidata": "Q2480865",
        "region": "Luxor / Aswan"
      },
      "geometry": {
        "type": "Point",
        "coordinates": [
          32.5973624,
          25.7433306
        ]
      }
    },
    {
      "type": "Feature",
      "properties": {
        "name": "WVA",
        "name_en": "WVA",
        "type": "historic:tomb",
        "category": "other",
        "historic": "tomb",
        "civilization": "",
        "wikidata": "Q1435650",
        "region": "Luxor / Aswan"
      },
      "geometry": {
        "type": "Point",
        "coordinates": [
          32.5972077,
          25.7428673
        ]
      }
    },
    {
      "type": "Feature",
      "properties": {
        "name": "Tomb of Puyemre (TT39)",
        "name_en": "Tomb of Puyemre (TT39)",
        "type": "historic:archaeological_site",
        "category": "archaeological_site",
        "historic": "archaeological_site",
        "civilization": "",
        "wikidata": "Q1485518",
        "region": "Luxor / Aswan"
      },
      "geometry": {
        "type": "Point",
        "coordinates": [
          32.6134631,
          25.7336239
        ]
      }
    },
    {
      "type": "Feature",
      "properties": {
        "name": "TT38",
        "name_en": "TT38",
        "type": "historic:tomb",
        "category": "other",
        "historic": "tomb",
        "civilization": "",
        "wikidata": "Q3512433",
        "region": "Luxor / Aswan"
      },
      "geometry": {
        "type": "Point",
        "coordinates": [
          32.6111291,
          25.7321936
        ]
      }
    },
    {
      "type": "Feature",
      "properties": {
        "name": "Tomb of Sheshonk (TT27)",
        "name_en": "Tomb of Sheshonk (TT27)",
        "type": "historic:archaeological_site",
        "category": "archaeological_site",
        "historic": "archaeological_site",
        "civilization": "ancient_egyptian",
        "wikidata": "Q3512417",
        "region": "Luxor / Aswan"
      },
      "geometry": {
        "type": "Point",
        "coordinates": [
          32.6160988,
          25.7328624
        ]
      }
    },
    {
      "type": "Feature",
      "properties": {
        "name": "مقصور هكر",
        "name_en": "Barque Chapel of Hakoris",
        "type": "historic:temple",
        "category": "archaeological_site",
        "historic": "temple",
        "civilization": "ancient_egyptian",
        "wikidata": "Q112074532",
        "region": "Luxor / Aswan"
      },
      "geometry": {
        "type": "Point",
        "coordinates": [
          32.656042,
          25.7188283
        ]
      }
    },
    {
      "type": "Feature",
      "properties": {
        "name": "الهرم مقطوع الرأس",
        "name_en": "Headless Pyramid",
        "type": "attraction",
        "category": "pyramid",
        "historic": "tomb",
        "civilization": "ancient_egyptian",
        "wikidata": "Q821146",
        "region": "Fayoum / Nile Delta"
      },
      "geometry": {
        "type": "Point",
        "coordinates": [
          31.2229255,
          29.8755638
        ]
      }
    },
    {
      "type": "Feature",
      "properties": {
        "name": "دهشور",
        "name_en": "Dahshur",
        "type": "attraction",
        "category": "other",
        "historic": "",
        "civilization": "",
        "wikidata": null,
        "region": "Fayoum / Nile Delta"
      },
      "geometry": {
        "type": "Point",
        "coordinates": [
          31.2064059,
          29.7990412
        ]
      }
    },
    {
      "type": "Feature",
      "properties": {
        "name": "Kom el-Nana",
        "name_en": "Kom el-Nana",
        "type": "historic:archaeological_site",
        "category": "archaeological_site",
        "historic": "archaeological_site",
        "civilization": "ancient_egyptian",
        "wikidata": "Q1115948",
        "region": "Middle Egypt"
      },
      "geometry": {
        "type": "Point",
        "coordinates": [
          30.888607,
          27.6192254
        ]
      }
    },
    {
      "type": "Feature",
      "properties": {
        "name": "قصر راس التين",
        "name_en": "Ras El Tin Palace",
        "type": "historic:castle",
        "category": "castle",
        "historic": "castle",
        "civilization": "",
        "wikidata": "Q1893940",
        "region": "Cairo / Giza"
      },
      "geometry": {
        "type": "Point",
        "coordinates": [
          29.8682904,
          31.2001246
        ]
      }
    },
    {
      "type": "Feature",
      "properties": {
        "name": "El-Lahuun",
        "name_en": "El-Lahuun",
        "type": "historic:archaeological_site",
        "category": "archaeological_site",
        "historic": "archaeological_site",
        "civilization": "",
        "wikidata": "Q56924",
        "region": "Fayoum / Nile Delta"
      },
      "geometry": {
        "type": "Point",
        "coordinates": [
          30.9833106,
          29.236026
        ]
      }
    },
    {
      "type": "Feature",
      "properties": {
        "name": "مقبرة تي",
        "name_en": "Mastaba of Ti",
        "type": "attraction",
        "category": "other",
        "historic": "tomb",
        "civilization": "ancient_egyptian",
        "wikidata": "Q1907814",
        "region": "Fayoum / Nile Delta"
      },
      "geometry": {
        "type": "Point",
        "coordinates": [
          31.2119188,
          29.8775861
        ]
      }
    },
    {
      "type": "Feature",
      "properties": {
        "name": "Southern South Saqqara pyramid",
        "name_en": "Southern South Saqqara pyramid",
        "type": "attraction",
        "category": "pyramid",
        "historic": "tomb",
        "civilization": "ancient_egyptian",
        "wikidata": "Q1694723",
        "region": "Fayoum / Nile Delta"
      },
      "geometry": {
        "type": "Point",
        "coordinates": [
          31.2224072,
          29.8306455
        ]
      }
    },
    {
      "type": "Feature",
      "properties": {
        "name": "Pyramid of Khendjer",
        "name_en": "Pyramid of Khendjer",
        "type": "attraction",
        "category": "pyramid",
        "historic": "tomb",
        "civilization": "ancient_egyptian",
        "wikidata": "Q1069846",
        "region": "Fayoum / Nile Delta"
      },
      "geometry": {
        "type": "Point",
        "coordinates": [
          31.2239478,
          29.8323711
        ]
      }
    },
    {
      "type": "Feature",
      "properties": {
        "name": "مقبرة ميرينيث",
        "name_en": "The Tomb Of Meryneith",
        "type": "historic:tomb",
        "category": "other",
        "historic": "tomb",
        "civilization": "ancient_egyptian",
        "wikidata": "Q22936054",
        "region": "Fayoum / Nile Delta"
      },
      "geometry": {
        "type": "Point",
        "coordinates": [
          31.2174695,
          29.8660682
        ]
      }
    },
    {
      "type": "Feature",
      "properties": {
        "name": "رمسيس الأول",
        "name_en": "KV16 Ramses I",
        "type": "historic:tomb",
        "category": "other",
        "historic": "tomb",
        "civilization": "",
        "wikidata": "Q2634186",
        "region": "Luxor / Aswan"
      },
      "geometry": {
        "type": "Point",
        "coordinates": [
          32.6015478,
          25.739829
        ]
      }
    },
    {
      "type": "Feature",
      "properties": {
        "name": "سبته",
        "name_en": "Siptah",
        "type": "historic:tomb",
        "category": "other",
        "historic": "tomb",
        "civilization": "",
        "wikidata": "Q366941",
        "region": "Luxor / Aswan"
      },
      "geometry": {
        "type": "Point",
        "coordinates": [
          32.6001626,
          25.7382878
        ]
      }
    },
    {
      "type": "Feature",
      "properties": {
        "name": "توت أنغ أمون",
        "name_en": "KV62 Tomb of Tutankhamen",
        "type": "historic:tomb",
        "category": "other",
        "historic": "tomb",
        "civilization": "",
        "wikidata": "Q835309",
        "region": "Luxor / Aswan"
      },
      "geometry": {
        "type": "Point",
        "coordinates": [
          32.6012989,
          25.7402889
        ]
      }
    },
    {
      "type": "Feature",
      "properties": {
        "name": "حرمهب",
        "name_en": "KV57 Tomb of Horemheb",
        "type": "historic:tomb",
        "category": "other",
        "historic": "tomb",
        "civilization": "",
        "wikidata": "Q947481",
        "region": "Luxor / Aswan"
      },
      "geometry": {
        "type": "Point",
        "coordinates": [
          32.6007525,
          25.7407544
        ]
      }
    },
    {
      "type": "Feature",
      "properties": {
        "name": "تحوتموس الأول",
        "name_en": "KV38 Thutmes I",
        "type": "historic:tomb",
        "category": "other",
        "historic": "tomb",
        "civilization": "",
        "wikidata": "Q2771864",
        "region": "Luxor / Aswan"
      },
      "geometry": {
        "type": "Point",
        "coordinates": [
          32.5995842,
          25.7389897
        ]
      }
    },
    {
      "type": "Feature",
      "properties": {
        "name": "أمين هوتيب",
        "name_en": "KV35 Amenhetep II",
        "type": "historic:tomb",
        "category": "other",
        "historic": "tomb",
        "civilization": "",
        "wikidata": "Q1633253",
        "region": "Luxor / Aswan"
      },
      "geometry": {
        "type": "Point",
        "coordinates": [
          32.5998227,
          25.7400385
        ]
      }
    },
    {
      "type": "Feature",
      "properties": {
        "name": "رمسيس الخامس و السادس",
        "name_en": "KV9 Rameses V and Rameses VI",
        "type": "historic:tomb",
        "category": "other",
        "historic": "tomb",
        "civilization": "",
        "wikidata": "Q1520987",
        "region": "Luxor / Aswan"
      },
      "geometry": {
        "type": "Point",
        "coordinates": [
          32.600399,
          25.7406493
        ]
      }
    },
    {
      "type": "Feature",
      "properties": {
        "name": "رمسيس الرابع",
        "name_en": "KV2 Ramses IV",
        "type": "historic:tomb",
        "category": "other",
        "historic": "tomb",
        "civilization": "",
        "wikidata": "Q1347523",
        "region": "Luxor / Aswan"
      },
      "geometry": {
        "type": "Point",
        "coordinates": [
          32.6016924,
          25.7417202
        ]
      }
    },
    {
      "type": "Feature",
      "properties": {
        "name": "رمسيس العاشر",
        "name_en": "KV18 Rameses X",
        "type": "historic:tomb",
        "category": "other",
        "historic": "tomb",
        "civilization": "",
        "wikidata": "Q1719122",
        "region": "Luxor / Aswan"
      },
      "geometry": {
        "type": "Point",
        "coordinates": [
          32.6022109,
          25.7395484
        ]
      }
    },
    {
      "type": "Feature",
      "properties": {
        "name": "ميرينبتاه",
        "name_en": "KV8 Merenptah",
        "type": "historic:tomb",
        "category": "other",
        "historic": "tomb",
        "civilization": "",
        "wikidata": "Q590096",
        "region": "Luxor / Aswan"
      },
      "geometry": {
        "type": "Point",
        "coordinates": [
          32.6000718,
          25.7409834
        ]
      }
    },
    {
      "type": "Feature",
      "properties": {
        "name": "أمنميزيس",
        "name_en": "Tomb of Amenmeses",
        "type": "historic:tomb",
        "category": "other",
        "historic": "tomb",
        "civilization": "",
        "wikidata": "Q576793",
        "region": "Luxor / Aswan"
      },
      "geometry": {
        "type": "Point",
        "coordinates": [
          32.6012341,
          25.7395572
        ]
      }
    },
    {
      "type": "Feature",
      "properties": {
        "name": "ستي الأول",
        "name_en": "KV17 Sety I",
        "type": "historic:tomb",
        "category": "other",
        "historic": "tomb",
        "civilization": "",
        "wikidata": "Q1420195",
        "region": "Luxor / Aswan"
      },
      "geometry": {
        "type": "Point",
        "coordinates": [
          32.6015191,
          25.73937
        ]
      }
    },
    {
      "type": "Feature",
      "properties": {
        "name": "رمسيس التاسع",
        "name_en": "KV6 Rameses IX",
        "type": "historic:tomb",
        "category": "other",
        "historic": "tomb",
        "civilization": "",
        "wikidata": "Q1499244",
        "region": "Luxor / Aswan"
      },
      "geometry": {
        "type": "Point",
        "coordinates": [
          32.6022832,
          25.7402643
        ]
      }
    },
    {
      "type": "Feature",
      "properties": {
        "name": "",
        "name_en": "KV21",
        "type": "historic:tomb",
        "category": "other",
        "historic": "tomb",
        "civilization": "",
        "wikidata": "Q742922",
        "region": "Luxor / Aswan"
      },
      "geometry": {
        "type": "Point",
        "coordinates": [
          32.602774,
          25.739645
        ]
      }
    },
    {
      "type": "Feature",
      "properties": {
        "name": "يويا و ثيو",
        "name_en": "KV46 Yuya and Thuyu",
        "type": "historic:tomb",
        "category": "other",
        "historic": "tomb",
        "civilization": "",
        "wikidata": "Q1719159",
        "region": "Luxor / Aswan"
      },
      "geometry": {
        "type": "Point",
        "coordinates": [
          32.6029317,
          25.7409568
        ]
      }
    },
    {
      "type": "Feature",
      "properties": {
        "name": "أبناء رمسيس الثاني",
        "name_en": "KV5 Sons of Rameses II",
        "type": "historic:tomb",
        "category": "other",
        "historic": "tomb",
        "civilization": "",
        "wikidata": "Q1348082",
        "region": "Luxor / Aswan"
      },
      "geometry": {
        "type": "Point",
        "coordinates": [
          32.6022151,
          25.7405781
        ]
      }
    },
    {
      "type": "Feature",
      "properties": {
        "name": "",
        "name_en": "Thutmes IV",
        "type": "historic:tomb",
        "category": "other",
        "historic": "tomb",
        "civilization": "",
        "wikidata": "Q593468",
        "region": "Luxor / Aswan"
      },
      "geometry": {
        "type": "Point",
        "coordinates": [
          32.6034052,
          25.7384508
        ]
      }
    },
    {
      "type": "Feature",
      "properties": {
        "name": "ستي الثاني",
        "name_en": "KV15 Sety II",
        "type": "historic:tomb",
        "category": "other",
        "historic": "tomb",
        "civilization": "",
        "wikidata": "Q2184354",
        "region": "Luxor / Aswan"
      },
      "geometry": {
        "type": "Point",
        "coordinates": [
          32.5993746,
          25.7383764
        ]
      }
    },
    {
      "type": "Feature",
      "properties": {
        "name": "رمسيس الحادي عشر",
        "name_en": "KV4 Rameses XI",
        "type": "historic:tomb",
        "category": "other",
        "historic": "tomb",
        "civilization": "",
        "wikidata": "Q591894",
        "region": "Luxor / Aswan"
      },
      "geometry": {
        "type": "Point",
        "coordinates": [
          32.6036751,
          25.7410101
        ]
      }
    },
    {
      "type": "Feature",
      "properties": {
        "name": "إبن رمسيس الثالث",
        "name_en": "KV3 Son of Rameses III",
        "type": "historic:tomb",
        "category": "other",
        "historic": "tomb",
        "civilization": "",
        "wikidata": "Q589651",
        "region": "Luxor / Aswan"
      },
      "geometry": {
        "type": "Point",
        "coordinates": [
          32.6028632,
          25.7410935
        ]
      }
    },
    {
      "type": "Feature",
      "properties": {
        "name": "رمسيس السابع",
        "name_en": "Rameses VII",
        "type": "historic:tomb",
        "category": "other",
        "historic": "tomb",
        "civilization": "",
        "wikidata": "Q778902",
        "region": "Luxor / Aswan"
      },
      "geometry": {
        "type": "Point",
        "coordinates": [
          32.6018154,
          25.7426656
        ]
      }
    },
    {
      "type": "Feature",
      "properties": {
        "name": "",
        "name_en": "Mentuherkhepeshef",
        "type": "historic:tomb",
        "category": "other",
        "historic": "tomb",
        "civilization": "",
        "wikidata": "Q1719126",
        "region": "Luxor / Aswan"
      },
      "geometry": {
        "type": "Point",
        "coordinates": [
          32.6034665,
          25.7389319
        ]
      }
    },
    {
      "type": "Feature",
      "properties": {
        "name": "توسرت و ستنخت",
        "name_en": "KV14 Tausert and Setnakht",
        "type": "historic:tomb",
        "category": "other",
        "historic": "tomb",
        "civilization": "",
        "wikidata": "Q684908",
        "region": "Luxor / Aswan"
      },
      "geometry": {
        "type": "Point",
        "coordinates": [
          32.5988042,
          25.7390741
        ]
      }
    },
    {
      "type": "Feature",
      "properties": {
        "name": "ميهربري",
        "name_en": "KV36 Maiherperi",
        "type": "historic:tomb",
        "category": "other",
        "historic": "tomb",
        "civilization": "",
        "wikidata": "Q1300297",
        "region": "Luxor / Aswan"
      },
      "geometry": {
        "type": "Point",
        "coordinates": [
          32.6001701,
          25.7396767
        ]
      }
    },
    {
      "type": "Feature",
      "properties": {
        "name": "Unknown tomb",
        "name_en": "Unknown tomb",
        "type": "historic:tomb",
        "category": "other",
        "historic": "tomb",
        "civilization": "",
        "wikidata": "Q1719112",
        "region": "Luxor / Aswan"
      },
      "geometry": {
        "type": "Point",
        "coordinates": [
          32.6004726,
          25.7405023
        ]
      }
    },
    {
      "type": "Feature",
      "properties": {
        "name": "KV13 Bay",
        "name_en": "Bay",
        "type": "historic:tomb",
        "category": "other",
        "historic": "tomb",
        "civilization": "",
        "wikidata": "Q1719116",
        "region": "Luxor / Aswan"
      },
      "geometry": {
        "type": "Point",
        "coordinates": [
          32.5994326,
          25.7395033
        ]
      }
    },
    {
      "type": "Feature",
      "properties": {
        "name": "",
        "name_en": "Sit-Ra",
        "type": "historic:tomb",
        "category": "other",
        "historic": "tomb",
        "civilization": "",
        "wikidata": "Q1109547",
        "region": "Luxor / Aswan"
      },
      "geometry": {
        "type": "Point",
        "coordinates": [
          32.6033143,
          25.7392788
        ]
      }
    },
    {
      "type": "Feature",
      "properties": {
        "name": "KV56 Gold Tomb",
        "name_en": "The gold Tomb",
        "type": "historic:tomb",
        "category": "other",
        "historic": "tomb",
        "civilization": "",
        "wikidata": "Q1719164",
        "region": "Luxor / Aswan"
      },
      "geometry": {
        "type": "Point",
        "coordinates": [
          32.6010659,
          25.7401953
        ]
      }
    },
    {
      "type": "Feature",
      "properties": {
        "name": "",
        "name_en": "Thutmes I and Hatshepsut",
        "type": "historic:tomb",
        "category": "other",
        "historic": "tomb",
        "civilization": "",
        "wikidata": "Q1477526",
        "region": "Luxor / Aswan"
      },
      "geometry": {
        "type": "Point",
        "coordinates": [
          32.6035511,
          25.7381653
        ]
      }
    },
    {
      "type": "Feature",
      "properties": {
        "name": "",
        "name_en": "Lord Belmore's tomb",
        "type": "historic:tomb",
        "category": "other",
        "historic": "tomb",
        "civilization": "",
        "wikidata": "Q1364533",
        "region": "Luxor / Aswan"
      },
      "geometry": {
        "type": "Point",
        "coordinates": [
          32.6003276,
          25.7388484
        ]
      }
    },
    {
      "type": "Feature",
      "properties": {
        "name": "حتشبسوت",
        "name_en": "KV42 Hatshepsut-Meryet-Ra",
        "type": "historic:tomb",
        "category": "other",
        "historic": "tomb",
        "civilization": "",
        "wikidata": "Q1719155",
        "region": "Luxor / Aswan"
      },
      "geometry": {
        "type": "Point",
        "coordinates": [
          32.6007485,
          25.7380644
        ]
      }
    },
    {
      "type": "Feature",
      "properties": {
        "name": "",
        "name_en": "Tia'a",
        "type": "historic:tomb",
        "category": "other",
        "historic": "tomb",
        "civilization": "",
        "wikidata": "Q1868880",
        "region": "Luxor / Aswan"
      },
      "geometry": {
        "type": "Point",
        "coordinates": [
          32.600255,
          25.7384305
        ]
      }
    },
    {
      "type": "Feature",
      "properties": {
        "name": "تاي أو أخناطون",
        "name_en": "KV55 Tiye or Akhenaten",
        "type": "historic:tomb",
        "category": "other",
        "historic": "tomb",
        "civilization": "",
        "wikidata": "Q1636434",
        "region": "Luxor / Aswan"
      },
      "geometry": {
        "type": "Point",
        "coordinates": [
          32.6019363,
          25.7404522
        ]
      }
    },
    {
      "type": "Feature",
      "properties": {
        "name": "أمنحوتيب الثالث",
        "name_en": "Amenhetep III",
        "type": "historic:tomb",
        "category": "other",
        "historic": "tomb",
        "civilization": "",
        "wikidata": "Q2480865",
        "region": "Luxor / Aswan"
      },
      "geometry": {
        "type": "Point",
        "coordinates": [
          32.5975883,
          25.7433103
        ]
      }
    },
    {
      "type": "Feature",
      "properties": {
        "name": "Tomb of Amunherkhepshef",
        "name_en": "Tomb of Prince Amen Khopshef",
        "type": "historic:tomb",
        "category": "other",
        "historic": "tomb",
        "civilization": "",
        "wikidata": "Q846281",
        "region": "Luxor / Aswan"
      },
      "geometry": {
        "type": "Point",
        "coordinates": [
          32.5917486,
          25.7275719
        ]
      }
    },
    {
      "type": "Feature",
      "properties": {
        "name": "Ay",
        "name_en": "Ay tomb",
        "type": "historic:tomb",
        "category": "other",
        "historic": "tomb",
        "civilization": "",
        "wikidata": "Q2706226",
        "region": "Luxor / Aswan"
      },
      "geometry": {
        "type": "Point",
        "coordinates": [
          32.591876,
          25.7416003
        ]
      }
    },
    {
      "type": "Feature",
      "properties": {
        "name": "مقبرة تي تي 34",
        "name_en": "Tomb of Montuemhet (TT 34)",
        "type": "historic:archaeological_site",
        "category": "archaeological_site",
        "historic": "archaeological_site",
        "civilization": "",
        "wikidata": "Q3512426",
        "region": "Luxor / Aswan"
      },
      "geometry": {
        "type": "Point",
        "coordinates": [
          32.6104879,
          25.7353298
        ]
      }
    },
    {
      "type": "Feature",
      "properties": {
        "name": "متحف السويس القومى",
        "name_en": "Suez National Museum",
        "type": "museum",
        "category": "other",
        "historic": "",
        "civilization": "",
        "wikidata": "Q63973129",
        "region": "Other"
      },
      "geometry": {
        "type": "Point",
        "coordinates": [
          32.5668976,
          29.9551745
        ]
      }
    },
    {
      "type": "Feature",
      "properties": {
        "name": "Sacred Animal Necropolis Site",
        "name_en": "Sacred Animal Necropolis Site",
        "type": "historic:archaeological_site",
        "category": "archaeological_site",
        "historic": "archaeological_site",
        "civilization": "ancient_egyptian",
        "wikidata": "Q136281122",
        "region": "Fayoum / Nile Delta"
      },
      "geometry": {
        "type": "Point",
        "coordinates": [
          31.2152874,
          29.8817323
        ]
      }
    },
    {
      "type": "Feature",
      "properties": {
        "name": "",
        "name_en": "Aten",
        "type": "historic:archaeological_site",
        "category": "archaeological_site",
        "historic": "archaeological_site",
        "civilization": "",
        "wikidata": "Q106427400",
        "region": "Luxor / Aswan"
      },
      "geometry": {
        "type": "Point",
        "coordinates": [
          32.6017287,
          25.7228203
        ]
      }
    },
    {
      "type": "Feature",
      "properties": {
        "name": "منطقة الأهرام من الجيزة إلى دهشور",
        "name_en": "Pyramid fields from Giza to Dahshur",
        "type": "historic:",
        "category": "other",
        "historic": "",
        "civilization": "",
        "wikidata": "Q65815537",
        "region": "Fayoum / Nile Delta"
      },
      "geometry": {
        "type": "Point",
        "coordinates": [
          31.1568825,
          29.8580961
        ]
      }
    },
    {
      "type": "Feature",
      "properties": {
        "name": "مدينة طيبة الجنائزية",
        "name_en": "Theban Necropolis",
        "type": "historic:archaeological_site",
        "category": "archaeological_site",
        "historic": "archaeological_site",
        "civilization": "ancient_egyptian",
        "wikidata": "Q29223",
        "region": "Luxor / Aswan"
      },
      "geometry": {
        "type": "Point",
        "coordinates": [
          32.6117131,
          25.7057129
        ]
      }
    },
    {
      "type": "Feature",
      "properties": {
        "name": "معبد الأقصر",
        "name_en": "Luxor Temple",
        "type": "attraction",
        "category": "archaeological_site",
        "historic": "archaeological_site",
        "civilization": "ancient_egyptian",
        "wikidata": "Q319841",
        "region": "Luxor / Aswan"
      },
      "geometry": {
        "type": "Point",
        "coordinates": [
          32.6393621,
          25.6995992
        ]
      }
    },
    {
      "type": "Feature",
      "properties": {
        "name": "Mortuary Temple of Hatshepsut",
        "name_en": "Mortuary Temple of Hatshepsut",
        "type": "historic:archaeological_site",
        "category": "archaeological_site",
        "historic": "archaeological_site",
        "civilization": "",
        "wikidata": "Q660692",
        "region": "Luxor / Aswan"
      },
      "geometry": {
        "type": "Point",
        "coordinates": [
          32.607468,
          25.7378484
        ]
      }
    },
    {
      "type": "Feature",
      "properties": {
        "name": "معبد أبو سمبل",
        "name_en": "Temples of Abu Simbel",
        "type": "historic:",
        "category": "other",
        "historic": "",
        "civilization": "",
        "wikidata": "Q134140",
        "region": "Upper Egypt / Nubia"
      },
      "geometry": {
        "type": "Point",
        "coordinates": [
          31.6247839,
          22.338282
        ]
      }
    },
    {
      "type": "Feature",
      "properties": {
        "name": "أمادا",
        "name_en": "Amada",
        "type": "historic:",
        "category": "other",
        "historic": "",
        "civilization": "",
        "wikidata": "Q115517727",
        "region": "Upper Egypt / Nubia"
      },
      "geometry": {
        "type": "Point",
        "coordinates": [
          32.2636593,
          22.7338063
        ]
      }
    },
    {
      "type": "Feature",
      "properties": {
        "name": "وادي السبوع",
        "name_en": "Wadi Sebua",
        "type": "historic:",
        "category": "other",
        "historic": "",
        "civilization": "",
        "wikidata": "Q1728322",
        "region": "Upper Egypt / Nubia"
      },
      "geometry": {
        "type": "Point",
        "coordinates": [
          32.5443578,
          22.797171
        ]
      }
    },
    {
      "type": "Feature",
      "properties": {
        "name": "",
        "name_en": "Old and Middle Kingdom Tombs",
        "type": "historic:",
        "category": "other",
        "historic": "",
        "civilization": "",
        "wikidata": null,
        "region": "Luxor / Aswan"
      },
      "geometry": {
        "type": "Point",
        "coordinates": [
          32.8883404,
          24.1026172
        ]
      }
    },
    {
      "type": "Feature",
      "properties": {
        "name": "",
        "name_en": "Ruins of town of Elephantine",
        "type": "attraction",
        "category": "archaeological_site",
        "historic": "archaeological_site",
        "civilization": "ancient_egyptian",
        "wikidata": "Q113162530",
        "region": "Luxor / Aswan"
      },
      "geometry": {
        "type": "Point",
        "coordinates": [
          32.8856823,
          24.0847552
        ]
      }
    },
    {
      "type": "Feature",
      "properties": {
        "name": "دير سمان",
        "name_en": "Monastery of St. Simeon",
        "type": "historic:",
        "category": "other",
        "historic": "",
        "civilization": "",
        "wikidata": "Q3320333",
        "region": "Luxor / Aswan"
      },
      "geometry": {
        "type": "Point",
        "coordinates": [
          32.8763643,
          24.0942998
        ]
      }
    },
    {
      "type": "Feature",
      "properties": {
        "name": "المقابر الفاطمية",
        "name_en": "Islamic Cemetery",
        "type": "historic:",
        "category": "other",
        "historic": "",
        "civilization": "",
        "wikidata": "Q18915139",
        "region": "Luxor / Aswan"
      },
      "geometry": {
        "type": "Point",
        "coordinates": [
          32.8923743,
          24.0787484
        ]
      }
    },
    {
      "type": "Feature",
      "properties": {
        "name": "الفسطاط",
        "name_en": "Fustat",
        "type": "historic:district",
        "category": "historic_district",
        "historic": "district",
        "civilization": "",
        "wikidata": "Q839456",
        "region": "Other"
      },
      "geometry": {
        "type": "Point",
        "coordinates": [
          31.2353566,
          30.0073595
        ]
      }
    },
    {
      "type": "Feature",
      "properties": {
        "name": "TT 414",
        "name_en": "TT 414",
        "type": "historic:archaeological_site",
        "category": "archaeological_site",
        "historic": "archaeological_site",
        "civilization": "",
        "wikidata": "Q60841959",
        "region": "Luxor / Aswan"
      },
      "geometry": {
        "type": "Point",
        "coordinates": [
          32.6143991,
          25.7336135
        ]
      }
    },
    {
      "type": "Feature",
      "properties": {
        "name": "تل البلامون",
        "name_en": "تل البلامون",
        "type": "historic:archaeological_site",
        "category": "archaeological_site",
        "historic": "archaeological_site",
        "civilization": "",
        "wikidata": "Q2402247",
        "region": "Cairo / Giza"
      },
      "geometry": {
        "type": "Point",
        "coordinates": [
          31.5731277,
          31.2598818
        ]
      }
    },
    {
      "type": "Feature",
      "properties": {
        "name": "متحف النوبة",
        "name_en": "Nubian Museum",
        "type": "museum",
        "category": "other",
        "historic": "",
        "civilization": "",
        "wikidata": "Q2354677",
        "region": "Luxor / Aswan"
      },
      "geometry": {
        "type": "Point",
        "coordinates": [
          32.8891931,
          24.0794505
        ]
      }
    },
    {
      "type": "Feature",
      "properties": {
        "name": "Tombs of 3rd Dynasty",
        "name_en": "Tombs of 3rd Dynasty",
        "type": "attraction",
        "category": "archaeological_site",
        "historic": "archaeological_site",
        "civilization": "ancient_egyptian",
        "wikidata": "Q220276",
        "region": "Fayoum / Nile Delta"
      },
      "geometry": {
        "type": "Point",
        "coordinates": [
          31.2132845,
          29.8768204
        ]
      }
    },
    {
      "type": "Feature",
      "properties": {
        "name": "Philosopher's Circle",
        "name_en": "Philosopher's Circle",
        "type": "historic:archaeological_site",
        "category": "archaeological_site",
        "historic": "archaeological_site",
        "civilization": "ancient_egyptian",
        "wikidata": null,
        "region": "Fayoum / Nile Delta"
      },
      "geometry": {
        "type": "Point",
        "coordinates": [
          31.2125335,
          29.8748295
        ]
      }
    },
    {
      "type": "Feature",
      "properties": {
        "name": "Deir Abu Matta",
        "name_en": "Deir Abu Matta",
        "type": "historic:archaeological_site",
        "category": "archaeological_site",
        "historic": "archaeological_site",
        "civilization": "",
        "wikidata": "Q14207544",
        "region": "Other"
      },
      "geometry": {
        "type": "Point",
        "coordinates": [
          28.912056,
          25.5937317
        ]
      }
    },
    {
      "type": "Feature",
      "properties": {
        "name": "Hermopolis Magna",
        "name_en": "Hermopolis Magna",
        "type": "historic:archaeological_site",
        "category": "archaeological_site",
        "historic": "archaeological_site",
        "civilization": "",
        "wikidata": "Q732908",
        "region": "Middle Egypt"
      },
      "geometry": {
        "type": "Point",
        "coordinates": [
          30.8041479,
          27.7814632
        ]
      }
    },
    {
      "type": "Feature",
      "properties": {
        "name": "Tomb of Petosiris at Tuna el-Gebel",
        "name_en": "Tomb of Petosiris at Tuna el-Gebel",
        "type": "historic:archaeological_site",
        "category": "archaeological_site",
        "historic": "archaeological_site",
        "civilization": "",
        "wikidata": "Q71990944",
        "region": "Middle Egypt"
      },
      "geometry": {
        "type": "Point",
        "coordinates": [
          30.7042445,
          27.7365048
        ]
      }
    },
    {
      "type": "Feature",
      "properties": {
        "name": "الامام الشافعي",
        "name_en": "Mausoleum of Imam al-Shafi'i",
        "type": "historic:tomb",
        "category": "other",
        "historic": "tomb",
        "civilization": "",
        "wikidata": "Q12242699",
        "region": "Other"
      },
      "geometry": {
        "type": "Point",
        "coordinates": [
          31.2580764,
          30.0117304
        ]
      }
    },
    {
      "type": "Feature",
      "properties": {
        "name": "متحف المركبات الملكية",
        "name_en": "The Carriage Museum",
        "type": "museum",
        "category": "other",
        "historic": "",
        "civilization": "",
        "wikidata": "Q5046116",
        "region": "Other"
      },
      "geometry": {
        "type": "Point",
        "coordinates": [
          31.2635146,
          30.0294231
        ]
      }
    },
    {
      "type": "Feature",
      "properties": {
        "name": "Temple of Ramesses II",
        "name_en": "Temple of Ramesses II",
        "type": "historic:archaeological_site",
        "category": "archaeological_site",
        "historic": "archaeological_site",
        "civilization": "",
        "wikidata": "Q1881992",
        "region": "Other"
      },
      "geometry": {
        "type": "Point",
        "coordinates": [
          31.9163467,
          26.1866177
        ]
      }
    },
    {
      "type": "Feature",
      "properties": {
        "name": "معبد أمنحتب الثاني",
        "name_en": "Amenhotep II Temple",
        "type": "attraction",
        "category": "archaeological_site",
        "historic": "temple",
        "civilization": "ancient_egyptian",
        "wikidata": "Q18008311",
        "region": "Fayoum / Nile Delta"
      },
      "geometry": {
        "type": "Point",
        "coordinates": [
          31.13811,
          29.9755978
        ]
      }
    },
    {
      "type": "Feature",
      "properties": {
        "name": "معبد الوادي لخفرع",
        "name_en": "Valley Temple of Khafre",
        "type": "attraction",
        "category": "archaeological_site",
        "historic": "temple",
        "civilization": "ancient_egyptian",
        "wikidata": "Q1585619",
        "region": "Fayoum / Nile Delta"
      },
      "geometry": {
        "type": "Point",
        "coordinates": [
          31.1382939,
          29.974737
        ]
      }
    },
    {
      "type": "Feature",
      "properties": {
        "name": "معبد أبو الهول",
        "name_en": "Sphinx Temple",
        "type": "attraction",
        "category": "archaeological_site",
        "historic": "temple",
        "civilization": "ancient_egyptian",
        "wikidata": "Q2309639",
        "region": "Fayoum / Nile Delta"
      },
      "geometry": {
        "type": "Point",
        "coordinates": [
          31.1382798,
          29.9752153
        ]
      }
    },
    {
      "type": "Feature",
      "properties": {
        "name": "KV32",
        "name_en": "KV32",
        "type": "historic:tomb",
        "category": "other",
        "historic": "tomb",
        "civilization": "",
        "wikidata": "Q1868880",
        "region": "Luxor / Aswan"
      },
      "geometry": {
        "type": "Point",
        "coordinates": [
          32.6005779,
          25.7384829
        ]
      }
    },
    {
      "type": "Feature",
      "properties": {
        "name": "Temple of Montu",
        "name_en": "Temple of Montu",
        "type": "historic:archaeological_site",
        "category": "archaeological_site",
        "historic": "archaeological_site",
        "civilization": "",
        "wikidata": "Q1720771",
        "region": "Luxor / Aswan"
      },
      "geometry": {
        "type": "Point",
        "coordinates": [
          32.533525,
          25.5833928
        ]
      }
    },
    {
      "type": "Feature",
      "properties": {
        "name": "باب العزب",
        "name_en": "Bab al-Azab",
        "type": "historic:tower",
        "category": "tower",
        "historic": "tower",
        "civilization": "",
        "wikidata": "Q28715270",
        "region": "Other"
      },
      "geometry": {
        "type": "Point",
        "coordinates": [
          31.2581273,
          30.0310482
        ]
      }
    },
    {
      "type": "Feature",
      "properties": {
        "name": "Sanctuary of Montu",
        "name_en": "Sanctuary of Montu",
        "type": "historic:archaeological_site",
        "category": "archaeological_site",
        "historic": "archaeological_site",
        "civilization": "ancient_egyptian",
        "wikidata": "Q1720771",
        "region": "Luxor / Aswan"
      },
      "geometry": {
        "type": "Point",
        "coordinates": [
          32.5333191,
          25.5834096
        ]
      }
    },
    {
      "type": "Feature",
      "properties": {
        "name": "أمين هوتيب",
        "name_en": "KV35 Amenhetep II",
        "type": "historic:tomb",
        "category": "other",
        "historic": "tomb",
        "civilization": "",
        "wikidata": "Q1633253",
        "region": "Luxor / Aswan"
      },
      "geometry": {
        "type": "Point",
        "coordinates": [
          32.5999424,
          25.740118
        ]
      }
    },
    {
      "type": "Feature",
      "properties": {
        "name": "KV50",
        "name_en": "KV50",
        "type": "historic:tomb",
        "category": "other",
        "historic": "tomb",
        "civilization": "",
        "wikidata": "Q655583",
        "region": "Luxor / Aswan"
      },
      "geometry": {
        "type": "Point",
        "coordinates": [
          32.6004693,
          25.7399538
        ]
      }
    },
    {
      "type": "Feature",
      "properties": {
        "name": "",
        "name_en": "Animal Tomb",
        "type": "historic:tomb",
        "category": "other",
        "historic": "tomb",
        "civilization": "",
        "wikidata": "Q2910785",
        "region": "Luxor / Aswan"
      },
      "geometry": {
        "type": "Point",
        "coordinates": [
          32.6005054,
          25.7399674
        ]
      }
    },
    {
      "type": "Feature",
      "properties": {
        "name": "",
        "name_en": "Tomb of Amenemopet",
        "type": "historic:tomb",
        "category": "other",
        "historic": "tomb",
        "civilization": "",
        "wikidata": "Q1716474",
        "region": "Luxor / Aswan"
      },
      "geometry": {
        "type": "Point",
        "coordinates": [
          32.6005718,
          25.7399731
        ]
      }
    },
    {
      "type": "Feature",
      "properties": {
        "name": "KV55",
        "name_en": "KV55",
        "type": "historic:tomb",
        "category": "other",
        "historic": "tomb",
        "civilization": "",
        "wikidata": "Q1636434",
        "region": "Luxor / Aswan"
      },
      "geometry": {
        "type": "Point",
        "coordinates": [
          32.601749,
          25.7404574
        ]
      }
    },
    {
      "type": "Feature",
      "properties": {
        "name": "QV80",
        "name_en": "QV80",
        "type": "historic:tomb",
        "category": "other",
        "historic": "tomb",
        "civilization": "",
        "wikidata": "Q19298829",
        "region": "Luxor / Aswan"
      },
      "geometry": {
        "type": "Point",
        "coordinates": [
          32.5925683,
          25.7279769
        ]
      }
    },
    {
      "type": "Feature",
      "properties": {
        "name": "QV80",
        "name_en": "Quenn tuy tomb",
        "type": "historic:tomb",
        "category": "other",
        "historic": "tomb",
        "civilization": "",
        "wikidata": "Q19298829",
        "region": "Luxor / Aswan"
      },
      "geometry": {
        "type": "Point",
        "coordinates": [
          32.59252,
          25.7281147
        ]
      }
    },
    {
      "type": "Feature",
      "properties": {
        "name": "QV66",
        "name_en": "Nefertari-Merymut tomb",
        "type": "historic:tomb",
        "category": "other",
        "historic": "tomb",
        "civilization": "",
        "wikidata": "Q926366",
        "region": "Luxor / Aswan"
      },
      "geometry": {
        "type": "Point",
        "coordinates": [
          32.5927217,
          25.7280961
        ]
      }
    },
    {
      "type": "Feature",
      "properties": {
        "name": "QV66",
        "name_en": "QV66",
        "type": "historic:tomb",
        "category": "other",
        "historic": "tomb",
        "civilization": "",
        "wikidata": "Q926366",
        "region": "Luxor / Aswan"
      },
      "geometry": {
        "type": "Point",
        "coordinates": [
          32.5927443,
          25.7279447
        ]
      }
    },
    {
      "type": "Feature",
      "properties": {
        "name": "QV75",
        "name_en": "QV75",
        "type": "historic:tomb",
        "category": "other",
        "historic": "tomb",
        "civilization": "",
        "wikidata": "Q3412376",
        "region": "Luxor / Aswan"
      },
      "geometry": {
        "type": "Point",
        "coordinates": [
          32.5934922,
          25.7279352
        ]
      }
    },
    {
      "type": "Feature",
      "properties": {
        "name": "QV75",
        "name_en": "Henutmire Queen tomb",
        "type": "historic:tomb",
        "category": "other",
        "historic": "tomb",
        "civilization": "",
        "wikidata": "Q3412376",
        "region": "Luxor / Aswan"
      },
      "geometry": {
        "type": "Point",
        "coordinates": [
          32.5935078,
          25.728024
        ]
      }
    },
    {
      "type": "Feature",
      "properties": {
        "name": "QV74",
        "name_en": "Anonymus princess and Duatentipet Queen tomb",
        "type": "historic:tomb",
        "category": "other",
        "historic": "tomb",
        "civilization": "",
        "wikidata": "Q48515036",
        "region": "Luxor / Aswan"
      },
      "geometry": {
        "type": "Point",
        "coordinates": [
          32.5933883,
          25.7280431
        ]
      }
    },
    {
      "type": "Feature",
      "properties": {
        "name": "QV73",
        "name_en": "QV73",
        "type": "historic:tomb",
        "category": "other",
        "historic": "tomb",
        "civilization": "",
        "wikidata": "Q47538653",
        "region": "Luxor / Aswan"
      },
      "geometry": {
        "type": "Point",
        "coordinates": [
          32.5933851,
          25.7279622
        ]
      }
    },
    {
      "type": "Feature",
      "properties": {
        "name": "QV73",
        "name_en": "Queen Henuttauy tomb",
        "type": "historic:tomb",
        "category": "other",
        "historic": "tomb",
        "civilization": "",
        "wikidata": "Q47538653",
        "region": "Luxor / Aswan"
      },
      "geometry": {
        "type": "Point",
        "coordinates": [
          32.5932816,
          25.7279962
        ]
      }
    },
    {
      "type": "Feature",
      "properties": {
        "name": "QV73",
        "name_en": "QV73",
        "type": "historic:tomb",
        "category": "other",
        "historic": "tomb",
        "civilization": "",
        "wikidata": "Q47538653",
        "region": "Luxor / Aswan"
      },
      "geometry": {
        "type": "Point",
        "coordinates": [
          32.5932591,
          25.7279654
        ]
      }
    },
    {
      "type": "Feature",
      "properties": {
        "name": "QV71",
        "name_en": "QV71",
        "type": "historic:tomb",
        "category": "other",
        "historic": "tomb",
        "civilization": "",
        "wikidata": "Q18286359",
        "region": "Luxor / Aswan"
      },
      "geometry": {
        "type": "Point",
        "coordinates": [
          32.5931302,
          25.7279689
        ]
      }
    },
    {
      "type": "Feature",
      "properties": {
        "name": "QV71",
        "name_en": "Queen Bentanat tomb",
        "type": "historic:tomb",
        "category": "other",
        "historic": "tomb",
        "civilization": "",
        "wikidata": "Q18286359",
        "region": "Luxor / Aswan"
      },
      "geometry": {
        "type": "Point",
        "coordinates": [
          32.5931154,
          25.7280208
        ]
      }
    },
    {
      "type": "Feature",
      "properties": {
        "name": "QV68",
        "name_en": "Queen Merytamen tomb",
        "type": "historic:tomb",
        "category": "other",
        "historic": "tomb",
        "civilization": "",
        "wikidata": "Q20716016",
        "region": "Luxor / Aswan"
      },
      "geometry": {
        "type": "Point",
        "coordinates": [
          32.592947,
          25.7280305
        ]
      }
    },
    {
      "type": "Feature",
      "properties": {
        "name": "QV68",
        "name_en": "QV68",
        "type": "historic:tomb",
        "category": "other",
        "historic": "tomb",
        "civilization": "",
        "wikidata": "Q20716016",
        "region": "Luxor / Aswan"
      },
      "geometry": {
        "type": "Point",
        "coordinates": [
          32.5929426,
          25.7279736
        ]
      }
    },
    {
      "type": "Feature",
      "properties": {
        "name": "QV17",
        "name_en": "Princess Merytra (I) and princess Urmerutes tomb",
        "type": "historic:tomb",
        "category": "other",
        "historic": "tomb",
        "civilization": "",
        "wikidata": "Q124713596",
        "region": "Luxor / Aswan"
      },
      "geometry": {
        "type": "Point",
        "coordinates": [
          32.5934697,
          25.7275887
        ]
      }
    },
    {
      "type": "Feature",
      "properties": {
        "name": "QV17",
        "name_en": "QV17",
        "type": "historic:tomb",
        "category": "other",
        "historic": "tomb",
        "civilization": "",
        "wikidata": "Q124713596",
        "region": "Luxor / Aswan"
      },
      "geometry": {
        "type": "Point",
        "coordinates": [
          32.5934929,
          25.7275387
        ]
      }
    },
    {
      "type": "Feature",
      "properties": {
        "name": "QV14",
        "name_en": "Anonymus Tomb",
        "type": "historic:tomb",
        "category": "other",
        "historic": "tomb",
        "civilization": "",
        "wikidata": "Q124713593",
        "region": "Luxor / Aswan"
      },
      "geometry": {
        "type": "Point",
        "coordinates": [
          32.5935273,
          25.7275848
        ]
      }
    },
    {
      "type": "Feature",
      "properties": {
        "name": "QV14",
        "name_en": "QV14",
        "type": "historic:tomb",
        "category": "other",
        "historic": "tomb",
        "civilization": "",
        "wikidata": "Q124713593",
        "region": "Luxor / Aswan"
      },
      "geometry": {
        "type": "Point",
        "coordinates": [
          32.5935568,
          25.7275749
        ]
      }
    },
    {
      "type": "Feature",
      "properties": {
        "name": "QV12",
        "name_en": "Anonymus Tomb",
        "type": "historic:tomb",
        "category": "other",
        "historic": "tomb",
        "civilization": "",
        "wikidata": "Q124713591",
        "region": "Luxor / Aswan"
      },
      "geometry": {
        "type": "Point",
        "coordinates": [
          32.5935395,
          25.7276473
        ]
      }
    },
    {
      "type": "Feature",
      "properties": {
        "name": "QV12",
        "name_en": "QV12",
        "type": "historic:tomb",
        "category": "other",
        "historic": "tomb",
        "civilization": "",
        "wikidata": "Q124713591",
        "region": "Luxor / Aswan"
      },
      "geometry": {
        "type": "Point",
        "coordinates": [
          32.5935222,
          25.7276796
        ]
      }
    },
    {
      "type": "Feature",
      "properties": {
        "name": "QV11",
        "name_en": "Anonymus Tomb",
        "type": "historic:tomb",
        "category": "other",
        "historic": "tomb",
        "civilization": "",
        "wikidata": "Q124713590",
        "region": "Luxor / Aswan"
      },
      "geometry": {
        "type": "Point",
        "coordinates": [
          32.5935906,
          25.7276329
        ]
      }
    },
    {
      "type": "Feature",
      "properties": {
        "name": "QV11",
        "name_en": "QV11",
        "type": "historic:tomb",
        "category": "other",
        "historic": "tomb",
        "civilization": "",
        "wikidata": "Q124713590",
        "region": "Luxor / Aswan"
      },
      "geometry": {
        "type": "Point",
        "coordinates": [
          32.5935854,
          25.7276916
        ]
      }
    },
    {
      "type": "Feature",
      "properties": {
        "name": "QV88",
        "name_en": "Prince Hamose Tomb",
        "type": "historic:tomb",
        "category": "other",
        "historic": "tomb",
        "civilization": "",
        "wikidata": "Q47518960",
        "region": "Luxor / Aswan"
      },
      "geometry": {
        "type": "Point",
        "coordinates": [
          32.5938455,
          25.7270312
        ]
      }
    },
    {
      "type": "Feature",
      "properties": {
        "name": "QV88",
        "name_en": "QV88",
        "type": "historic:tomb",
        "category": "other",
        "historic": "tomb",
        "civilization": "",
        "wikidata": "Q47518960",
        "region": "Luxor / Aswan"
      },
      "geometry": {
        "type": "Point",
        "coordinates": [
          32.59383,
          25.7270708
        ]
      }
    },
    {
      "type": "Feature",
      "properties": {
        "name": "QV16",
        "name_en": "Anonymus Tomb",
        "type": "historic:tomb",
        "category": "other",
        "historic": "tomb",
        "civilization": "",
        "wikidata": "Q124713595",
        "region": "Luxor / Aswan"
      },
      "geometry": {
        "type": "Point",
        "coordinates": [
          32.5936213,
          25.727424
        ]
      }
    },
    {
      "type": "Feature",
      "properties": {
        "name": "QV16",
        "name_en": "QV16",
        "type": "historic:tomb",
        "category": "other",
        "historic": "tomb",
        "civilization": "",
        "wikidata": "Q124713595",
        "region": "Luxor / Aswan"
      },
      "geometry": {
        "type": "Point",
        "coordinates": [
          32.5935849,
          25.7274695
        ]
      }
    },
    {
      "type": "Feature",
      "properties": {
        "name": "QV15",
        "name_en": "Anonymus Tomb",
        "type": "historic:tomb",
        "category": "other",
        "historic": "tomb",
        "civilization": "",
        "wikidata": "Q124713594",
        "region": "Luxor / Aswan"
      },
      "geometry": {
        "type": "Point",
        "coordinates": [
          32.593716,
          25.7274425
        ]
      }
    },
    {
      "type": "Feature",
      "properties": {
        "name": "QV15",
        "name_en": "QV15",
        "type": "historic:tomb",
        "category": "other",
        "historic": "tomb",
        "civilization": "",
        "wikidata": "Q124713594",
        "region": "Luxor / Aswan"
      },
      "geometry": {
        "type": "Point",
        "coordinates": [
          32.5936661,
          25.7274923
        ]
      }
    },
    {
      "type": "Feature",
      "properties": {
        "name": "QV13",
        "name_en": "Anonymus Tomb",
        "type": "historic:tomb",
        "category": "other",
        "historic": "tomb",
        "civilization": "",
        "wikidata": "Q124713592",
        "region": "Luxor / Aswan"
      },
      "geometry": {
        "type": "Point",
        "coordinates": [
          32.5936978,
          25.7275324
        ]
      }
    },
    {
      "type": "Feature",
      "properties": {
        "name": "QV13",
        "name_en": "QV13",
        "type": "historic:tomb",
        "category": "other",
        "historic": "tomb",
        "civilization": "",
        "wikidata": "Q124713592",
        "region": "Luxor / Aswan"
      },
      "geometry": {
        "type": "Point",
        "coordinates": [
          32.5936825,
          25.7275677
        ]
      }
    },
    {
      "type": "Feature",
      "properties": {
        "name": "QV10",
        "name_en": "Anonymus Tomb",
        "type": "historic:tomb",
        "category": "other",
        "historic": "tomb",
        "civilization": "",
        "wikidata": "Q124713589",
        "region": "Luxor / Aswan"
      },
      "geometry": {
        "type": "Point",
        "coordinates": [
          32.5936753,
          25.7276643
        ]
      }
    },
    {
      "type": "Feature",
      "properties": {
        "name": "QV9",
        "name_en": "Anonymus Tomb",
        "type": "historic:tomb",
        "category": "other",
        "historic": "tomb",
        "civilization": "",
        "wikidata": "Q124713588",
        "region": "Luxor / Aswan"
      },
      "geometry": {
        "type": "Point",
        "coordinates": [
          32.5937265,
          25.7276754
        ]
      }
    },
    {
      "type": "Feature",
      "properties": {
        "name": "QV8",
        "name_en": "Anonymus Tomb",
        "type": "historic:tomb",
        "category": "other",
        "historic": "tomb",
        "civilization": "",
        "wikidata": "Q124713586",
        "region": "Luxor / Aswan"
      },
      "geometry": {
        "type": "Point",
        "coordinates": [
          32.5937888,
          25.7277025
        ]
      }
    },
    {
      "type": "Feature",
      "properties": {
        "name": "QV7",
        "name_en": "Anonymus Tomb",
        "type": "historic:tomb",
        "category": "other",
        "historic": "tomb",
        "civilization": "",
        "wikidata": "Q124713585",
        "region": "Luxor / Aswan"
      },
      "geometry": {
        "type": "Point",
        "coordinates": [
          32.5938354,
          25.7277173
        ]
      }
    },
    {
      "type": "Feature",
      "properties": {
        "name": "QV10",
        "name_en": "QV10",
        "type": "historic:tomb",
        "category": "other",
        "historic": "tomb",
        "civilization": "",
        "wikidata": "Q124713589",
        "region": "Luxor / Aswan"
      },
      "geometry": {
        "type": "Point",
        "coordinates": [
          32.5936622,
          25.7276961
        ]
      }
    },
    {
      "type": "Feature",
      "properties": {
        "name": "QV9",
        "name_en": "QV9",
        "type": "historic:tomb",
        "category": "other",
        "historic": "tomb",
        "civilization": "",
        "wikidata": "Q124713588",
        "region": "Luxor / Aswan"
      },
      "geometry": {
        "type": "Point",
        "coordinates": [
          32.5937239,
          25.7277055
        ]
      }
    },
    {
      "type": "Feature",
      "properties": {
        "name": "QV8",
        "name_en": "QV8",
        "type": "historic:tomb",
        "category": "other",
        "historic": "tomb",
        "civilization": "",
        "wikidata": "Q124713586",
        "region": "Luxor / Aswan"
      },
      "geometry": {
        "type": "Point",
        "coordinates": [
          32.5937727,
          25.7277352
        ]
      }
    },
    {
      "type": "Feature",
      "properties": {
        "name": "QV7",
        "name_en": "QV7",
        "type": "historic:tomb",
        "category": "other",
        "historic": "tomb",
        "civilization": "",
        "wikidata": "Q124713585",
        "region": "Luxor / Aswan"
      },
      "geometry": {
        "type": "Point",
        "coordinates": [
          32.5938412,
          25.7277487
        ]
      }
    },
    {
      "type": "Feature",
      "properties": {
        "name": "QV6",
        "name_en": "Anoniymus tomb",
        "type": "historic:tomb",
        "category": "other",
        "historic": "tomb",
        "civilization": "",
        "wikidata": "Q124713584",
        "region": "Luxor / Aswan"
      },
      "geometry": {
        "type": "Point",
        "coordinates": [
          32.593929,
          25.7277221
        ]
      }
    },
    {
      "type": "Feature",
      "properties": {
        "name": "QV5",
        "name_en": "Anoniymus tomb",
        "type": "historic:tomb",
        "category": "other",
        "historic": "tomb",
        "civilization": "",
        "wikidata": "Q124713578",
        "region": "Luxor / Aswan"
      },
      "geometry": {
        "type": "Point",
        "coordinates": [
          32.5939679,
          25.7277578
        ]
      }
    },
    {
      "type": "Feature",
      "properties": {
        "name": "QV4",
        "name_en": "QV4",
        "type": "historic:tomb",
        "category": "other",
        "historic": "tomb",
        "civilization": "",
        "wikidata": "Q124713576",
        "region": "Luxor / Aswan"
      },
      "geometry": {
        "type": "Point",
        "coordinates": [
          32.5939559,
          25.7278169
        ]
      }
    },
    {
      "type": "Feature",
      "properties": {
        "name": "QV4",
        "name_en": "Anonymus Tomb",
        "type": "historic:tomb",
        "category": "other",
        "historic": "tomb",
        "civilization": "",
        "wikidata": "Q124713576",
        "region": "Luxor / Aswan"
      },
      "geometry": {
        "type": "Point",
        "coordinates": [
          32.5939515,
          25.7278108
        ]
      }
    },
    {
      "type": "Feature",
      "properties": {
        "name": "QV3",
        "name_en": "Anonymus Tomb",
        "type": "historic:tomb",
        "category": "other",
        "historic": "tomb",
        "civilization": "",
        "wikidata": "Q124713575",
        "region": "Luxor / Aswan"
      },
      "geometry": {
        "type": "Point",
        "coordinates": [
          32.5940195,
          25.7277648
        ]
      }
    },
    {
      "type": "Feature",
      "properties": {
        "name": "QV2",
        "name_en": "Anonymus Tomb",
        "type": "historic:tomb",
        "category": "other",
        "historic": "tomb",
        "civilization": "",
        "wikidata": "Q124713574",
        "region": "Luxor / Aswan"
      },
      "geometry": {
        "type": "Point",
        "coordinates": [
          32.5941353,
          25.7277964
        ]
      }
    },
    {
      "type": "Feature",
      "properties": {
        "name": "QV1",
        "name_en": "Coptic hermitage",
        "type": "historic:tomb",
        "category": "other",
        "historic": "tomb",
        "civilization": "",
        "wikidata": "Q124713572",
        "region": "Luxor / Aswan"
      },
      "geometry": {
        "type": "Point",
        "coordinates": [
          32.5945445,
          25.7276138
        ]
      }
    },
    {
      "type": "Feature",
      "properties": {
        "name": "QV60",
        "name_en": "Nebettauy tomb",
        "type": "historic:tomb",
        "category": "other",
        "historic": "tomb",
        "civilization": "",
        "wikidata": "Q20716009",
        "region": "Luxor / Aswan"
      },
      "geometry": {
        "type": "Point",
        "coordinates": [
          32.5926263,
          25.7277916
        ]
      }
    },
    {
      "type": "Feature",
      "properties": {
        "name": "QV60",
        "name_en": "QV60",
        "type": "historic:tomb",
        "category": "other",
        "historic": "tomb",
        "civilization": "",
        "wikidata": "Q20716009",
        "region": "Luxor / Aswan"
      },
      "geometry": {
        "type": "Point",
        "coordinates": [
          32.5926295,
          25.7276992
        ]
      }
    },
    {
      "type": "Feature",
      "properties": {
        "name": "KV62",
        "name_en": "KV62",
        "type": "historic:tomb",
        "category": "other",
        "historic": "tomb",
        "civilization": "",
        "wikidata": "Q835309",
        "region": "Luxor / Aswan"
      },
      "geometry": {
        "type": "Point",
        "coordinates": [
          32.592729,
          25.7277015
        ]
      }
    },
    {
      "type": "Feature",
      "properties": {
        "name": "المعبد اليهودى",
        "name_en": "Ben Ezra Synagogue",
        "type": "attraction",
        "category": "other",
        "historic": "",
        "civilization": "",
        "wikidata": "Q2474653",
        "region": "Other"
      },
      "geometry": {
        "type": "Point",
        "coordinates": [
          31.2310536,
          30.005803
        ]
      }
    },
    {
      "type": "Feature",
      "properties": {
        "name": "QV41",
        "name_en": "Anonymus tomb",
        "type": "historic:tomb",
        "category": "other",
        "historic": "tomb",
        "civilization": "",
        "wikidata": "Q124713669",
        "region": "Luxor / Aswan"
      },
      "geometry": {
        "type": "Point",
        "coordinates": [
          32.5925436,
          25.7267438
        ]
      }
    },
    {
      "type": "Feature",
      "properties": {
        "name": "QV40",
        "name_en": "QV40",
        "type": "historic:tomb",
        "category": "other",
        "historic": "tomb",
        "civilization": "",
        "wikidata": "Q47513974",
        "region": "Luxor / Aswan"
      },
      "geometry": {
        "type": "Point",
        "coordinates": [
          32.5924715,
          25.7268649
        ]
      }
    },
    {
      "type": "Feature",
      "properties": {
        "name": "QV40",
        "name_en": "Anonymus queen tomb",
        "type": "historic:tomb",
        "category": "other",
        "historic": "tomb",
        "civilization": "",
        "wikidata": "Q47513974",
        "region": "Luxor / Aswan"
      },
      "geometry": {
        "type": "Point",
        "coordinates": [
          32.5925144,
          25.7268667
        ]
      }
    },
    {
      "type": "Feature",
      "properties": {
        "name": "QV40",
        "name_en": "QV40",
        "type": "historic:tomb",
        "category": "other",
        "historic": "tomb",
        "civilization": "",
        "wikidata": "Q47513974",
        "region": "Luxor / Aswan"
      },
      "geometry": {
        "type": "Point",
        "coordinates": [
          32.5925144,
          25.7269308
        ]
      }
    },
    {
      "type": "Feature",
      "properties": {
        "name": "QV38",
        "name_en": "QV38",
        "type": "historic:tomb",
        "category": "other",
        "historic": "tomb",
        "civilization": "",
        "wikidata": "Q9065064",
        "region": "Luxor / Aswan"
      },
      "geometry": {
        "type": "Point",
        "coordinates": [
          32.5926008,
          25.7269877
        ]
      }
    },
    {
      "type": "Feature",
      "properties": {
        "name": "QV38",
        "name_en": "Queen Satra tomb",
        "type": "historic:tomb",
        "category": "other",
        "historic": "tomb",
        "civilization": "",
        "wikidata": "Q9065064",
        "region": "Luxor / Aswan"
      },
      "geometry": {
        "type": "Point",
        "coordinates": [
          32.592643,
          25.7269208
        ]
      }
    },
    {
      "type": "Feature",
      "properties": {
        "name": "QV39",
        "name_en": "Anonymus tomb",
        "type": "historic:tomb",
        "category": "other",
        "historic": "tomb",
        "civilization": "",
        "wikidata": "Q124713667",
        "region": "Luxor / Aswan"
      },
      "geometry": {
        "type": "Point",
        "coordinates": [
          32.5925594,
          25.7269567
        ]
      }
    },
    {
      "type": "Feature",
      "properties": {
        "name": "QV37",
        "name_en": "Anonymus Tomb",
        "type": "historic:tomb",
        "category": "other",
        "historic": "tomb",
        "civilization": "",
        "wikidata": "Q124713665",
        "region": "Luxor / Aswan"
      },
      "geometry": {
        "type": "Point",
        "coordinates": [
          32.5927044,
          25.7269614
        ]
      }
    },
    {
      "type": "Feature",
      "properties": {
        "name": "QV37",
        "name_en": "QV37",
        "type": "historic:tomb",
        "category": "other",
        "historic": "tomb",
        "civilization": "",
        "wikidata": "Q124713665",
        "region": "Luxor / Aswan"
      },
      "geometry": {
        "type": "Point",
        "coordinates": [
          32.5926919,
          25.7269709
        ]
      }
    },
    {
      "type": "Feature",
      "properties": {
        "name": "QV35",
        "name_en": "Anonymus tomb",
        "type": "historic:tomb",
        "category": "other",
        "historic": "tomb",
        "civilization": "",
        "wikidata": "Q124713664",
        "region": "Luxor / Aswan"
      },
      "geometry": {
        "type": "Point",
        "coordinates": [
          32.5927698,
          25.7270001
        ]
      }
    },
    {
      "type": "Feature",
      "properties": {
        "name": "QV36",
        "name_en": "Princess Anonymus tomb",
        "type": "historic:tomb",
        "category": "other",
        "historic": "tomb",
        "civilization": "",
        "wikidata": "Q48603143",
        "region": "Luxor / Aswan"
      },
      "geometry": {
        "type": "Point",
        "coordinates": [
          32.5927061,
          25.7270195
        ]
      }
    },
    {
      "type": "Feature",
      "properties": {
        "name": "QV36",
        "name_en": "QV36",
        "type": "historic:tomb",
        "category": "other",
        "historic": "tomb",
        "civilization": "",
        "wikidata": "Q48603143",
        "region": "Luxor / Aswan"
      },
      "geometry": {
        "type": "Point",
        "coordinates": [
          32.592659,
          25.7270602
        ]
      }
    },
    {
      "type": "Feature",
      "properties": {
        "name": "QV34",
        "name_en": "QV34",
        "type": "historic:tomb",
        "category": "other",
        "historic": "tomb",
        "civilization": "",
        "wikidata": "Q124713661",
        "region": "Luxor / Aswan"
      },
      "geometry": {
        "type": "Point",
        "coordinates": [
          32.5927102,
          25.7270919
        ]
      }
    },
    {
      "type": "Feature",
      "properties": {
        "name": "QV34",
        "name_en": "Princess Anonymus or Queen tomb",
        "type": "historic:tomb",
        "category": "other",
        "historic": "tomb",
        "civilization": "",
        "wikidata": "Q124713661",
        "region": "Luxor / Aswan"
      },
      "geometry": {
        "type": "Point",
        "coordinates": [
          32.5927447,
          25.7270553
        ]
      }
    },
    {
      "type": "Feature",
      "properties": {
        "name": "QV33",
        "name_en": "Queen Tanedjemy tomb",
        "type": "historic:tomb",
        "category": "other",
        "historic": "tomb",
        "civilization": "",
        "wikidata": "Q124713660",
        "region": "Luxor / Aswan"
      },
      "geometry": {
        "type": "Point",
        "coordinates": [
          32.5928935,
          25.7270484
        ]
      }
    },
    {
      "type": "Feature",
      "properties": {
        "name": "QV33",
        "name_en": "QV33",
        "type": "historic:tomb",
        "category": "other",
        "historic": "tomb",
        "civilization": "",
        "wikidata": "Q124713660",
        "region": "Luxor / Aswan"
      },
      "geometry": {
        "type": "Point",
        "coordinates": [
          32.5928627,
          25.7270884
        ]
      }
    },
    {
      "type": "Feature",
      "properties": {
        "name": "QV32",
        "name_en": "Anonymus Tomb",
        "type": "historic:tomb",
        "category": "other",
        "historic": "tomb",
        "civilization": "",
        "wikidata": "Q124713659",
        "region": "Luxor / Aswan"
      },
      "geometry": {
        "type": "Point",
        "coordinates": [
          32.5929254,
          25.7270857
        ]
      }
    },
    {
      "type": "Feature",
      "properties": {
        "name": "QV31",
        "name_en": "Princess Anonymus or Queen tomb",
        "type": "historic:tomb",
        "category": "other",
        "historic": "tomb",
        "civilization": "",
        "wikidata": "Q124713658",
        "region": "Luxor / Aswan"
      },
      "geometry": {
        "type": "Point",
        "coordinates": [
          32.5930087,
          25.727031
        ]
      }
    },
    {
      "type": "Feature",
      "properties": {
        "name": "QV31",
        "name_en": "QV31",
        "type": "historic:tomb",
        "category": "other",
        "historic": "tomb",
        "civilization": "",
        "wikidata": "Q124713658",
        "region": "Luxor / Aswan"
      },
      "geometry": {
        "type": "Point",
        "coordinates": [
          32.5929849,
          25.7270637
        ]
      }
    },
    {
      "type": "Feature",
      "properties": {
        "name": "QV32",
        "name_en": "QV32",
        "type": "historic:tomb",
        "category": "other",
        "historic": "tomb",
        "civilization": "",
        "wikidata": "Q124713659",
        "region": "Luxor / Aswan"
      },
      "geometry": {
        "type": "Point",
        "coordinates": [
          32.5929212,
          25.7271132
        ]
      }
    },
    {
      "type": "Feature",
      "properties": {
        "name": "QV46",
        "name_en": "Vizier Imhotep tomb",
        "type": "historic:tomb",
        "category": "other",
        "historic": "tomb",
        "civilization": "",
        "wikidata": "Q124713580",
        "region": "Luxor / Aswan"
      },
      "geometry": {
        "type": "Point",
        "coordinates": [
          32.5926808,
          25.727157
        ]
      }
    },
    {
      "type": "Feature",
      "properties": {
        "name": "QV47",
        "name_en": "Princess Ahmose tomb",
        "type": "historic:tomb",
        "category": "other",
        "historic": "tomb",
        "civilization": "",
        "wikidata": "Q6093975",
        "region": "Luxor / Aswan"
      },
      "geometry": {
        "type": "Point",
        "coordinates": [
          32.5928161,
          25.727187
        ]
      }
    },
    {
      "type": "Feature",
      "properties": {
        "name": "QV47",
        "name_en": "QV47",
        "type": "historic:tomb",
        "category": "other",
        "historic": "tomb",
        "civilization": "",
        "wikidata": "Q6093975",
        "region": "Luxor / Aswan"
      },
      "geometry": {
        "type": "Point",
        "coordinates": [
          32.5928077,
          25.727224
        ]
      }
    },
    {
      "type": "Feature",
      "properties": {
        "name": "QV30",
        "name_en": "QV30",
        "type": "historic:tomb",
        "category": "other",
        "historic": "tomb",
        "civilization": "",
        "wikidata": "Q124713657",
        "region": "Luxor / Aswan"
      },
      "geometry": {
        "type": "Point",
        "coordinates": [
          32.5929582,
          25.7271853
        ]
      }
    },
    {
      "type": "Feature",
      "properties": {
        "name": "QV30",
        "name_en": "Nebiri tomb",
        "type": "historic:tomb",
        "category": "other",
        "historic": "tomb",
        "civilization": "",
        "wikidata": "Q124713657",
        "region": "Luxor / Aswan"
      },
      "geometry": {
        "type": "Point",
        "coordinates": [
          32.5929744,
          25.727153
        ]
      }
    },
    {
      "type": "Feature",
      "properties": {
        "name": "QV29",
        "name_en": "Anonymus Tomb",
        "type": "historic:tomb",
        "category": "other",
        "historic": "tomb",
        "civilization": "",
        "wikidata": "Q124713656",
        "region": "Luxor / Aswan"
      },
      "geometry": {
        "type": "Point",
        "coordinates": [
          32.5930606,
          25.7271353
        ]
      }
    },
    {
      "type": "Feature",
      "properties": {
        "name": "QV27",
        "name_en": "Anonymus Tomb",
        "type": "historic:tomb",
        "category": "other",
        "historic": "tomb",
        "civilization": "",
        "wikidata": "Q124713618",
        "region": "Luxor / Aswan"
      },
      "geometry": {
        "type": "Point",
        "coordinates": [
          32.5930058,
          25.7272221
        ]
      }
    },
    {
      "type": "Feature",
      "properties": {
        "name": "QV26",
        "name_en": "Anonymus Tomb",
        "type": "historic:tomb",
        "category": "other",
        "historic": "tomb",
        "civilization": "",
        "wikidata": "Q124713617",
        "region": "Luxor / Aswan"
      },
      "geometry": {
        "type": "Point",
        "coordinates": [
          32.5930646,
          25.727272
        ]
      }
    },
    {
      "type": "Feature",
      "properties": {
        "name": "QV25",
        "name_en": "Anonymus Tomb",
        "type": "historic:tomb",
        "category": "other",
        "historic": "tomb",
        "civilization": "",
        "wikidata": "Q124713616",
        "region": "Luxor / Aswan"
      },
      "geometry": {
        "type": "Point",
        "coordinates": [
          32.5931251,
          25.7272734
        ]
      }
    },
    {
      "type": "Feature",
      "properties": {
        "name": "QV24",
        "name_en": "Anonymus Tomb",
        "type": "historic:tomb",
        "category": "other",
        "historic": "tomb",
        "civilization": "",
        "wikidata": "Q124713614",
        "region": "Luxor / Aswan"
      },
      "geometry": {
        "type": "Point",
        "coordinates": [
          32.5931138,
          25.7273467
        ]
      }
    },
    {
      "type": "Feature",
      "properties": {
        "name": "QV28",
        "name_en": "QV28",
        "type": "historic:tomb",
        "category": "other",
        "historic": "tomb",
        "civilization": "",
        "wikidata": "Q124713648",
        "region": "Luxor / Aswan"
      },
      "geometry": {
        "type": "Point",
        "coordinates": [
          32.5932663,
          25.7272749
        ]
      }
    },
    {
      "type": "Feature",
      "properties": {
        "name": "QV23",
        "name_en": "Anonymus Tomb",
        "type": "historic:tomb",
        "category": "other",
        "historic": "tomb",
        "civilization": "",
        "wikidata": "Q124713613",
        "region": "Luxor / Aswan"
      },
      "geometry": {
        "type": "Point",
        "coordinates": [
          32.593236,
          25.7273225
        ]
      }
    },
    {
      "type": "Feature",
      "properties": {
        "name": "QV26",
        "name_en": "QV26",
        "type": "historic:tomb",
        "category": "other",
        "historic": "tomb",
        "civilization": "",
        "wikidata": "Q124713617",
        "region": "Luxor / Aswan"
      },
      "geometry": {
        "type": "Point",
        "coordinates": [
          32.5930492,
          25.7273185
        ]
      }
    },
    {
      "type": "Feature",
      "properties": {
        "name": "QV25",
        "name_en": "QV25",
        "type": "historic:tomb",
        "category": "other",
        "historic": "tomb",
        "civilization": "",
        "wikidata": "Q124713616",
        "region": "Luxor / Aswan"
      },
      "geometry": {
        "type": "Point",
        "coordinates": [
          32.5931083,
          25.7273077
        ]
      }
    },
    {
      "type": "Feature",
      "properties": {
        "name": "QV23",
        "name_en": "QV23",
        "type": "historic:tomb",
        "category": "other",
        "historic": "tomb",
        "civilization": "",
        "wikidata": "Q124713613",
        "region": "Luxor / Aswan"
      },
      "geometry": {
        "type": "Point",
        "coordinates": [
          32.5932305,
          25.7273907
        ]
      }
    },
    {
      "type": "Feature",
      "properties": {
        "name": "QV22",
        "name_en": "Anonymus Tomb",
        "type": "historic:tomb",
        "category": "other",
        "historic": "tomb",
        "civilization": "",
        "wikidata": "Q124713610",
        "region": "Luxor / Aswan"
      },
      "geometry": {
        "type": "Point",
        "coordinates": [
          32.5932665,
          25.7274612
        ]
      }
    },
    {
      "type": "Feature",
      "properties": {
        "name": "QV21",
        "name_en": "Anonymus Tomb",
        "type": "historic:tomb",
        "category": "other",
        "historic": "tomb",
        "civilization": "",
        "wikidata": "Q124713601",
        "region": "Luxor / Aswan"
      },
      "geometry": {
        "type": "Point",
        "coordinates": [
          32.5931711,
          25.7274722
        ]
      }
    },
    {
      "type": "Feature",
      "properties": {
        "name": "QV22",
        "name_en": "QV22",
        "type": "historic:tomb",
        "category": "other",
        "historic": "tomb",
        "civilization": "",
        "wikidata": "Q124713610",
        "region": "Luxor / Aswan"
      },
      "geometry": {
        "type": "Point",
        "coordinates": [
          32.5932277,
          25.7274941
        ]
      }
    },
    {
      "type": "Feature",
      "properties": {
        "name": "QV21",
        "name_en": "QV21",
        "type": "historic:tomb",
        "category": "other",
        "historic": "tomb",
        "civilization": "",
        "wikidata": "Q124713601",
        "region": "Luxor / Aswan"
      },
      "geometry": {
        "type": "Point",
        "coordinates": [
          32.5931851,
          25.7275135
        ]
      }
    },
    {
      "type": "Feature",
      "properties": {
        "name": "QV20",
        "name_en": "Anonymus Tomb",
        "type": "historic:tomb",
        "category": "other",
        "historic": "tomb",
        "civilization": "",
        "wikidata": "Q124713600",
        "region": "Luxor / Aswan"
      },
      "geometry": {
        "type": "Point",
        "coordinates": [
          32.5932888,
          25.7275973
        ]
      }
    },
    {
      "type": "Feature",
      "properties": {
        "name": "QV20",
        "name_en": "QV20",
        "type": "historic:tomb",
        "category": "other",
        "historic": "tomb",
        "civilization": "",
        "wikidata": "Q124713600",
        "region": "Luxor / Aswan"
      },
      "geometry": {
        "type": "Point",
        "coordinates": [
          32.5932253,
          25.7275665
        ]
      }
    },
    {
      "type": "Feature",
      "properties": {
        "name": "QV19",
        "name_en": "Anonymus Tomb",
        "type": "historic:tomb",
        "category": "other",
        "historic": "tomb",
        "civilization": "",
        "wikidata": "Q124713598",
        "region": "Luxor / Aswan"
      },
      "geometry": {
        "type": "Point",
        "coordinates": [
          32.5933148,
          25.7275601
        ]
      }
    },
    {
      "type": "Feature",
      "properties": {
        "name": "QV19",
        "name_en": "QV19",
        "type": "historic:tomb",
        "category": "other",
        "historic": "tomb",
        "civilization": "",
        "wikidata": "Q124713598",
        "region": "Luxor / Aswan"
      },
      "geometry": {
        "type": "Point",
        "coordinates": [
          32.5933209,
          25.7275103
        ]
      }
    },
    {
      "type": "Feature",
      "properties": {
        "name": "QV18",
        "name_en": "QV18",
        "type": "historic:tomb",
        "category": "other",
        "historic": "tomb",
        "civilization": "",
        "wikidata": "Q124713597",
        "region": "Luxor / Aswan"
      },
      "geometry": {
        "type": "Point",
        "coordinates": [
          32.5933947,
          25.7274919
        ]
      }
    },
    {
      "type": "Feature",
      "properties": {
        "name": "الكنيسة المعلقة",
        "name_en": "Hanging Church",
        "type": "attraction",
        "category": "church",
        "historic": "church",
        "civilization": "",
        "wikidata": "Q2422298",
        "region": "Other"
      },
      "geometry": {
        "type": "Point",
        "coordinates": [
          31.2301665,
          30.0052517
        ]
      }
    },
    {
      "type": "Feature",
      "properties": {
        "name": "QV52",
        "name_en": "Tomb of queen Tyti",
        "type": "historic:tomb",
        "category": "other",
        "historic": "tomb",
        "civilization": "",
        "wikidata": "Q9065069",
        "region": "Luxor / Aswan"
      },
      "geometry": {
        "type": "Point",
        "coordinates": [
          32.5921762,
          25.7274258
        ]
      }
    },
    {
      "type": "Feature",
      "properties": {
        "name": "QV52",
        "name_en": "QV52",
        "type": "historic:tomb",
        "category": "other",
        "historic": "tomb",
        "civilization": "",
        "wikidata": "Q9065069",
        "region": "Luxor / Aswan"
      },
      "geometry": {
        "type": "Point",
        "coordinates": [
          32.5922661,
          25.7274856
        ]
      }
    },
    {
      "type": "Feature",
      "properties": {
        "name": "QV51",
        "name_en": "Queen Isis-ta-Hemdjeret",
        "type": "historic:tomb",
        "category": "other",
        "historic": "tomb",
        "civilization": "",
        "wikidata": "Q48592439",
        "region": "Luxor / Aswan"
      },
      "geometry": {
        "type": "Point",
        "coordinates": [
          32.5925125,
          25.7273517
        ]
      }
    },
    {
      "type": "Feature",
      "properties": {
        "name": "QV51",
        "name_en": "QV51",
        "type": "historic:tomb",
        "category": "other",
        "historic": "tomb",
        "civilization": "",
        "wikidata": "Q48592439",
        "region": "Luxor / Aswan"
      },
      "geometry": {
        "type": "Point",
        "coordinates": [
          32.5924662,
          25.7274671
        ]
      }
    },
    {
      "type": "Feature",
      "properties": {
        "name": "QV45",
        "name_en": "Unfinished Tomb",
        "type": "historic:tomb",
        "category": "other",
        "historic": "tomb",
        "civilization": "",
        "wikidata": "Q124713581",
        "region": "Luxor / Aswan"
      },
      "geometry": {
        "type": "Point",
        "coordinates": [
          32.5923092,
          25.7270015
        ]
      }
    },
    {
      "type": "Feature",
      "properties": {
        "name": "QV45",
        "name_en": "QV45",
        "type": "historic:tomb",
        "category": "other",
        "historic": "tomb",
        "civilization": "",
        "wikidata": "Q124713581",
        "region": "Luxor / Aswan"
      },
      "geometry": {
        "type": "Point",
        "coordinates": [
          32.5923584,
          25.7270256
        ]
      }
    },
    {
      "type": "Feature",
      "properties": {
        "name": "QV44",
        "name_en": "Tomb of Prince Kwa Em Waset",
        "type": "historic:tomb",
        "category": "other",
        "historic": "tomb",
        "civilization": "",
        "wikidata": "Q648960",
        "region": "Luxor / Aswan"
      },
      "geometry": {
        "type": "Point",
        "coordinates": [
          32.5922467,
          25.726822
        ]
      }
    },
    {
      "type": "Feature",
      "properties": {
        "name": "QV44",
        "name_en": "QV44",
        "type": "historic:tomb",
        "category": "other",
        "historic": "tomb",
        "civilization": "",
        "wikidata": "Q648960",
        "region": "Luxor / Aswan"
      },
      "geometry": {
        "type": "Point",
        "coordinates": [
          32.5923824,
          25.7269363
        ]
      }
    },
    {
      "type": "Feature",
      "properties": {
        "name": "QV43",
        "name_en": "Prince Sethherkhepshef tomb",
        "type": "historic:tomb",
        "category": "other",
        "historic": "tomb",
        "civilization": "",
        "wikidata": "Q50320457",
        "region": "Luxor / Aswan"
      },
      "geometry": {
        "type": "Point",
        "coordinates": [
          32.5922193,
          25.7267012
        ]
      }
    },
    {
      "type": "Feature",
      "properties": {
        "name": "QV43",
        "name_en": "QV43",
        "type": "historic:tomb",
        "category": "other",
        "historic": "tomb",
        "civilization": "",
        "wikidata": "Q50320457",
        "region": "Luxor / Aswan"
      },
      "geometry": {
        "type": "Point",
        "coordinates": [
          32.5923296,
          25.7268152
        ]
      }
    },
    {
      "type": "Feature",
      "properties": {
        "name": "QV42",
        "name_en": "Queen Minefer & Prince Pareherunemef tomb",
        "type": "historic:tomb",
        "category": "other",
        "historic": "tomb",
        "civilization": "",
        "wikidata": "Q50073060",
        "region": "Luxor / Aswan"
      },
      "geometry": {
        "type": "Point",
        "coordinates": [
          32.5923698,
          25.7267052
        ]
      }
    },
    {
      "type": "Feature",
      "properties": {
        "name": "QV42",
        "name_en": "QV42",
        "type": "historic:tomb",
        "category": "other",
        "historic": "tomb",
        "civilization": "",
        "wikidata": "Q50073060",
        "region": "Luxor / Aswan"
      },
      "geometry": {
        "type": "Point",
        "coordinates": [
          32.5923903,
          25.7268186
        ]
      }
    },
    {
      "type": "Feature",
      "properties": {
        "name": "QV55",
        "name_en": "Prince Amen Khopshef tomb",
        "type": "historic:tomb",
        "category": "other",
        "historic": "tomb",
        "civilization": "",
        "wikidata": "Q846281",
        "region": "Luxor / Aswan"
      },
      "geometry": {
        "type": "Point",
        "coordinates": [
          32.5918203,
          25.7276198
        ]
      }
    },
    {
      "type": "Feature",
      "properties": {
        "name": "QV55",
        "name_en": "QV55",
        "type": "historic:tomb",
        "category": "other",
        "historic": "tomb",
        "civilization": "",
        "wikidata": "Q846281",
        "region": "Luxor / Aswan"
      },
      "geometry": {
        "type": "Point",
        "coordinates": [
          32.5919543,
          25.727675
        ]
      }
    },
    {
      "type": "Feature",
      "properties": {
        "name": "QV53",
        "name_en": "QV53",
        "type": "historic:tomb",
        "category": "other",
        "historic": "tomb",
        "civilization": "",
        "wikidata": "Q2121295",
        "region": "Luxor / Aswan"
      },
      "geometry": {
        "type": "Point",
        "coordinates": [
          32.5921353,
          25.7275847
        ]
      }
    },
    {
      "type": "Feature",
      "properties": {
        "name": "QV53",
        "name_en": "Prince Rameses-Meryamen tomb",
        "type": "historic:tomb",
        "category": "other",
        "historic": "tomb",
        "civilization": "",
        "wikidata": "Q2121295",
        "region": "Luxor / Aswan"
      },
      "geometry": {
        "type": "Point",
        "coordinates": [
          32.5920413,
          25.7274819
        ]
      }
    },
    {
      "type": "Feature",
      "properties": {
        "name": "دير المدينة",
        "name_en": "Temple Of Hathor",
        "type": "historic:temple",
        "category": "archaeological_site",
        "historic": "temple",
        "civilization": "",
        "wikidata": null,
        "region": "Luxor / Aswan"
      },
      "geometry": {
        "type": "Point",
        "coordinates": [
          32.6021585,
          25.72898
        ]
      }
    },
    {
      "type": "Feature",
      "properties": {
        "name": "كنيسة القديس جورج",
        "name_en": "Saint George's Church",
        "type": "attraction",
        "category": "church",
        "historic": "church",
        "civilization": "",
        "wikidata": "Q4255568",
        "region": "Other"
      },
      "geometry": {
        "type": "Point",
        "coordinates": [
          31.2300186,
          30.00654
        ]
      }
    },
    {
      "type": "Feature",
      "properties": {
        "name": "كنيسة القديسة برباره الأثرية",
        "name_en": "Saint Barbara Church",
        "type": "attraction",
        "category": "church",
        "historic": "church",
        "civilization": "",
        "wikidata": "Q7401018",
        "region": "Other"
      },
      "geometry": {
        "type": "Point",
        "coordinates": [
          31.2313165,
          30.006132
        ]
      }
    },
    {
      "type": "Feature",
      "properties": {
        "name": "مقصورة أمنحتب الأول",
        "name_en": "Alabaster Chapel of Amenhotep I",
        "type": "historic:archaeological_site",
        "category": "archaeological_site",
        "historic": "archaeological_site",
        "civilization": "ancient_egyptian",
        "wikidata": "Q124831396",
        "region": "Luxor / Aswan"
      },
      "geometry": {
        "type": "Point",
        "coordinates": [
          32.657329,
          25.7205824
        ]
      }
    },
    {
      "type": "Feature",
      "properties": {
        "name": "مصطبة مريروكا",
        "name_en": "Tomb of Mereruka",
        "type": "attraction",
        "category": "other",
        "historic": "tomb",
        "civilization": "ancient_egyptian",
        "wikidata": "Q1343538",
        "region": "Fayoum / Nile Delta"
      },
      "geometry": {
        "type": "Point",
        "coordinates": [
          31.2212032,
          29.8757922
        ]
      }
    },
    {
      "type": "Feature",
      "properties": {
        "name": "مصطبة كاجيمنى",
        "name_en": "Tomb of Kagemni",
        "type": "attraction",
        "category": "other",
        "historic": "tomb",
        "civilization": "ancient_egyptian",
        "wikidata": "Q99913494",
        "region": "Fayoum / Nile Delta"
      },
      "geometry": {
        "type": "Point",
        "coordinates": [
          31.2214951,
          29.8758839
        ]
      }
    },
    {
      "type": "Feature",
      "properties": {
        "name": "مقبرة تيا",
        "name_en": "The Tomb Of Tia",
        "type": "historic:tomb",
        "category": "other",
        "historic": "tomb",
        "civilization": "ancient_egyptian",
        "wikidata": "Q2431006",
        "region": "Fayoum / Nile Delta"
      },
      "geometry": {
        "type": "Point",
        "coordinates": [
          31.217055,
          29.8662161
        ]
      }
    },
    {
      "type": "Feature",
      "properties": {
        "name": "Bab El Amara Gate",
        "name_en": "Bab El Amara Gate",
        "type": "historic:city_gate",
        "category": "city_gate",
        "historic": "city_gate",
        "civilization": "ancient_egyptian",
        "wikidata": "Q125055904",
        "region": "Luxor / Aswan"
      },
      "geometry": {
        "type": "Point",
        "coordinates": [
          32.6554692,
          25.7161213
        ]
      }
    },
    {
      "type": "Feature",
      "properties": {
        "name": "Chapel of Osiris Heqadjet",
        "name_en": "Chapel of Osiris Heqadjet",
        "type": "historic:ruins",
        "category": "archaeological_site",
        "historic": "ruins",
        "civilization": "ancient_egyptian",
        "wikidata": "Q124824888",
        "region": "Luxor / Aswan"
      },
      "geometry": {
        "type": "Point",
        "coordinates": [
          32.6611322,
          25.7178486
        ]
      }
    },
    {
      "type": "Feature",
      "properties": {
        "name": "المقصورة البيضاء للملك سنوسرت الأول",
        "name_en": "White Chapel of Senusret (Sesostris) I",
        "type": "historic:archaeological_site",
        "category": "archaeological_site",
        "historic": "archaeological_site",
        "civilization": "ancient_egyptian",
        "wikidata": "Q477282",
        "region": "Luxor / Aswan"
      },
      "geometry": {
        "type": "Point",
        "coordinates": [
          32.6571901,
          25.7203496
        ]
      }
    },
    {
      "type": "Feature",
      "properties": {
        "name": "باب النصر",
        "name_en": "Bab Al-Nasr",
        "type": "historic:city_gate",
        "category": "city_gate",
        "historic": "city_gate",
        "civilization": "",
        "wikidata": "Q4119350",
        "region": "Other"
      },
      "geometry": {
        "type": "Point",
        "coordinates": [
          31.2650177,
          30.0542145
        ]
      }
    },
    {
      "type": "Feature",
      "properties": {
        "name": "معبد دوميتيان",
        "name_en": "Temple of Domitian",
        "type": "historic:ruins",
        "category": "archaeological_site",
        "historic": "ruins",
        "civilization": "ancient_roman",
        "wikidata": "Q104866814",
        "region": "Luxor / Aswan"
      },
      "geometry": {
        "type": "Point",
        "coordinates": [
          32.8929811,
          24.0858761
        ]
      }
    },
    {
      "type": "Feature",
      "properties": {
        "name": "ميناء المعبد",
        "name_en": "Port of the Temple",
        "type": "historic:ruins",
        "category": "archaeological_site",
        "historic": "ruins",
        "civilization": "ancient_egyptian",
        "wikidata": "Q124892101",
        "region": "Luxor / Aswan"
      },
      "geometry": {
        "type": "Point",
        "coordinates": [
          32.6559761,
          25.7191436
        ]
      }
    },
    {
      "type": "Feature",
      "properties": {
        "name": "Imperial Cult Chapel",
        "name_en": "Imperial Cult Chapel",
        "type": "historic:ruins",
        "category": "archaeological_site",
        "historic": "ruins",
        "civilization": "ancient_roman",
        "wikidata": "Q124954199",
        "region": "Luxor / Aswan"
      },
      "geometry": {
        "type": "Point",
        "coordinates": [
          32.6565416,
          25.7190471
        ]
      }
    },
    {
      "type": "Feature",
      "properties": {
        "name": "Treasury of Shabaka",
        "name_en": "Treasury of Shabaka",
        "type": "historic:ruins",
        "category": "archaeological_site",
        "historic": "ruins",
        "civilization": "ancient_egyptian",
        "wikidata": "Q125077135",
        "region": "Luxor / Aswan"
      },
      "geometry": {
        "type": "Point",
        "coordinates": [
          32.6601936,
          25.7188527
        ]
      }
    },
    {
      "type": "Feature",
      "properties": {
        "name": "Alabaster Chapel of Amenhotep II",
        "name_en": "Alabaster Chapel of Amenhotep II",
        "type": "historic:building",
        "category": "historic_building",
        "historic": "building",
        "civilization": "ancient_egyptian",
        "wikidata": "Q124832708",
        "region": "Luxor / Aswan"
      },
      "geometry": {
        "type": "Point",
        "coordinates": [
          32.6577185,
          25.7196822
        ]
      }
    },
    {
      "type": "Feature",
      "properties": {
        "name": "Alabaster Chapel of Hachepsut",
        "name_en": "Alabaster Chapel of Hachepsut",
        "type": "historic:ruins",
        "category": "archaeological_site",
        "historic": "ruins",
        "civilization": "ancient_egyptian",
        "wikidata": "Q124822454",
        "region": "Luxor / Aswan"
      },
      "geometry": {
        "type": "Point",
        "coordinates": [
          32.6575184,
          25.7198239
        ]
      }
    },
    {
      "type": "Feature",
      "properties": {
        "name": "عامود السوارى",
        "name_en": "Pompei's Pillar",
        "type": "historic:monument",
        "category": "monument",
        "historic": "monument",
        "civilization": "",
        "wikidata": "Q492487",
        "region": "Cairo / Giza"
      },
      "geometry": {
        "type": "Point",
        "coordinates": [
          29.8963926,
          31.1825811
        ]
      }
    },
    {
      "type": "Feature",
      "properties": {
        "name": "فناء الخبيئة",
        "name_en": "Cachette Courtyard",
        "type": "historic:archaeological_site",
        "category": "archaeological_site",
        "historic": "archaeological_site",
        "civilization": "ancient_egyptian",
        "wikidata": "Q124912908",
        "region": "Luxor / Aswan"
      },
      "geometry": {
        "type": "Point",
        "coordinates": [
          32.6578695,
          25.7177588
        ]
      }
    },
    {
      "type": "Feature",
      "properties": {
        "name": "معبد رمسيس الثاني",
        "name_en": "Temple of Ramses II",
        "type": "historic:ruins",
        "category": "archaeological_site",
        "historic": "ruins",
        "civilization": "ancient_egyptian",
        "wikidata": "Q124899806",
        "region": "Luxor / Aswan"
      },
      "geometry": {
        "type": "Point",
        "coordinates": [
          32.6602722,
          25.7174465
        ]
      }
    },
    {
      "type": "Feature",
      "properties": {
        "name": "Eastern colonnade of Taharqa",
        "name_en": "Eastern colonnade of Taharqa",
        "type": "historic:ruins",
        "category": "archaeological_site",
        "historic": "ruins",
        "civilization": "ancient_egyptian",
        "wikidata": "Q125074713",
        "region": "Luxor / Aswan"
      },
      "geometry": {
        "type": "Point",
        "coordinates": [
          32.6605162,
          25.7173345
        ]
      }
    },
    {
      "type": "Feature",
      "properties": {
        "name": "Chapel of Osiris Wennefer Neb djefau",
        "name_en": "Chapel of Osiris Wennefer Neb djefau",
        "type": "historic:ruins",
        "category": "archaeological_site",
        "historic": "ruins",
        "civilization": "ancient_egyptian",
        "wikidata": "Q124957252",
        "region": "Luxor / Aswan"
      },
      "geometry": {
        "type": "Point",
        "coordinates": [
          32.6587054,
          25.7195221
        ]
      }
    },
    {
      "type": "Feature",
      "properties": {
        "name": "Chapel of Osiris Neb ankh",
        "name_en": "Chapel of Osiris Neb ankh",
        "type": "historic:ruins",
        "category": "archaeological_site",
        "historic": "ruins",
        "civilization": "ancient_egyptian",
        "wikidata": "Q124957395",
        "region": "Luxor / Aswan"
      },
      "geometry": {
        "type": "Point",
        "coordinates": [
          32.658813,
          25.7196095
        ]
      }
    },
    {
      "type": "Feature",
      "properties": {
        "name": "Chapel of Kamutef",
        "name_en": "Chapel of Kamutef",
        "type": "historic:ruins",
        "category": "archaeological_site",
        "historic": "ruins",
        "civilization": "ancient_egyptian",
        "wikidata": "Q124956602",
        "region": "Luxor / Aswan"
      },
      "geometry": {
        "type": "Point",
        "coordinates": [
          32.6588689,
          25.7181604
        ]
      }
    },
    {
      "type": "Feature",
      "properties": {
        "name": "Bubastite Portal",
        "name_en": "Bubastite Portal",
        "type": "historic:yes",
        "category": "historic_area",
        "historic": "yes",
        "civilization": "ancient_egyptian",
        "wikidata": "Q4982146",
        "region": "Luxor / Aswan"
      },
      "geometry": {
        "type": "Point",
        "coordinates": [
          32.6572812,
          25.7183313
        ]
      }
    },
    {
      "type": "Feature",
      "properties": {
        "name": "tribune of the quay",
        "name_en": "tribune of the quay",
        "type": "historic:archaeological_site",
        "category": "archaeological_site",
        "historic": "archaeological_site",
        "civilization": "ancient_egyptian",
        "wikidata": "Q125042210",
        "region": "Luxor / Aswan"
      },
      "geometry": {
        "type": "Point",
        "coordinates": [
          32.6560724,
          25.7194098
        ]
      }
    },
    {
      "type": "Feature",
      "properties": {
        "name": "الفناء الكبير",
        "name_en": "Shoshenq I Court",
        "type": "historic:archaeological_site",
        "category": "archaeological_site",
        "historic": "archaeological_site",
        "civilization": "ancient_egyptian",
        "wikidata": "Q82074447",
        "region": "Luxor / Aswan"
      },
      "geometry": {
        "type": "Point",
        "coordinates": [
          32.6572126,
          25.7188832
        ]
      }
    },
    {
      "type": "Feature",
      "properties": {
        "name": "Gateway of Nectanebo I",
        "name_en": "Gateway of Nectanebo I",
        "type": "historic:city_gate",
        "category": "city_gate",
        "historic": "city_gate",
        "civilization": "ancient_egyptian",
        "wikidata": "Q125056305",
        "region": "Luxor / Aswan"
      },
      "geometry": {
        "type": "Point",
        "coordinates": [
          32.6608562,
          25.7171711
        ]
      }
    },
    {
      "type": "Feature",
      "properties": {
        "name": "Karanis",
        "name_en": "Karanis",
        "type": "historic:archaeological_site",
        "category": "archaeological_site",
        "historic": "archaeological_site",
        "civilization": "",
        "wikidata": "Q657455",
        "region": "Fayoum / Nile Delta"
      },
      "geometry": {
        "type": "Point",
        "coordinates": [
          30.9025416,
          29.5183831
        ]
      }
    },
    {
      "type": "Feature",
      "properties": {
        "name": "Valley of Prince Ahmose",
        "name_en": "Valley of Prince Ahmose",
        "type": "attraction",
        "category": "archaeological_site",
        "historic": "archaeological_site",
        "civilization": "",
        "wikidata": "Q131763829",
        "region": "Luxor / Aswan"
      },
      "geometry": {
        "type": "Point",
        "coordinates": [
          32.5937476,
          25.7268672
        ]
      }
    },
    {
      "type": "Feature",
      "properties": {
        "name": "Valley of the Three Pits",
        "name_en": "Valley of the Three Pits",
        "type": "attraction",
        "category": "archaeological_site",
        "historic": "archaeological_site",
        "civilization": "ancient_egyptian",
        "wikidata": "Q137765853",
        "region": "Luxor / Aswan"
      },
      "geometry": {
        "type": "Point",
        "coordinates": [
          32.5958727,
          25.730097
        ]
      }
    },
    {
      "type": "Feature",
      "properties": {
        "name": "Valley of the Rope",
        "name_en": "Valley of the Rope",
        "type": "attraction",
        "category": "archaeological_site",
        "historic": "archaeological_site",
        "civilization": "",
        "wikidata": "Q137765855",
        "region": "Luxor / Aswan"
      },
      "geometry": {
        "type": "Point",
        "coordinates": [
          32.593599,
          25.7305088
        ]
      }
    },
    {
      "type": "Feature",
      "properties": {
        "name": "جسر المدير",
        "name_en": "Gisr el-Mudir",
        "type": "historic:archaeological_site",
        "category": "archaeological_site",
        "historic": "archaeological_site",
        "civilization": "ancient_egyptian",
        "wikidata": "Q1527638",
        "region": "Fayoum / Nile Delta"
      },
      "geometry": {
        "type": "Point",
        "coordinates": [
          31.2061459,
          29.8668042
        ]
      }
    },
    {
      "type": "Feature",
      "properties": {
        "name": "",
        "name_en": "KV44",
        "type": "historic:tomb",
        "category": "other",
        "historic": "tomb",
        "civilization": "",
        "wikidata": "Q1661091",
        "region": "Luxor / Aswan"
      },
      "geometry": {
        "type": "Point",
        "coordinates": [
          32.6031301,
          25.7400945
        ]
      }
    },
    {
      "type": "Feature",
      "properties": {
        "name": "",
        "name_en": "Tia'a",
        "type": "historic:tomb",
        "category": "other",
        "historic": "tomb",
        "civilization": "",
        "wikidata": "Q1975338",
        "region": "Luxor / Aswan"
      },
      "geometry": {
        "type": "Point",
        "coordinates": [
          32.6007193,
          25.7383424
        ]
      }
    },
    {
      "type": "Feature",
      "properties": {
        "name": "KV33",
        "name_en": "Tia'a",
        "type": "historic:tomb",
        "category": "other",
        "historic": "tomb",
        "civilization": "",
        "wikidata": "Q2719492",
        "region": "Luxor / Aswan"
      },
      "geometry": {
        "type": "Point",
        "coordinates": [
          32.6008481,
          25.7381325
        ]
      }
    },
    {
      "type": "Feature",
      "properties": {
        "name": "",
        "name_en": "KV45 Userhet",
        "type": "historic:tomb",
        "category": "other",
        "historic": "tomb",
        "civilization": "",
        "wikidata": "Q662744",
        "region": "Luxor / Aswan"
      },
      "geometry": {
        "type": "Point",
        "coordinates": [
          32.6030566,
          25.7401226
        ]
      }
    },
    {
      "type": "Feature",
      "properties": {
        "name": "قصر الأمير بشتاك",
        "name_en": "Beshtak Palace",
        "type": "museum",
        "category": "other",
        "historic": "",
        "civilization": "",
        "wikidata": "Q4896257",
        "region": "Other"
      },
      "geometry": {
        "type": "Point",
        "coordinates": [
          31.2616572,
          30.0504413
        ]
      }
    },
    {
      "type": "Feature",
      "properties": {
        "name": "S 10",
        "name_en": "S 10",
        "type": "historic:tomb",
        "category": "other",
        "historic": "tomb",
        "civilization": "",
        "wikidata": "Q22936296",
        "region": "Other"
      },
      "geometry": {
        "type": "Point",
        "coordinates": [
          31.9242064,
          26.1712466
        ]
      }
    },
    {
      "type": "Feature",
      "properties": {
        "name": "el-Sumeira",
        "name_en": "el-Sumeira",
        "type": "historic:archaeological_site",
        "category": "archaeological_site",
        "historic": "archaeological_site",
        "civilization": "",
        "wikidata": "Q14221094",
        "region": "Other"
      },
      "geometry": {
        "type": "Point",
        "coordinates": [
          30.6238269,
          25.7959631
        ]
      }
    },
    {
      "type": "Feature",
      "properties": {
        "name": "Zawyet Sultan",
        "name_en": "Zawyet Sultan",
        "type": "historic:tomb",
        "category": "pyramid",
        "historic": "tomb",
        "civilization": "",
        "wikidata": "Q4894815",
        "region": "Middle Egypt"
      },
      "geometry": {
        "type": "Point",
        "coordinates": [
          30.8287596,
          28.0458677
        ]
      }
    },
    {
      "type": "Feature",
      "properties": {
        "name": "Mastaba of Khentika",
        "name_en": "Mastaba of Khentika",
        "type": "historic:ruins",
        "category": "archaeological_site",
        "historic": "ruins",
        "civilization": "",
        "wikidata": "Q3297830",
        "region": "Other"
      },
      "geometry": {
        "type": "Point",
        "coordinates": [
          29.2801797,
          25.5577661
        ]
      }
    },
    {
      "type": "Feature",
      "properties": {
        "name": "TT71",
        "name_en": "TT71",
        "type": "historic:archaeological_site",
        "category": "archaeological_site",
        "historic": "archaeological_site",
        "civilization": "",
        "wikidata": "Q1457372",
        "region": "Luxor / Aswan"
      },
      "geometry": {
        "type": "Point",
        "coordinates": [
          32.6079168,
          25.7332671
        ]
      }
    },
    {
      "type": "Feature",
      "properties": {
        "name": "Temple of Montu",
        "name_en": "Temple of Montu",
        "type": "historic:archaeological_site",
        "category": "archaeological_site",
        "historic": "archaeological_site",
        "civilization": "",
        "wikidata": "Q133252506",
        "region": "Luxor / Aswan"
      },
      "geometry": {
        "type": "Point",
        "coordinates": [
          32.5444519,
          25.6221873
        ]
      }
    },
    {
      "type": "Feature",
      "properties": {
        "name": "Temple of Montu (Medamud)",
        "name_en": "Temple of Montu (Medamud)",
        "type": "historic:archaeological_site",
        "category": "archaeological_site",
        "historic": "archaeological_site",
        "civilization": "",
        "wikidata": "Q3517593",
        "region": "Luxor / Aswan"
      },
      "geometry": {
        "type": "Point",
        "coordinates": [
          32.7098101,
          25.7298821
        ]
      }
    },
    {
      "type": "Feature",
      "properties": {
        "name": "Temple of Montu in Al Madamum",
        "name_en": "Temple of Montu in Al Madamum",
        "type": "historic:archaeological_site",
        "category": "archaeological_site",
        "historic": "archaeological_site",
        "civilization": "",
        "wikidata": "Q82073673",
        "region": "Luxor / Aswan"
      },
      "geometry": {
        "type": "Point",
        "coordinates": [
          32.7097313,
          25.7344132
        ]
      }
    },
    {
      "type": "Feature",
      "properties": {
        "name": "Temple of Wadjmose",
        "name_en": "Temple of Wadjmose",
        "type": "historic:archaeological_site",
        "category": "archaeological_site",
        "historic": "archaeological_site",
        "civilization": "ancient_egyptian",
        "wikidata": "Q11951248",
        "region": "Luxor / Aswan"
      },
      "geometry": {
        "type": "Point",
        "coordinates": [
          32.6093829,
          25.7272718
        ]
      }
    },
    {
      "type": "Feature",
      "properties": {
        "name": "",
        "name_en": "Kom Firin",
        "type": "historic:archaeological_site",
        "category": "archaeological_site",
        "historic": "archaeological_site",
        "civilization": "",
        "wikidata": "Q48813242",
        "region": "Cairo / Giza"
      },
      "geometry": {
        "type": "Point",
        "coordinates": [
          30.490221,
          30.8645041
        ]
      }
    },
    {
      "type": "Feature",
      "properties": {
        "name": "Qasr el-Nasima",
        "name_en": "Qasr el-Nasima",
        "type": "historic:archaeological_site",
        "category": "archaeological_site",
        "historic": "archaeological_site",
        "civilization": "",
        "wikidata": "Q14218438",
        "region": "Other"
      },
      "geometry": {
        "type": "Point",
        "coordinates": [
          30.5462845,
          25.3821081
        ]
      }
    },
    {
      "type": "Feature",
      "properties": {
        "name": "",
        "name_en": "Tomb of Pabasa (TT 279)",
        "type": "historic:archaeological_site",
        "category": "archaeological_site",
        "historic": "archaeological_site",
        "civilization": "",
        "wikidata": "Q55832197",
        "region": "Luxor / Aswan"
      },
      "geometry": {
        "type": "Point",
        "coordinates": [
          32.6116039,
          25.7352207
        ]
      }
    },
    {
      "type": "Feature",
      "properties": {
        "name": "Wadi al Gharbi",
        "name_en": "Wadi al Gharbi",
        "type": "historic:archaeological_site",
        "category": "archaeological_site",
        "historic": "archaeological_site",
        "civilization": "ancient_egyptian",
        "wikidata": "Q140084468",
        "region": "Luxor / Aswan"
      },
      "geometry": {
        "type": "Point",
        "coordinates": [
          32.5716836,
          25.7318885
        ]
      }
    },
    {
      "type": "Feature",
      "properties": {
        "name": "Wadi Jabbanat al Qurud",
        "name_en": "Wadi Jabbanat al Qurud",
        "type": "historic:archaeological_site",
        "category": "archaeological_site",
        "historic": "archaeological_site",
        "civilization": "ancient_egyptian",
        "wikidata": "Q140084557",
        "region": "Luxor / Aswan"
      },
      "geometry": {
        "type": "Point",
        "coordinates": [
          32.5779465,
          25.7312667
        ]
      }
    },
    {
      "type": "Feature",
      "properties": {
        "name": "Wadi Sikkat Taqat Zayid",
        "name_en": "Wadi Sikkat Taqat Zayid",
        "type": "historic:archaeological_site",
        "category": "archaeological_site",
        "historic": "archaeological_site",
        "civilization": "ancient_egyptian",
        "wikidata": "Q140084587",
        "region": "Luxor / Aswan"
      },
      "geometry": {
        "type": "Point",
        "coordinates": [
          32.579543,
          25.733102
        ]
      }
    },
    {
      "type": "Feature",
      "properties": {
        "name": "Phernouphis",
        "name_en": "Phernouphis",
        "type": "historic:archaeological_site",
        "category": "archaeological_site",
        "historic": "archaeological_site",
        "civilization": "ancient_egyptian",
        "wikidata": "Q104845485",
        "region": "Cairo / Giza"
      },
      "geometry": {
        "type": "Point",
        "coordinates": [
          31.5814159,
          31.0570448
        ]
      }
    },
    {
      "type": "Feature",
      "properties": {
        "name": "Medinet Maadi",
        "name_en": "Medinet Maadi",
        "type": "historic:archaeological_site",
        "category": "archaeological_site",
        "historic": "archaeological_site",
        "civilization": "",
        "wikidata": "Q1318945",
        "region": "Fayoum / Nile Delta"
      },
      "geometry": {
        "type": "Point",
        "coordinates": [
          30.6423962,
          29.1928974
        ]
      }
    },
    {
      "type": "Feature",
      "properties": {
        "name": "Roman Fort Qasr el-Bawiti",
        "name_en": "Roman Fort Qasr el-Bawiti",
        "type": "historic:archaeological_site",
        "category": "archaeological_site",
        "historic": "archaeological_site",
        "civilization": "",
        "wikidata": "Q14218429",
        "region": "Other"
      },
      "geometry": {
        "type": "Point",
        "coordinates": [
          28.8474052,
          28.3534731
        ]
      }
    },
    {
      "type": "Feature",
      "properties": {
        "name": "Ain el-Muftilla",
        "name_en": "Ain el-Muftilla",
        "type": "historic:archaeological_site",
        "category": "archaeological_site",
        "historic": "archaeological_site",
        "civilization": "",
        "wikidata": "Q14223990",
        "region": "Other"
      },
      "geometry": {
        "type": "Point",
        "coordinates": [
          28.8462155,
          28.3569818
        ]
      }
    },
    {
      "type": "Feature",
      "properties": {
        "name": "",
        "name_en": "St. Antony's cave",
        "type": "attraction",
        "category": "other",
        "historic": "",
        "civilization": "",
        "wikidata": "Q112628765",
        "region": "Other"
      },
      "geometry": {
        "type": "Point",
        "coordinates": [
          32.3545669,
          28.9114738
        ]
      }
    },
    {
      "type": "Feature",
      "properties": {
        "name": "متحف السويس القومى",
        "name_en": "Suez National Museum",
        "type": "museum",
        "category": "other",
        "historic": "",
        "civilization": "",
        "wikidata": "Q63973129",
        "region": "Other"
      },
      "geometry": {
        "type": "Point",
        "coordinates": [
          32.5670088,
          29.9550854
        ]
      }
    },
    {
      "type": "Feature",
      "properties": {
        "name": "",
        "name_en": "Leontopolis",
        "type": "historic:archaeological_site",
        "category": "archaeological_site",
        "historic": "archaeological_site",
        "civilization": "",
        "wikidata": "Q677211",
        "region": "Cairo / Giza"
      },
      "geometry": {
        "type": "Point",
        "coordinates": [
          31.3542098,
          30.682516
        ]
      }
    },
    {
      "type": "Feature",
      "properties": {
        "name": "جبل الكريستال",
        "name_en": "Crystal Mountain",
        "type": "attraction",
        "category": "other",
        "historic": "",
        "civilization": "",
        "wikidata": "Q5191296",
        "region": "Other"
      },
      "geometry": {
        "type": "Point",
        "coordinates": [
          28.4300922,
          27.6617066
        ]
      }
    },
    {
      "type": "Feature",
      "properties": {
        "name": "معبد حتشبسوت",
        "name_en": "Mortuary Temple of Hatshepsut",
        "type": "attraction",
        "category": "archaeological_site",
        "historic": "archaeological_site",
        "civilization": "",
        "wikidata": "Q660692",
        "region": "Luxor / Aswan"
      },
      "geometry": {
        "type": "Point",
        "coordinates": [
          32.6064411,
          25.7383391
        ]
      }
    },
    {
      "type": "Feature",
      "properties": {
        "name": "دير القديسة كاترين",
        "name_en": "St Catherine's Monastery",
        "type": "historic:monastery",
        "category": "monastery",
        "historic": "monastery",
        "civilization": "",
        "wikidata": "Q185362",
        "region": "Other"
      },
      "geometry": {
        "type": "Point",
        "coordinates": [
          33.9765682,
          28.5556875
        ]
      }
    },
    {
      "type": "Feature",
      "properties": {
        "name": "Tebtunis",
        "name_en": "Tebtunis",
        "type": "historic:archaeological_site",
        "category": "archaeological_site",
        "historic": "archaeological_site",
        "civilization": "",
        "wikidata": "Q1500580",
        "region": "Fayoum / Nile Delta"
      },
      "geometry": {
        "type": "Point",
        "coordinates": [
          30.7612554,
          29.1072111
        ]
      }
    },
    {
      "type": "Feature",
      "properties": {
        "name": "Qasr Dusch",
        "name_en": "Qasr Dusch",
        "type": "historic:archaeological_site",
        "category": "archaeological_site",
        "historic": "archaeological_site",
        "civilization": "",
        "wikidata": "Q2121433",
        "region": "Other"
      },
      "geometry": {
        "type": "Point",
        "coordinates": [
          30.716262,
          24.5799485
        ]
      }
    },
    {
      "type": "Feature",
      "properties": {
        "name": "Mareia",
        "name_en": "Mareia",
        "type": "historic:archaeological_site",
        "category": "archaeological_site",
        "historic": "archaeological_site",
        "civilization": "",
        "wikidata": "Q1894495",
        "region": "Cairo / Giza"
      },
      "geometry": {
        "type": "Point",
        "coordinates": [
          29.6566185,
          30.9951309
        ]
      }
    },
    {
      "type": "Feature",
      "properties": {
        "name": "Xois",
        "name_en": "Xois",
        "type": "historic:archaeological_site",
        "category": "archaeological_site",
        "historic": "archaeological_site",
        "civilization": "",
        "wikidata": "Q1068140",
        "region": "Cairo / Giza"
      },
      "geometry": {
        "type": "Point",
        "coordinates": [
          30.9507706,
          31.0896344
        ]
      }
    },
    {
      "type": "Feature",
      "properties": {
        "name": "Beni Hasan necropolis",
        "name_en": "Beni Hasan necropolis",
        "type": "historic:archaeological_site",
        "category": "archaeological_site",
        "historic": "archaeological_site",
        "civilization": "",
        "wikidata": "Q817286",
        "region": "Middle Egypt"
      },
      "geometry": {
        "type": "Point",
        "coordinates": [
          30.8752957,
          27.9313392
        ]
      }
    },
    {
      "type": "Feature",
      "properties": {
        "name": "Ain el-Charab (Ain et-Turba)",
        "name_en": "Ain el-Charab (Ain et-Turba)",
        "type": "historic:archaeological_site",
        "category": "archaeological_site",
        "historic": "archaeological_site",
        "civilization": "",
        "wikidata": "Q14223989",
        "region": "Other"
      },
      "geometry": {
        "type": "Point",
        "coordinates": [
          30.5559743,
          25.4809898
        ]
      }
    },
    {
      "type": "Feature",
      "properties": {
        "name": "Ain Birbiya",
        "name_en": "Ain Birbiya",
        "type": "historic:archaeological_site",
        "category": "archaeological_site",
        "historic": "archaeological_site",
        "civilization": "",
        "wikidata": "Q14223965",
        "region": "Other"
      },
      "geometry": {
        "type": "Point",
        "coordinates": [
          29.3194979,
          25.5226204
        ]
      }
    },
    {
      "type": "Feature",
      "properties": {
        "name": "كوم مدينة ماضى",
        "name_en": "Kawm Madinat Madi",
        "type": "historic:archaeological_site",
        "category": "archaeological_site",
        "historic": "archaeological_site",
        "civilization": "",
        "wikidata": "Q1318945",
        "region": "Fayoum / Nile Delta"
      },
      "geometry": {
        "type": "Point",
        "coordinates": [
          30.6423237,
          29.1927619
        ]
      }
    },
    {
      "type": "Feature",
      "properties": {
        "name": "معبد منتوحتب الثاني",
        "name_en": "Temple of Mentuhotep II",
        "type": "attraction",
        "category": "archaeological_site",
        "historic": "archaeological_site",
        "civilization": "",
        "wikidata": "Q14551916",
        "region": "Luxor / Aswan"
      },
      "geometry": {
        "type": "Point",
        "coordinates": [
          32.6062233,
          25.7373907
        ]
      }
    },
    {
      "type": "Feature",
      "properties": {
        "name": "صخرة سمير لاما",
        "name_en": "صخرة سمير لاما",
        "type": "attraction",
        "category": "other",
        "historic": "",
        "civilization": "",
        "wikidata": "Q14300453",
        "region": "Other"
      },
      "geometry": {
        "type": "Point",
        "coordinates": [
          28.5479339,
          24.4418564
        ]
      }
    },
    {
      "type": "Feature",
      "properties": {
        "name": "Heraklion",
        "name_en": "Heraklion",
        "type": "historic:archaeological_site",
        "category": "archaeological_site",
        "historic": "archaeological_site",
        "civilization": "",
        "wikidata": "Q1607758",
        "region": "Cairo / Giza"
      },
      "geometry": {
        "type": "Point",
        "coordinates": [
          30.120813,
          31.302979
        ]
      }
    },
    {
      "type": "Feature",
      "properties": {
        "name": "El Tor, Egypt",
        "name_en": "El Tor, Egypt",
        "type": "historic:archaeological_site",
        "category": "archaeological_site",
        "historic": "archaeological_site",
        "civilization": "",
        "wikidata": "Q867603",
        "region": "Other"
      },
      "geometry": {
        "type": "Point",
        "coordinates": [
          33.6134707,
          28.2395324
        ]
      }
    },
    {
      "type": "Feature",
      "properties": {
        "name": "Medinet-el Haras",
        "name_en": "Medinet-el Haras",
        "type": "historic:archaeological_site",
        "category": "archaeological_site",
        "historic": "archaeological_site",
        "civilization": "",
        "wikidata": "Q819050",
        "region": "Other"
      },
      "geometry": {
        "type": "Point",
        "coordinates": [
          35.4759377,
          23.9109505
        ]
      }
    },
    {
      "type": "Feature",
      "properties": {
        "name": "TT52 (Nakht)",
        "name_en": "TT52 (Nakht)",
        "type": "attraction",
        "category": "other",
        "historic": "tomb",
        "civilization": "",
        "wikidata": "Q1540700",
        "region": "Luxor / Aswan"
      },
      "geometry": {
        "type": "Point",
        "coordinates": [
          32.6107375,
          25.7326738
        ]
      }
    },
    {
      "type": "Feature",
      "properties": {
        "name": "كوبري قصر النيل",
        "name_en": "Qasr El-Nile Bridge (The Nile Castle Bridge)",
        "type": "historic:monument",
        "category": "monument",
        "historic": "monument",
        "civilization": "",
        "wikidata": "Q1973889",
        "region": "Other"
      },
      "geometry": {
        "type": "Point",
        "coordinates": [
          31.2298343,
          30.0436895
        ]
      }
    },
    {
      "type": "Feature",
      "properties": {
        "name": "Mendes",
        "name_en": "Mendes",
        "type": "historic:archaeological_site",
        "category": "archaeological_site",
        "historic": "archaeological_site",
        "civilization": "",
        "wikidata": "Q1427162",
        "region": "Cairo / Giza"
      },
      "geometry": {
        "type": "Point",
        "coordinates": [
          31.5170889,
          30.9562518
        ]
      }
    },
    {
      "type": "Feature",
      "properties": {
        "name": "Qift",
        "name_en": "Qift",
        "type": "historic:archaeological_site",
        "category": "archaeological_site",
        "historic": "archaeological_site",
        "civilization": "",
        "wikidata": "Q935454",
        "region": "Luxor / Aswan"
      },
      "geometry": {
        "type": "Point",
        "coordinates": [
          32.8161441,
          25.9961949
        ]
      }
    },
    {
      "type": "Feature",
      "properties": {
        "name": "Pyramid of Naqada",
        "name_en": "Pyramid of Naqada",
        "type": "historic:monument",
        "category": "monument",
        "historic": "monument",
        "civilization": "",
        "wikidata": "Q2119728",
        "region": "Luxor / Aswan"
      },
      "geometry": {
        "type": "Point",
        "coordinates": [
          32.70917,
          25.94056
        ]
      }
    },
    {
      "type": "Feature",
      "properties": {
        "name": "Unfinished Northern Pyramid of Zawyet El Aryan",
        "name_en": "Unfinished Northern Pyramid of Zawyet El Aryan",
        "type": "historic:archaeological_site",
        "category": "archaeological_site",
        "historic": "archaeological_site",
        "civilization": "",
        "wikidata": "Q785696",
        "region": "Fayoum / Nile Delta"
      },
      "geometry": {
        "type": "Point",
        "coordinates": [
          31.151556,
          29.9401222
        ]
      }
    },
    {
      "type": "Feature",
      "properties": {
        "name": "Double Pyramid",
        "name_en": "Lepsius XXV",
        "type": "historic:tomb",
        "category": "pyramid",
        "historic": "tomb",
        "civilization": "ancient_egyptian",
        "wikidata": "Q1377626",
        "region": "Fayoum / Nile Delta"
      },
      "geometry": {
        "type": "Point",
        "coordinates": [
          31.20306,
          29.89306
        ]
      }
    },
    {
      "type": "Feature",
      "properties": {
        "name": "Lepsius XXIV",
        "name_en": "Lepsius XXIV",
        "type": "historic:tomb",
        "category": "pyramid",
        "historic": "tomb",
        "civilization": "ancient_egyptian",
        "wikidata": "Q1820141",
        "region": "Fayoum / Nile Delta"
      },
      "geometry": {
        "type": "Point",
        "coordinates": [
          31.202861,
          29.893528
        ]
      }
    },
    {
      "type": "Feature",
      "properties": {
        "name": "Pyramid of Khentkaus II",
        "name_en": "Pyramid of Khentkaus II",
        "type": "historic:tomb",
        "category": "pyramid",
        "historic": "tomb",
        "civilization": "ancient_egyptian",
        "wikidata": "Q1070133",
        "region": "Fayoum / Nile Delta"
      },
      "geometry": {
        "type": "Point",
        "coordinates": [
          31.2025,
          29.894139
        ]
      }
    },
    {
      "type": "Feature",
      "properties": {
        "name": "Unfinished Pyramid of Abusir",
        "name_en": "Unfinished Pyramid of Abusir",
        "type": "historic:monument",
        "category": "monument",
        "historic": "monument",
        "civilization": "ancient_egyptian",
        "wikidata": "Q1574230",
        "region": "Fayoum / Nile Delta"
      },
      "geometry": {
        "type": "Point",
        "coordinates": [
          31.20167,
          29.89861
        ]
      }
    },
    {
      "type": "Feature",
      "properties": {
        "name": "Qakare Ibi",
        "name_en": "Qakare Ibi",
        "type": "historic:monument",
        "category": "monument",
        "historic": "monument",
        "civilization": "ancient_egyptian",
        "wikidata": "Q373513",
        "region": "Fayoum / Nile Delta"
      },
      "geometry": {
        "type": "Point",
        "coordinates": [
          31.21778,
          29.84167
        ]
      }
    },
    {
      "type": "Feature",
      "properties": {
        "name": "Pyramid of Khui",
        "name_en": "Pyramid of Khui",
        "type": "historic:monument",
        "category": "monument",
        "historic": "monument",
        "civilization": "",
        "wikidata": "Q166248",
        "region": "Other"
      },
      "geometry": {
        "type": "Point",
        "coordinates": [
          30.87167,
          27.30778
        ]
      }
    },
    {
      "type": "Feature",
      "properties": {
        "name": "Northern Mazghuna pyramid",
        "name_en": "Northern Mazghuna pyramid",
        "type": "historic:archaeological_site",
        "category": "archaeological_site",
        "historic": "archaeological_site",
        "civilization": "",
        "wikidata": "Q2006734",
        "region": "Fayoum / Nile Delta"
      },
      "geometry": {
        "type": "Point",
        "coordinates": [
          31.22083,
          29.7675
        ]
      }
    },
    {
      "type": "Feature",
      "properties": {
        "name": "Pyramid of Reherishefnakht",
        "name_en": "Pyramid of Reherishefnakht",
        "type": "historic:tomb",
        "category": "other",
        "historic": "tomb",
        "civilization": "ancient_egyptian",
        "wikidata": "Q2138962",
        "region": "Fayoum / Nile Delta"
      },
      "geometry": {
        "type": "Point",
        "coordinates": [
          31.21778,
          29.85389
        ]
      }
    },
    {
      "type": "Feature",
      "properties": {
        "name": "Southern Mazghuna pyramid",
        "name_en": "Southern Mazghuna pyramid",
        "type": "historic:archaeological_site",
        "category": "archaeological_site",
        "historic": "archaeological_site",
        "civilization": "",
        "wikidata": "Q2381000",
        "region": "Fayoum / Nile Delta"
      },
      "geometry": {
        "type": "Point",
        "coordinates": [
          31.22083,
          29.76167
        ]
      }
    },
    {
      "type": "Feature",
      "properties": {
        "name": "SAK S 3",
        "name_en": "SAK S 3",
        "type": "historic:monument",
        "category": "monument",
        "historic": "monument",
        "civilization": "",
        "wikidata": "Q247189",
        "region": "Fayoum / Nile Delta"
      },
      "geometry": {
        "type": "Point",
        "coordinates": [
          31.223775,
          29.8339722
        ]
      }
    },
    {
      "type": "Feature",
      "properties": {
        "name": "Pyramid of Ahmose",
        "name_en": "Pyramid of Ahmose",
        "type": "historic:archaeological_site",
        "category": "archaeological_site",
        "historic": "archaeological_site",
        "civilization": "",
        "wikidata": "Q402041",
        "region": "Other"
      },
      "geometry": {
        "type": "Point",
        "coordinates": [
          31.93778,
          26.175
        ]
      }
    },
    {
      "type": "Feature",
      "properties": {
        "name": "Layer Pyramid",
        "name_en": "Layer Pyramid",
        "type": "historic:archaeological_site",
        "category": "archaeological_site",
        "historic": "archaeological_site",
        "civilization": "ancient_egyptian",
        "wikidata": "Q740691",
        "region": "Fayoum / Nile Delta"
      },
      "geometry": {
        "type": "Point",
        "coordinates": [
          31.161262,
          29.93282
        ]
      }
    },
    {
      "type": "Feature",
      "properties": {
        "name": "Gerf Hussein",
        "name_en": "Gerf Hussein",
        "type": "historic:monument",
        "category": "monument",
        "historic": "monument",
        "civilization": "",
        "wikidata": "Q267700",
        "region": "Upper Egypt / Nubia"
      },
      "geometry": {
        "type": "Point",
        "coordinates": [
          32.9,
          23.2833
        ]
      }
    },
    {
      "type": "Feature",
      "properties": {
        "name": "Temple of Dendur",
        "name_en": "Temple of Dendur",
        "type": "historic:monument",
        "category": "monument",
        "historic": "monument",
        "civilization": "",
        "wikidata": "Q1186970",
        "region": "Upper Egypt / Nubia"
      },
      "geometry": {
        "type": "Point",
        "coordinates": [
          32.95,
          23.38306
        ]
      }
    },
    {
      "type": "Feature",
      "properties": {
        "name": "Temple of Montu (Medamud)",
        "name_en": "Temple of Montu (Medamud)",
        "type": "historic:monument",
        "category": "monument",
        "historic": "monument",
        "civilization": "",
        "wikidata": "Q3517593",
        "region": "Luxor / Aswan"
      },
      "geometry": {
        "type": "Point",
        "coordinates": [
          32.7101722,
          25.7342389
        ]
      }
    },
    {
      "type": "Feature",
      "properties": {
        "name": "Temple of Ellesyia",
        "name_en": "Temple of Ellesyia",
        "type": "historic:monument",
        "category": "monument",
        "historic": "monument",
        "civilization": "",
        "wikidata": "Q3517517",
        "region": "Upper Egypt / Nubia"
      },
      "geometry": {
        "type": "Point",
        "coordinates": [
          31.962662,
          22.622568
        ]
      }
    },
    {
      "type": "Feature",
      "properties": {
        "name": "Temple of Taffeh",
        "name_en": "Temple of Taffeh",
        "type": "historic:monument",
        "category": "monument",
        "historic": "monument",
        "civilization": "",
        "wikidata": "Q978503",
        "region": "Upper Egypt / Nubia"
      },
      "geometry": {
        "type": "Point",
        "coordinates": [
          32.8721,
          23.6197
        ]
      }
    },
    {
      "type": "Feature",
      "properties": {
        "name": "WV24",
        "name_en": "WV24",
        "type": "historic:tomb",
        "category": "other",
        "historic": "tomb",
        "civilization": "",
        "wikidata": "Q200653",
        "region": "Luxor / Aswan"
      },
      "geometry": {
        "type": "Point",
        "coordinates": [
          32.5926485,
          25.7412769
        ]
      }
    },
    {
      "type": "Feature",
      "properties": {
        "name": "WV25",
        "name_en": "WV25",
        "type": "historic:tomb",
        "category": "other",
        "historic": "tomb",
        "civilization": "",
        "wikidata": "Q2300538",
        "region": "Luxor / Aswan"
      },
      "geometry": {
        "type": "Point",
        "coordinates": [
          32.5928011,
          25.7412351
        ]
      }
    },
    {
      "type": "Feature",
      "properties": {
        "name": "KV27",
        "name_en": "KV27",
        "type": "historic:tomb",
        "category": "other",
        "historic": "tomb",
        "civilization": "",
        "wikidata": "Q1976462",
        "region": "Luxor / Aswan"
      },
      "geometry": {
        "type": "Point",
        "coordinates": [
          32.6030956,
          25.7398279
        ]
      }
    },
    {
      "type": "Feature",
      "properties": {
        "name": "KV39",
        "name_en": "Amenhetep I tomb ?",
        "type": "historic:tomb",
        "category": "other",
        "historic": "tomb",
        "civilization": "",
        "wikidata": "Q1597218",
        "region": "Luxor / Aswan"
      },
      "geometry": {
        "type": "Point",
        "coordinates": [
          32.5998351,
          25.7364111
        ]
      }
    },
    {
      "type": "Feature",
      "properties": {
        "name": "Tomb ANB",
        "name_en": "Tomb ANB",
        "type": "historic:tomb",
        "category": "other",
        "historic": "tomb",
        "civilization": "",
        "wikidata": "Q295879",
        "region": "Luxor / Aswan"
      },
      "geometry": {
        "type": "Point",
        "coordinates": [
          32.57125,
          25.698583
        ]
      }
    },
    {
      "type": "Feature",
      "properties": {
        "name": "KV49",
        "name_en": "KV49",
        "type": "historic:tomb",
        "category": "other",
        "historic": "tomb",
        "civilization": "",
        "wikidata": "Q690563",
        "region": "Luxor / Aswan"
      },
      "geometry": {
        "type": "Point",
        "coordinates": [
          32.6005331,
          25.7399055
        ]
      }
    },
    {
      "type": "Feature",
      "properties": {
        "name": "KV52",
        "name_en": "Animal Tomb",
        "type": "historic:tomb",
        "category": "other",
        "historic": "tomb",
        "civilization": "",
        "wikidata": "Q525882",
        "region": "Luxor / Aswan"
      },
      "geometry": {
        "type": "Point",
        "coordinates": [
          32.6004529,
          25.7399713
        ]
      }
    },
    {
      "type": "Feature",
      "properties": {
        "name": "KV63",
        "name_en": "KV63",
        "type": "historic:tomb",
        "category": "other",
        "historic": "tomb",
        "civilization": "",
        "wikidata": "Q1109560",
        "region": "Luxor / Aswan"
      },
      "geometry": {
        "type": "Point",
        "coordinates": [
          32.6015094,
          25.7400839
        ]
      }
    },
    {
      "type": "Feature",
      "properties": {
        "name": "KV53",
        "name_en": "KV53",
        "type": "historic:tomb",
        "category": "other",
        "historic": "tomb",
        "civilization": "",
        "wikidata": "Q1719163",
        "region": "Luxor / Aswan"
      },
      "geometry": {
        "type": "Point",
        "coordinates": [
          32.6007716,
          25.7398086
        ]
      }
    },
    {
      "type": "Feature",
      "properties": {
        "name": "KV59",
        "name_en": "KV59",
        "type": "historic:tomb",
        "category": "other",
        "historic": "tomb",
        "civilization": "",
        "wikidata": "Q2133920",
        "region": "Luxor / Aswan"
      },
      "geometry": {
        "type": "Point",
        "coordinates": [
          32.6007094,
          25.7387243
        ]
      }
    },
    {
      "type": "Feature",
      "properties": {
        "name": "KV64",
        "name_en": "KV64",
        "type": "historic:tomb",
        "category": "other",
        "historic": "tomb",
        "civilization": "",
        "wikidata": "Q1061643",
        "region": "Luxor / Aswan"
      },
      "geometry": {
        "type": "Point",
        "coordinates": [
          32.601306,
          25.740167
        ]
      }
    },
    {
      "type": "Feature",
      "properties": {
        "name": "KV65",
        "name_en": "KV65",
        "type": "historic:tomb",
        "category": "other",
        "historic": "tomb",
        "civilization": "",
        "wikidata": "Q646967",
        "region": "Luxor / Aswan"
      },
      "geometry": {
        "type": "Point",
        "coordinates": [
          32.5940929,
          25.7421008
        ]
      }
    },
    {
      "type": "Feature",
      "properties": {
        "name": "KV58",
        "name_en": "Unknow",
        "type": "historic:tomb",
        "category": "other",
        "historic": "tomb",
        "civilization": "",
        "wikidata": "Q1465157",
        "region": "Luxor / Aswan"
      },
      "geometry": {
        "type": "Point",
        "coordinates": [
          32.6009074,
          25.7401172
        ]
      }
    },
    {
      "type": "Feature",
      "properties": {
        "name": "",
        "name_en": "Tomb of PANEHSY",
        "type": "attraction",
        "category": "other",
        "historic": "tomb",
        "civilization": "",
        "wikidata": null,
        "region": "Middle Egypt"
      },
      "geometry": {
        "type": "Point",
        "coordinates": [
          30.9299167,
          27.66116
        ]
      }
    },
    {
      "type": "Feature",
      "properties": {
        "name": "فيلة",
        "name_en": "Philae",
        "type": "attraction",
        "category": "other",
        "historic": "",
        "civilization": "",
        "wikidata": "Q245062",
        "region": "Luxor / Aswan"
      },
      "geometry": {
        "type": "Point",
        "coordinates": [
          32.8896278,
          24.0209719
        ]
      }
    },
    {
      "type": "Feature",
      "properties": {
        "name": "Heracleopolis Magna",
        "name_en": "Heracleopolis Magna",
        "type": "historic:archaeological_site",
        "category": "archaeological_site",
        "historic": "archaeological_site",
        "civilization": "ancient_egyptian",
        "wikidata": "Q249480",
        "region": "Fayoum / Nile Delta"
      },
      "geometry": {
        "type": "Point",
        "coordinates": [
          30.9345621,
          29.0855154
        ]
      }
    },
    {
      "type": "Feature",
      "properties": {
        "name": "Athribis (Upper Egypt)",
        "name_en": "Athribis (Upper Egypt)",
        "type": "historic:archaeological_site",
        "category": "archaeological_site",
        "historic": "archaeological_site",
        "civilization": "ancient_egyptian",
        "wikidata": "Q755738",
        "region": "Other"
      },
      "geometry": {
        "type": "Point",
        "coordinates": [
          31.6653555,
          26.5113586
        ]
      }
    },
    {
      "type": "Feature",
      "properties": {
        "name": "Buto",
        "name_en": "Buto",
        "type": "historic:archaeological_site",
        "category": "archaeological_site",
        "historic": "archaeological_site",
        "civilization": "ancient_egyptian",
        "wikidata": "Q739278",
        "region": "Cairo / Giza"
      },
      "geometry": {
        "type": "Point",
        "coordinates": [
          30.7444913,
          31.1963959
        ]
      }
    },
    {
      "type": "Feature",
      "properties": {
        "name": "Marsa Mubarak",
        "name_en": "Marsa Mares Bay",
        "type": "attraction",
        "category": "other",
        "historic": "",
        "civilization": "",
        "wikidata": "Q23946315",
        "region": "Other"
      },
      "geometry": {
        "type": "Point",
        "coordinates": [
          34.6521265,
          25.5095405
        ]
      }
    },
    {
      "type": "Feature",
      "properties": {
        "name": "",
        "name_en": "Famine Stela",
        "type": "attraction",
        "category": "archaeological_site",
        "historic": "archaeological_site",
        "civilization": "",
        "wikidata": "Q1419777",
        "region": "Luxor / Aswan"
      },
      "geometry": {
        "type": "Point",
        "coordinates": [
          32.8721805,
          24.0577562
        ]
      }
    },
    {
      "type": "Feature",
      "properties": {
        "name": "",
        "name_en": "Mummification Museum",
        "type": "museum",
        "category": "other",
        "historic": "",
        "civilization": "",
        "wikidata": "Q3330049",
        "region": "Luxor / Aswan"
      },
      "geometry": {
        "type": "Point",
        "coordinates": [
          32.6398801,
          25.7025345
        ]
      }
    },
    {
      "type": "Feature",
      "properties": {
        "name": "",
        "name_en": "N100 Rekhmire",
        "type": "historic:tomb",
        "category": "other",
        "historic": "tomb",
        "civilization": "",
        "wikidata": "Q634196",
        "region": "Luxor / Aswan"
      },
      "geometry": {
        "type": "Point",
        "coordinates": [
          32.607431,
          25.7313526
        ]
      }
    },
    {
      "type": "Feature",
      "properties": {
        "name": "TT56 Userhat",
        "name_en": "TT56 Userhat",
        "type": "historic:tomb",
        "category": "other",
        "historic": "tomb",
        "civilization": "",
        "wikidata": "Q3512466",
        "region": "Luxor / Aswan"
      },
      "geometry": {
        "type": "Point",
        "coordinates": [
          32.6086873,
          25.7305737
        ]
      }
    },
    {
      "type": "Feature",
      "properties": {
        "name": "TT55 Ramose",
        "name_en": "TT55 Ramose",
        "type": "historic:tomb",
        "category": "other",
        "historic": "tomb",
        "civilization": "",
        "wikidata": "Q602174",
        "region": "Luxor / Aswan"
      },
      "geometry": {
        "type": "Point",
        "coordinates": [
          32.6089461,
          25.7307612
        ]
      }
    },
    {
      "type": "Feature",
      "properties": {
        "name": "TT41 Amenemipet",
        "name_en": "TT41 Amenemipet",
        "type": "historic:tomb",
        "category": "other",
        "historic": "tomb",
        "civilization": "",
        "wikidata": "Q3512438",
        "region": "Luxor / Aswan"
      },
      "geometry": {
        "type": "Point",
        "coordinates": [
          32.6107193,
          25.7325731
        ]
      }
    },
    {
      "type": "Feature",
      "properties": {
        "name": "TT52 Nakht",
        "name_en": "TT52 Nakht",
        "type": "historic:tomb",
        "category": "other",
        "historic": "tomb",
        "civilization": "",
        "wikidata": "Q1540700",
        "region": "Luxor / Aswan"
      },
      "geometry": {
        "type": "Point",
        "coordinates": [
          32.6099256,
          25.7318452
        ]
      }
    },
    {
      "type": "Feature",
      "properties": {
        "name": "",
        "name_en": "TT96 Sennefer",
        "type": "historic:tomb",
        "category": "other",
        "historic": "tomb",
        "civilization": "",
        "wikidata": "Q16678842",
        "region": "Luxor / Aswan"
      },
      "geometry": {
        "type": "Point",
        "coordinates": [
          32.6067379,
          25.7313981
        ]
      }
    },
    {
      "type": "Feature",
      "properties": {
        "name": "TT57 Khaemhat",
        "name_en": "TT57 Khaemhat",
        "type": "historic:tomb",
        "category": "other",
        "historic": "tomb",
        "civilization": "",
        "wikidata": "Q3512462",
        "region": "Luxor / Aswan"
      },
      "geometry": {
        "type": "Point",
        "coordinates": [
          32.6087223,
          25.7304115
        ]
      }
    },
    {
      "type": "Feature",
      "properties": {
        "name": "Royal Tomb of Eknathon",
        "name_en": "Royal Tomb of Eknathon",
        "type": "attraction",
        "category": "other",
        "historic": "tomb",
        "civilization": "",
        "wikidata": null,
        "region": "Middle Egypt"
      },
      "geometry": {
        "type": "Point",
        "coordinates": [
          30.984953,
          27.6263998
        ]
      }
    },
    {
      "type": "Feature",
      "properties": {
        "name": "Northern tombs",
        "name_en": "Northern tombs",
        "type": "attraction",
        "category": "other",
        "historic": "tomb",
        "civilization": "",
        "wikidata": null,
        "region": "Middle Egypt"
      },
      "geometry": {
        "type": "Point",
        "coordinates": [
          30.9276322,
          27.6637328
        ]
      }
    },
    {
      "type": "Feature",
      "properties": {
        "name": "Northern tombs",
        "name_en": "Northern tombs",
        "type": "attraction",
        "category": "other",
        "historic": "tomb",
        "civilization": "",
        "wikidata": null,
        "region": "Middle Egypt"
      },
      "geometry": {
        "type": "Point",
        "coordinates": [
          30.9214041,
          27.6695042
        ]
      }
    },
    {
      "type": "Feature",
      "properties": {
        "name": "",
        "name_en": "Stelae \"U\", Athon's Sun-hymn",
        "type": "attraction",
        "category": "memorial",
        "historic": "memorial",
        "civilization": "",
        "wikidata": null,
        "region": "Middle Egypt"
      },
      "geometry": {
        "type": "Point",
        "coordinates": [
          30.9381625,
          27.6456245
        ]
      }
    },
    {
      "type": "Feature",
      "properties": {
        "name": "محطة الرمل",
        "name_en": "Mahatet El Raml",
        "type": "attraction",
        "category": "other",
        "historic": "",
        "civilization": "",
        "wikidata": "Q4518509",
        "region": "Cairo / Giza"
      },
      "geometry": {
        "type": "Point",
        "coordinates": [
          29.9013501,
          31.201541
        ]
      }
    },
    {
      "type": "Feature",
      "properties": {
        "name": "تمثال سعد زغلول",
        "name_en": "Saad Zaghloul Statue",
        "type": "artwork",
        "category": "monument",
        "historic": "monument",
        "civilization": "",
        "wikidata": "Q23976219",
        "region": "Cairo / Giza"
      },
      "geometry": {
        "type": "Point",
        "coordinates": [
          29.8994049,
          31.2009138
        ]
      }
    },
    {
      "type": "Feature",
      "properties": {
        "name": "تل الفرما",
        "name_en": "Ancient Roman City of Pelusium",
        "type": "attraction",
        "category": "other",
        "historic": "",
        "civilization": "",
        "wikidata": "Q1145715",
        "region": "Other"
      },
      "geometry": {
        "type": "Point",
        "coordinates": [
          32.5473404,
          31.0427587
        ]
      }
    },
    {
      "type": "Feature",
      "properties": {
        "name": "TT65 Nebamun/Imiseba/Monastery of Cyriacus",
        "name_en": "TT65 Nebamun/Imiseba/Monastery of Cyriacus",
        "type": "historic:tomb",
        "category": "other",
        "historic": "tomb",
        "civilization": "",
        "wikidata": "Q16511602",
        "region": "Luxor / Aswan"
      },
      "geometry": {
        "type": "Point",
        "coordinates": [
          32.6088898,
          25.73294
        ]
      }
    },
    {
      "type": "Feature",
      "properties": {
        "name": "",
        "name_en": "Pennut’s Tomb",
        "type": "attraction",
        "category": "other",
        "historic": "",
        "civilization": "",
        "wikidata": "Q47287693",
        "region": "Upper Egypt / Nubia"
      },
      "geometry": {
        "type": "Point",
        "coordinates": [
          32.2611775,
          22.7371389
        ]
      }
    },
    {
      "type": "Feature",
      "properties": {
        "name": "Large Temple at Sikait",
        "name_en": "Large Temple",
        "type": "historic:ruins",
        "category": "archaeological_site",
        "historic": "ruins",
        "civilization": "ancient_roman",
        "wikidata": "Q56083253",
        "region": "Other"
      },
      "geometry": {
        "type": "Point",
        "coordinates": [
          34.7970383,
          24.6308553
        ]
      }
    },
    {
      "type": "Feature",
      "properties": {
        "name": "TT359",
        "name_en": "TT359 Inherkha",
        "type": "historic:tomb",
        "category": "other",
        "historic": "tomb",
        "civilization": "",
        "wikidata": "Q2385386",
        "region": "Luxor / Aswan"
      },
      "geometry": {
        "type": "Point",
        "coordinates": [
          32.6006389,
          25.7276225
        ]
      }
    },
    {
      "type": "Feature",
      "properties": {
        "name": "Abu Mena UNESCO World Heritage Site",
        "name_en": "Church",
        "type": "historic:archaeological_site",
        "category": "archaeological_site",
        "historic": "archaeological_site",
        "civilization": "",
        "wikidata": "Q9278",
        "region": "Cairo / Giza"
      },
      "geometry": {
        "type": "Point",
        "coordinates": [
          29.6633763,
          30.8410692
        ]
      }
    },
    {
      "type": "Feature",
      "properties": {
        "name": "Pyramid of Sinki",
        "name_en": "Pyramid of Sinki",
        "type": "historic:ruins",
        "category": "archaeological_site",
        "historic": "ruins",
        "civilization": "ancient_egyptian",
        "wikidata": "Q1649679",
        "region": "Other"
      },
      "geometry": {
        "type": "Point",
        "coordinates": [
          31.9663767,
          26.1577874
        ]
      }
    },
    {
      "type": "Feature",
      "properties": {
        "name": "Bubasteion",
        "name_en": "Bubasteion",
        "type": "historic:archaeological_site",
        "category": "archaeological_site",
        "historic": "archaeological_site",
        "civilization": "ancient_egyptian",
        "wikidata": "Q997397",
        "region": "Fayoum / Nile Delta"
      },
      "geometry": {
        "type": "Point",
        "coordinates": [
          31.2239814,
          29.8735271
        ]
      }
    },
    {
      "type": "Feature",
      "properties": {
        "name": "لوحة أبي الهول",
        "name_en": "Sphinx Stele",
        "type": "attraction",
        "category": "memorial",
        "historic": "memorial",
        "civilization": "ancient_egyptian",
        "wikidata": null,
        "region": "Fayoum / Nile Delta"
      },
      "geometry": {
        "type": "Point",
        "coordinates": [
          31.1378372,
          29.9752684
        ]
      }
    },
    {
      "type": "Feature",
      "properties": {
        "name": "",
        "name_en": "Gebel Al-Silsila",
        "type": "historic:archaeological_site",
        "category": "archaeological_site",
        "historic": "archaeological_site",
        "civilization": "",
        "wikidata": "Q1261930",
        "region": "Luxor / Aswan"
      },
      "geometry": {
        "type": "Point",
        "coordinates": [
          32.9293463,
          24.6485729
        ]
      }
    },
    {
      "type": "Feature",
      "properties": {
        "name": "T178 Tomb of Neferronpet",
        "name_en": "T178 Tomb of Neferronpet",
        "type": "attraction",
        "category": "other",
        "historic": "",
        "civilization": "",
        "wikidata": "Q7671847",
        "region": "Luxor / Aswan"
      },
      "geometry": {
        "type": "Point",
        "coordinates": [
          32.6120936,
          25.7323707
        ]
      }
    },
    {
      "type": "Feature",
      "properties": {
        "name": "TT296 Tomb of Nefersekheru",
        "name_en": "TT296 Tomb of Nefersekheru",
        "type": "attraction",
        "category": "other",
        "historic": "",
        "civilization": "",
        "wikidata": "Q57468555",
        "region": "Luxor / Aswan"
      },
      "geometry": {
        "type": "Point",
        "coordinates": [
          32.6119684,
          25.7325104
        ]
      }
    },
    {
      "type": "Feature",
      "properties": {
        "name": "TT295 Tomb of Dhutmosi",
        "name_en": "TT295 Tomb of Dhutmosi",
        "type": "attraction",
        "category": "other",
        "historic": "",
        "civilization": "",
        "wikidata": "Q57468516",
        "region": "Luxor / Aswan"
      },
      "geometry": {
        "type": "Point",
        "coordinates": [
          32.6118587,
          25.7325183
        ]
      }
    },
    {
      "type": "Feature",
      "properties": {
        "name": "متحف كڤافيس",
        "name_en": "Cavafy Museum",
        "type": "museum",
        "category": "other",
        "historic": "",
        "civilization": "",
        "wikidata": "Q16327758",
        "region": "Cairo / Giza"
      },
      "geometry": {
        "type": "Point",
        "coordinates": [
          29.9012293,
          31.1976064
        ]
      }
    },
    {
      "type": "Feature",
      "properties": {
        "name": "Birket Habu",
        "name_en": "Birket Habu",
        "type": "historic:archaeological_site",
        "category": "archaeological_site",
        "historic": "archaeological_site",
        "civilization": "",
        "wikidata": "Q4087021",
        "region": "Luxor / Aswan"
      },
      "geometry": {
        "type": "Point",
        "coordinates": [
          32.5946069,
          25.7053045
        ]
      }
    },
    {
      "type": "Feature",
      "properties": {
        "name": "TT25",
        "name_en": "TT25",
        "type": "historic:archaeological_site",
        "category": "archaeological_site",
        "historic": "archaeological_site",
        "civilization": "ancient_egyptian",
        "wikidata": "Q3512413",
        "region": "Luxor / Aswan"
      },
      "geometry": {
        "type": "Point",
        "coordinates": [
          32.5999341,
          25.7333069
        ]
      }
    },
    {
      "type": "Feature",
      "properties": {
        "name": "",
        "name_en": "TT51 Userhat",
        "type": "historic:monument",
        "category": "monument",
        "historic": "monument",
        "civilization": "",
        "wikidata": "Q3512455",
        "region": "Luxor / Aswan"
      },
      "geometry": {
        "type": "Point",
        "coordinates": [
          32.610565,
          25.7303711
        ]
      }
    },
    {
      "type": "Feature",
      "properties": {
        "name": "",
        "name_en": "TT31 Khonsu",
        "type": "historic:monument",
        "category": "monument",
        "historic": "monument",
        "civilization": "",
        "wikidata": "Q3512422",
        "region": "Luxor / Aswan"
      },
      "geometry": {
        "type": "Point",
        "coordinates": [
          32.6105641,
          25.7304626
        ]
      }
    },
    {
      "type": "Feature",
      "properties": {
        "name": "Avaris/Ramesses",
        "name_en": "Avaris/Ramesses",
        "type": "historic:archaeological_site",
        "category": "archaeological_site",
        "historic": "archaeological_site",
        "civilization": "",
        "wikidata": "Q309282",
        "region": "Cairo / Giza"
      },
      "geometry": {
        "type": "Point",
        "coordinates": [
          31.822848,
          30.7860137
        ]
      }
    },
    {
      "type": "Feature",
      "properties": {
        "name": "رفح",
        "name_en": "Rafah",
        "type": "historic:ruins",
        "category": "archaeological_site",
        "historic": "ruins",
        "civilization": "",
        "wikidata": "Q2457100",
        "region": "Other"
      },
      "geometry": {
        "type": "Point",
        "coordinates": [
          34.2363417,
          31.2877055
        ]
      }
    },
    {
      "type": "Feature",
      "properties": {
        "name": "Ikhmindi",
        "name_en": "Ikhmindi",
        "type": "historic:archaeological_site",
        "category": "archaeological_site",
        "historic": "archaeological_site",
        "civilization": "",
        "wikidata": "Q1657670",
        "region": "Upper Egypt / Nubia"
      },
      "geometry": {
        "type": "Point",
        "coordinates": [
          32.6376268,
          23.0200187
        ]
      }
    },
    {
      "type": "Feature",
      "properties": {
        "name": "Column of Taharqa",
        "name_en": "Column of Taharqa",
        "type": "historic:monument",
        "category": "monument",
        "historic": "monument",
        "civilization": "",
        "wikidata": "Q124887901",
        "region": "Luxor / Aswan"
      },
      "geometry": {
        "type": "Point",
        "coordinates": [
          32.6572987,
          25.7187615
        ]
      }
    },
    {
      "type": "Feature",
      "properties": {
        "name": "Museum of Fine Arts",
        "name_en": "Museum of Fine Arts",
        "type": "museum",
        "category": "other",
        "historic": "",
        "civilization": "",
        "wikidata": "Q28162764",
        "region": "Cairo / Giza"
      },
      "geometry": {
        "type": "Point",
        "coordinates": [
          29.9135029,
          31.1950937
        ]
      }
    },
    {
      "type": "Feature",
      "properties": {
        "name": "",
        "name_en": "KV28",
        "type": "historic:tomb",
        "category": "other",
        "historic": "tomb",
        "civilization": "",
        "wikidata": "Q1719135",
        "region": "Luxor / Aswan"
      },
      "geometry": {
        "type": "Point",
        "coordinates": [
          32.6031015,
          25.7399015
        ]
      }
    },
    {
      "type": "Feature",
      "properties": {
        "name": "KV50",
        "name_en": "Animal Tomb",
        "type": "historic:tomb",
        "category": "other",
        "historic": "tomb",
        "civilization": "",
        "wikidata": "Q655583",
        "region": "Luxor / Aswan"
      },
      "geometry": {
        "type": "Point",
        "coordinates": [
          32.6004698,
          25.7399538
        ]
      }
    },
    {
      "type": "Feature",
      "properties": {
        "name": "Tomb of Nefertari-Merymut",
        "name_en": "Tomb of Nefertari-Merymut",
        "type": "historic:tomb",
        "category": "other",
        "historic": "tomb",
        "civilization": "",
        "wikidata": "Q846281",
        "region": "Luxor / Aswan"
      },
      "geometry": {
        "type": "Point",
        "coordinates": [
          32.5927058,
          25.7281459
        ]
      }
    },
    {
      "type": "Feature",
      "properties": {
        "name": "ليونتوبوليس",
        "name_en": "Leontopolis",
        "type": "historic:archaeological_site",
        "category": "archaeological_site",
        "historic": "archaeological_site",
        "civilization": "",
        "wikidata": "Q2372919",
        "region": "Other"
      },
      "geometry": {
        "type": "Point",
        "coordinates": [
          31.3326198,
          30.2934024
        ]
      }
    },
    {
      "type": "Feature",
      "properties": {
        "name": "Stele of Seti II",
        "name_en": "Stele of Seti II",
        "type": "historic:memorial",
        "category": "memorial",
        "historic": "memorial",
        "civilization": "ancient_egyptian",
        "wikidata": "Q124892333",
        "region": "Luxor / Aswan"
      },
      "geometry": {
        "type": "Point",
        "coordinates": [
          32.655993,
          25.7194979
        ]
      }
    },
    {
      "type": "Feature",
      "properties": {
        "name": "TT3 - Tomb of Pashedu",
        "name_en": "TT3 - Tomb of Pashedu",
        "type": "historic:archaeological_site",
        "category": "archaeological_site",
        "historic": "archaeological_site",
        "civilization": "ancient_egyptian",
        "wikidata": "Q538773",
        "region": "Luxor / Aswan"
      },
      "geometry": {
        "type": "Point",
        "coordinates": [
          32.6004259,
          25.7284926
        ]
      }
    },
    {
      "type": "Feature",
      "properties": {
        "name": "شفيع شلبي",
        "name_en": "Shafee Shalaby",
        "type": "historic:memorial",
        "category": "memorial",
        "historic": "memorial",
        "civilization": "",
        "wikidata": "Q125825548",
        "region": "Other"
      },
      "geometry": {
        "type": "Point",
        "coordinates": [
          30.4927693,
          29.3982729
        ]
      }
    },
    {
      "type": "Feature",
      "properties": {
        "name": "Fag el-Gamous Cemetery",
        "name_en": "Fag el-Gamous Cemetery",
        "type": "historic:archaeological_site",
        "category": "archaeological_site",
        "historic": "archaeological_site",
        "civilization": "ancient_egyptian",
        "wikidata": "Q22919830",
        "region": "Fayoum / Nile Delta"
      },
      "geometry": {
        "type": "Point",
        "coordinates": [
          31.0415622,
          29.3925614
        ]
      }
    },
    {
      "type": "Feature",
      "properties": {
        "name": "Speos Artemidos",
        "name_en": "Speos Artemidos",
        "type": "historic:archaeological_site",
        "category": "archaeological_site",
        "historic": "archaeological_site",
        "civilization": "",
        "wikidata": "Q378253",
        "region": "Middle Egypt"
      },
      "geometry": {
        "type": "Point",
        "coordinates": [
          30.8729888,
          27.9041464
        ]
      }
    },
    {
      "type": "Feature",
      "properties": {
        "name": "مقابر الأنفوشي",
        "name_en": "Tombs of Anfouchy",
        "type": "historic:archaeological_site",
        "category": "archaeological_site",
        "historic": "archaeological_site",
        "civilization": "",
        "wikidata": "Q20424374",
        "region": "Cairo / Giza"
      },
      "geometry": {
        "type": "Point",
        "coordinates": [
          29.8740445,
          31.202136
        ]
      }
    },
    {
      "type": "Feature",
      "properties": {
        "name": "S 9 (Abydos)",
        "name_en": "S 9 (Abydos)",
        "type": "historic:tomb",
        "category": "other",
        "historic": "tomb",
        "civilization": "",
        "wikidata": "Q38252217",
        "region": "Other"
      },
      "geometry": {
        "type": "Point",
        "coordinates": [
          31.9250733,
          26.1713576
        ]
      }
    },
    {
      "type": "Feature",
      "properties": {
        "name": "متحف رشيد",
        "name_en": "Rashid National Museum",
        "type": "museum",
        "category": "other",
        "historic": "",
        "civilization": "",
        "wikidata": "Q42332082",
        "region": "Cairo / Giza"
      },
      "geometry": {
        "type": "Point",
        "coordinates": [
          30.4221213,
          31.4048922
        ]
      }
    },
    {
      "type": "Feature",
      "properties": {
        "name": "Bakchias",
        "name_en": "Bakchias",
        "type": "historic:archaeological_site",
        "category": "archaeological_site",
        "historic": "archaeological_site",
        "civilization": "",
        "wikidata": "Q804269",
        "region": "Fayoum / Nile Delta"
      },
      "geometry": {
        "type": "Point",
        "coordinates": [
          31.007865,
          29.5410545
        ]
      }
    },
    {
      "type": "Feature",
      "properties": {
        "name": "Kom El Sultan",
        "name_en": "Kom El Sultan",
        "type": "historic:archaeological_site",
        "category": "archaeological_site",
        "historic": "archaeological_site",
        "civilization": "",
        "wikidata": "Q2751387",
        "region": "Other"
      },
      "geometry": {
        "type": "Point",
        "coordinates": [
          31.9111476,
          26.1925455
        ]
      }
    },
    {
      "type": "Feature",
      "properties": {
        "name": "TT184 Nefermenu",
        "name_en": "TT184 Nefermenu",
        "type": "historic:tomb",
        "category": "other",
        "historic": "tomb",
        "civilization": "",
        "wikidata": "Q7671849",
        "region": "Luxor / Aswan"
      },
      "geometry": {
        "type": "Point",
        "coordinates": [
          32.6126888,
          25.7321574
        ]
      }
    },
    {
      "type": "Feature",
      "properties": {
        "name": "أون",
        "name_en": "Ancient Heliopolis",
        "type": "historic:archaeological_site",
        "category": "archaeological_site",
        "historic": "archaeological_site",
        "civilization": "",
        "wikidata": "Q191687",
        "region": "Other"
      },
      "geometry": {
        "type": "Point",
        "coordinates": [
          31.3079279,
          30.1292477
        ]
      }
    },
    {
      "type": "Feature",
      "properties": {
        "name": "فورت لاكان (خط بارليف)",
        "name_en": "Fort Lakekan (Bar-Lev Line)",
        "type": "historic:fort",
        "category": "fort",
        "historic": "fort",
        "civilization": "",
        "wikidata": "Q763742",
        "region": "Other"
      },
      "geometry": {
        "type": "Point",
        "coordinates": [
          32.3401819,
          30.6216052
        ]
      }
    },
    {
      "type": "Feature",
      "properties": {
        "name": "ضريح أنور السادات",
        "name_en": "Mausoleum of Anwar Sadat",
        "type": "historic:tomb",
        "category": "other",
        "historic": "tomb",
        "civilization": "",
        "wikidata": "Q42013",
        "region": "Other"
      },
      "geometry": {
        "type": "Point",
        "coordinates": [
          31.3138664,
          30.0654033
        ]
      }
    },
    {
      "type": "Feature",
      "properties": {
        "name": "ضريح جمال عبد الناصر",
        "name_en": "Mausoleum of Gamal Abdel Nasser",
        "type": "historic:tomb",
        "category": "other",
        "historic": "tomb",
        "civilization": "",
        "wikidata": "Q39524",
        "region": "Other"
      },
      "geometry": {
        "type": "Point",
        "coordinates": [
          31.2942979,
          30.0833742
        ]
      }
    },
    {
      "type": "Feature",
      "properties": {
        "name": "قبر محمد مرسي",
        "name_en": "Grave of Mohammed Morsi",
        "type": "historic:tomb",
        "category": "other",
        "historic": "tomb",
        "civilization": "",
        "wikidata": "Q4631",
        "region": "Other"
      },
      "geometry": {
        "type": "Point",
        "coordinates": [
          31.3519114,
          30.0294477
        ]
      }
    },
    {
      "type": "Feature",
      "properties": {
        "name": "Kom el-Dahab",
        "name_en": "Kom el-Dahab",
        "type": "historic:archaeological_site",
        "category": "archaeological_site",
        "historic": "archaeological_site",
        "civilization": "",
        "wikidata": "Q18602572",
        "region": "Cairo / Giza"
      },
      "geometry": {
        "type": "Point",
        "coordinates": [
          31.8319992,
          31.3138467
        ]
      }
    },
    {
      "type": "Feature",
      "properties": {
        "name": "Isidos Polis tou Sebennytou",
        "name_en": "Isidos Polis tou Sebennytou",
        "type": "historic:archaeological_site",
        "category": "archaeological_site",
        "historic": "archaeological_site",
        "civilization": "",
        "wikidata": "Q111139910",
        "region": "Cairo / Giza"
      },
      "geometry": {
        "type": "Point",
        "coordinates": [
          31.3258533,
          31.0154001
        ]
      }
    }
  ]
}